Timestamp,Sample,Ciclo,Fase,Bridge VAB (V),KEITHLEY Voltaje (V),Bridge VA (V),Bridge VB (V),Bridge Current (A),TIVA Temp (C),Alicat Presion (kPA),Alicat Setpoint (kPA),Setpoint Enviado (kPA)
0.000738,1,1,subida,-0.006112,-0.006108,0.131315,0.000000,0.000000,25.266474,0.0,0.0,0.0
0.049850,2,1,subida,-0.006113,-0.006109,0.131019,0.000000,0.000000,25.265467,0.0,0.0,0.0
0.129766,3,1,subida,-0.006113,-0.006109,0.130907,0.000000,0.000000,25.264093,0.0,0.001,0.0
0.242396,4,1,subida,-0.006115,-0.006111,0.130569,0.000000,0.000000,25.263727,0.0,0.0,0.0
0.370408,5,1,subida,-0.006110,-0.006109,0.131563,0.000000,0.000000,25.266687,0.0,0.0,0.0
0.464782,6,1,subida,-0.006110,-0.006106,0.131752,0.000000,0.000000,25.266840,0.0,0.0,0.0
0.529583,7,1,subida,-0.006110,-0.006106,0.131732,0.000000,0.000000,25.264307,0.0,0.0,0.0
0.607722,8,1,subida,-0.006108,-0.006107,0.132055,0.000000,0.000000,25.265833,0.0,0.001,0.0
0.657398,9,1,subida,-0.006108,-0.006106,0.132070,0.000000,0.000000,25.260920,0.0,0.0,0.0
0.734079,10,1,subida,-0.006111,-0.006107,0.131476,0.000000,0.000000,25.266474,0.0,0.0,0.0
0.845414,11,1,subida,-0.006112,-0.006107,0.131289,0.000000,0.000000,25.265894,0.0,0.001,0.0
0.896030,12,1,subida,-0.006113,-0.006108,0.131050,0.000000,0.000000,25.264612,0.0,0.0,0.0
0.990021,13,1,subida,-0.006113,-0.006108,0.131047,0.000000,0.000000,25.265100,0.0,0.0,0.0
0.121092,15,1,subida,-0.002576,-0.002575,0.993534,0.000000,0.000000,25.267023,1.0,1.002,1.0
0.199636,16,1,subida,-0.002578,-0.002575,0.993149,0.000000,0.000000,25.267572,1.0,1.002,1.0
0.281917,17,1,subida,-0.002578,-0.002577,0.993241,0.000000,0.000000,25.267298,1.0,1.002,1.0
0.362794,18,1,subida,-0.002579,-0.002577,0.992876,0.000000,0.000000,25.262781,1.0,1.002,1.0
0.472095,19,1,subida,-0.002580,-0.002578,0.992631,0.000000,0.000000,25.268732,1.0,1.001,1.0
0.521431,20,1,subida,-0.002579,-0.002579,0.992835,0.000000,0.000000,25.270227,1.0,1.001,1.0
0.556242,21,1,subida,-0.002581,-0.002579,0.992337,0.000000,0.000000,25.267420,1.0,1.001,1.0
0.599712,22,1,subida,-0.002580,-0.002579,0.992551,0.000000,0.000000,25.267481,1.0,1.001,1.0
0.648215,23,1,subida,-0.002582,-0.002580,0.992080,0.000000,0.000000,25.269587,1.0,1.001,1.0
0.730764,24,1,subida,-0.002584,-0.002581,0.991755,0.000000,0.000000,25.266016,1.0,1.001,1.0
0.812553,25,1,subida,-0.002583,-0.002581,0.991972,0.000000,0.000000,25.270166,1.0,1.001,1.0
0.999134,26,1,subida,-0.002581,-0.002581,0.992360,0.000000,0.000000,25.266565,1.0,1.001,1.0
1.053136,27,1,subida,0.000978,0.000977,1.860363,0.000000,0.000000,25.269556,2.0,2.001,2.0
0.070721,28,1,subida,0.000975,0.000974,1.859819,0.000000,0.000000,25.270411,2.0,1.999,2.0
0.109406,29,1,subida,0.000975,0.000974,1.859761,0.000000,0.000000,25.273096,2.0,1.999,2.0
0.152408,30,1,subida,0.000975,0.000973,1.859631,0.000000,0.000000,25.273615,2.0,1.999,2.0
0.200350,31,1,subida,0.000974,0.000973,1.859557,0.000000,0.000000,25.269617,2.0,1.999,2.0
0.285409,32,1,subida,0.000973,0.000971,1.859253,0.000000,0.000000,25.272638,2.0,1.999,2.0
0.414917,33,1,subida,0.000972,0.000971,1.859113,0.000000,0.000000,25.269159,2.0,1.999,2.0
0.542121,34,1,subida,0.000971,0.000971,1.858818,0.000000,0.000000,25.269983,2.0,1.999,2.0
0.602655,35,1,subida,0.000972,0.000970,1.858955,0.000000,0.000000,25.272882,2.0,1.999,2.0
0.652621,36,1,subida,0.000971,0.000971,1.858674,0.000000,0.000000,25.268671,2.0,1.999,2.0
0.791480,37,1,subida,0.000972,0.000970,1.858968,0.000000,0.000000,25.270319,2.0,1.999,2.0
0.875126,38,1,subida,0.000971,0.000970,1.858685,0.000000,0.000000,25.271204,1.999,2.0,2.0
0.940640,39,1,subida,0.000971,0.000971,1.858685,0.000000,0.000000,25.273798,2.0,1.999,2.0
1.002676,40,1,subida,0.004541,0.004538,2.729570,0.000000,0.000000,25.269739,3.0,2.999,3.0
0.084675,41,1,subida,0.004541,0.004538,2.729409,0.000000,0.000000,25.276453,3.0,3.0,3.0
0.160335,42,1,subida,0.004541,0.004538,2.729388,0.000000,0.000000,25.274256,3.0,3.0,3.0
0.244252,43,1,subida,0.004541,0.004539,2.729562,0.000000,0.000000,25.273249,3.0,3.0,3.0
0.322448,44,1,subida,0.004542,0.004538,2.729706,0.000000,0.000000,25.275599,3.0,3.0,3.0
0.434690,45,1,subida,0.004540,0.004535,2.729333,0.000000,0.000000,25.274164,3.0,3.0,3.0
0.484480,46,1,subida,0.004542,0.004539,2.729785,0.000000,0.000000,25.274500,3.0,3.0,3.0
0.561131,47,1,subida,0.004543,0.004540,2.730049,0.000000,0.000000,25.274103,3.0,3.0,3.0
0.623048,48,1,subida,0.004544,0.004540,2.730213,0.000000,0.000000,25.271967,3.0,3.0,3.0
0.777751,49,1,subida,0.004541,0.004538,2.729580,0.000000,0.000000,25.275965,3.0,2.999,3.0
0.884650,50,1,subida,0.004540,0.004537,2.729264,0.000000,0.000000,25.276911,3.0,3.0,3.0
0.995996,51,1,subida,0.004539,0.004535,2.728889,0.000000,0.000000,25.275660,3.0,3.0,3.0
0.080253,53,1,subida,0.008157,0.008154,3.611560,0.000000,0.000000,25.272425,4.0,4.001,4.0
0.158833,54,1,subida,0.008159,0.008154,3.612022,0.000000,0.000000,25.274256,4.0,4.001,4.0
0.303221,55,1,subida,0.008158,0.008155,3.611739,0.000000,0.000000,25.272882,4.001,4.0,4.0
0.368131,56,1,subida,0.008158,0.008155,3.611791,0.000000,0.000000,25.273890,4.0,4.001,4.0
0.464684,57,1,subida,0.008160,0.008156,3.612214,0.000000,0.000000,25.274530,4.0,4.001,4.0
0.528000,58,1,subida,0.008166,0.008161,3.613678,0.000000,0.000000,25.272882,4.0,4.002,4.0
0.595559,59,1,subida,0.008165,0.008160,3.613289,0.000000,0.000000,25.277216,4.0,4.001,4.0
0.750460,60,1,subida,0.008163,0.008156,3.612815,0.000000,0.000000,25.276178,4.0,4.001,4.0
0.830632,61,1,subida,0.008162,0.008156,3.612636,0.000000,0.000000,25.268152,4.0,4.001,4.0
0.913461,62,1,subida,0.008160,0.008156,3.612236,0.000000,0.000000,25.274408,4.0,4.001,4.0
0.958939,63,1,subida,0.008159,0.008154,3.612060,0.000000,0.000000,25.271967,4.0,4.001,4.0
1.074423,64,1,subida,0.011442,0.011436,4.412755,0.000000,0.000000,25.275263,5.0,5.0,5.0
0.116733,65,1,subida,0.011444,0.011436,4.413073,0.000000,0.000000,25.274805,5.0,4.999,5.0
0.303708,66,1,subida,0.011440,0.011432,4.412250,0.000000,0.000000,25.273920,5.0,4.999,5.0
0.386393,67,1,subida,0.011441,0.011432,4.412403,0.000000,0.000000,25.273493,5.0,4.999,5.0
0.436710,68,1,subida,0.011438,0.011432,4.411803,0.000000,0.000000,25.273981,5.0,4.999,5.0
0.481608,69,1,subida,0.011440,0.011431,4.412121,0.000000,0.000000,25.274530,5.0,4.999,5.0
0.642185,70,1,subida,0.011439,0.011432,4.411948,0.000000,0.000000,25.274134,5.0,4.999,5.0
0.736266,71,1,subida,0.011441,0.011433,4.412477,0.000000,0.000000,25.276117,5.0,4.999,5.0
0.816143,72,1,subida,0.011438,0.011431,4.411742,0.000000,0.000000,25.272181,5.0,4.999,5.0
0.896265,73,1,subida,0.011439,0.011432,4.412004,0.000000,0.000000,25.273737,5.0,4.999,5.0
0.963631,74,1,subida,0.011441,0.011434,4.412554,0.000000,0.000000,25.276728,5.0,4.999,5.0
0.084397,76,1,subida,0.015012,0.015004,5.283515,0.000000,0.000000,25.273676,6.0,5.999,6.0
0.256716,77,1,subida,0.015012,0.015004,5.283502,0.000000,0.000000,25.271143,6.0,6.0,6.0
0.307485,78,1,subida,0.015013,0.015004,5.283704,0.000000,0.000000,25.272577,6.0,6.0,6.0
0.373967,79,1,subida,0.015013,0.015005,5.283714,0.000000,0.000000,25.275904,6.0,6.0,6.0
0.434297,80,1,subida,0.015015,0.015006,5.284196,0.000000,0.000000,25.271692,6.0,6.0,6.0
0.499957,81,1,subida,0.015015,0.015005,5.284084,0.000000,0.000000,25.274927,6.0,6.0,6.0
0.606029,82,1,subida,0.015013,0.015001,5.283565,0.000000,0.000000,25.275843,6.0,6.0,6.0
0.672206,83,1,subida,0.015011,0.015003,5.283089,0.000000,0.000000,25.274958,6.001,6.0,6.0
0.740476,84,1,subida,0.015012,0.015004,5.283459,0.000000,0.000000,25.275965,6.0,6.0,6.0
0.837084,85,1,subida,0.015013,0.015003,5.283539,0.000000,0.000000,25.272211,6.001,6.0,6.0
0.881546,86,1,subida,0.015012,0.015002,5.283464,0.000000,0.000000,25.273615,6.0,6.0,6.0
1.061002,87,1,subida,0.016660,0.016650,5.685326,0.000000,0.000000,25.272028,6.5,6.5,6.5
0.075525,88,1,subida,0.016661,0.016648,5.685562,0.000000,0.000000,25.272974,6.5,6.5,6.5
0.186516,89,1,subida,0.016660,0.016651,5.685380,0.000000,0.000000,25.268427,6.5,6.5,6.5
0.232016,90,1,subida,0.016662,0.016652,5.685879,0.000000,0.000000,25.272211,6.5,6.499,6.5
0.279129,91,1,subida,0.016662,0.016654,5.685964,0.000000,0.000000,25.267786,6.5,6.5,6.5
0.424260,92,1,subida,0.016659,0.016650,5.685150,0.000000,0.000000,25.271723,6.5,6.5,6.5
0.666283,93,1,subida,0.016663,0.016655,5.686017,0.000000,0.000000,25.270502,6.5,6.5,6.5
0.731751,94,1,subida,0.016668,0.016658,5.687339,0.000000,0.000000,25.271173,6.5,6.5,6.5
0.807684,95,1,subida,0.016668,0.016657,5.687433,0.000000,0.000000,25.270563,6.5,6.5,6.5
0.892372,96,1,subida,0.016680,0.016668,5.690331,0.000000,0.000000,25.270380,6.5,6.499,6.5
0.987148,97,1,subida,0.016710,0.016688,5.697585,0.000000,0.000000,25.269617,6.5,6.5,6.5
1.082508,98,1,subida,0.017630,0.017619,5.921885,0.000000,0.000000,25.272242,6.8,6.801,6.8
0.074741,99,1,subida,0.017628,0.017618,5.921374,0.000000,0.000000,25.270624,6.8,6.8,6.8
0.155737,100,1,subida,0.017627,0.017617,5.921237,0.000000,0.000000,25.271235,6.8,6.801,6.8
0.221258,101,1,subida,0.017628,0.017617,5.921404,0.000000,0.000000,25.270594,6.8,6.801,6.8
0.284485,102,1,subida,0.017632,0.017619,5.922387,0.000000,0.000000,25.269190,6.8,6.801,6.8
0.378448,103,1,subida,0.017636,0.017624,5.923337,0.000000,0.000000,25.272211,6.8,6.801,6.8
0.441770,104,1,subida,0.017635,0.017623,5.923075,0.000000,0.000000,25.268854,6.8,6.801,6.8
0.523764,105,1,subida,0.017637,0.017628,5.923594,0.000000,0.000000,25.271784,6.8,6.801,6.8
0.605069,106,1,subida,0.017634,0.017624,5.922955,0.000000,0.000000,25.273249,6.8,6.801,6.8
0.682803,107,1,subida,0.017634,0.017623,5.922985,0.000000,0.000000,25.271448,6.8,6.801,6.8
0.745312,108,1,subida,0.017635,0.017625,5.923179,0.000000,0.000000,25.270929,6.8,6.801,6.8
0.828822,109,1,subida,0.017638,0.017629,5.923988,0.000000,0.000000,25.270624,6.8,6.8,6.8
0.908492,110,1,subida,0.017641,0.017631,5.924596,0.000000,0.000000,25.273371,6.8,6.801,6.8
0.969394,111,1,subida,0.017642,0.017632,5.924950,0.000000,0.000000,25.274256,6.8,6.801,6.8
0.097884,113,1,bajada,0.016964,0.016954,5.759483,0.000000,0.000000,25.271418,6.5,6.49,6.5
0.352590,114,1,bajada,0.016967,0.016956,5.760124,0.000000,0.000000,25.269892,6.49,6.5,6.5
0.436997,115,1,bajada,0.016967,0.016955,5.760318,0.000000,0.000000,25.271143,6.49,6.5,6.5
0.513394,116,1,bajada,0.016965,0.016953,5.759694,0.000000,0.000000,25.272211,6.49,6.5,6.5
0.562402,117,1,bajada,0.016964,0.016952,5.759401,0.000000,0.000000,25.270685,6.5,6.49,6.5
0.596362,118,1,bajada,0.016962,0.016951,5.758994,0.000000,0.000000,25.272699,6.49,6.5,6.5
0.646198,119,1,bajada,0.016962,0.016951,5.758921,0.000000,0.000000,25.273005,6.5,6.489,6.5
0.721440,120,1,bajada,0.016956,0.016942,5.757656,0.000000,0.000000,25.275385,6.5,6.49,6.5
0.767451,121,1,bajada,0.016963,0.016952,5.759252,0.000000,0.000000,25.271082,6.5,6.49,6.5
0.870296,122,1,bajada,0.016965,0.016955,5.759764,0.000000,0.000000,25.271296,6.5,6.49,6.5
0.930006,123,1,bajada,0.016964,0.016953,5.759479,0.000000,0.000000,25.272272,6.5,6.49,6.5
1.014245,124,1,bajada,0.015133,0.015123,5.313023,0.000000,0.000000,25.271051,6.0,5.999,6.0
0.191058,125,1,bajada,0.015131,0.015121,5.312469,0.000000,0.000000,25.270807,6.0,5.991,6.0
0.280880,126,1,bajada,0.015135,0.015124,5.313323,0.000000,0.000000,25.273127,6.0,5.991,6.0
0.359602,127,1,bajada,0.015130,0.015123,5.312294,0.000000,0.000000,25.270441,6.0,5.991,6.0
0.436725,128,1,bajada,0.015131,0.015123,5.312508,0.000000,0.000000,25.271296,6.0,5.991,6.0
0.481588,129,1,bajada,0.015135,0.015125,5.313525,0.000000,0.000000,25.273310,6.0,5.991,6.0
0.568985,130,1,bajada,0.015137,0.015127,5.313932,0.000000,0.000000,25.271479,6.0,5.991,6.0
0.641928,131,1,bajada,0.015135,0.015126,5.313324,0.000000,0.000000,25.271204,6.0,5.991,6.0
0.725556,132,1,bajada,0.015131,0.015122,5.312525,0.000000,0.000000,25.273615,6.0,5.991,6.0
0.853909,133,1,bajada,0.015128,0.015121,5.311632,0.000000,0.000000,25.268030,6.0,5.99,6.0
0.912428,134,1,bajada,0.015127,0.015118,5.311464,0.000000,0.000000,25.270716,6.0,5.99,6.0
1.028750,135,1,bajada,0.011290,0.011283,4.375521,0.000000,0.000000,25.272028,4.998,5.0,5.0
0.076456,136,1,bajada,0.011292,0.011285,4.376124,0.000000,0.000000,25.269403,5.0,4.993,5.0
0.118600,137,1,bajada,0.011294,0.011287,4.376650,0.000000,0.000000,25.270197,5.0,4.993,5.0
0.200705,138,1,bajada,0.011293,0.011286,4.376385,0.000000,0.000000,25.268610,5.0,4.992,5.0
0.285105,139,1,bajada,0.011294,0.011288,4.376664,0.000000,0.000000,25.267328,5.0,4.992,5.0
0.428334,140,1,bajada,0.011298,0.011290,4.377546,0.000000,0.000000,25.272516,5.0,4.993,5.0
0.492090,141,1,bajada,0.011304,0.011298,4.379110,0.000000,0.000000,25.270441,5.0,4.992,5.0
0.556283,142,1,bajada,0.011308,0.011303,4.380046,0.000000,0.000000,25.271235,4.993,5.0,5.0
0.617597,143,1,bajada,0.011436,0.011450,4.411320,0.000000,0.000000,25.270868,5.0,4.992,5.0
0.683783,144,1,bajada,0.011533,0.011574,4.434768,0.000000,0.000000,25.270380,5.0,4.992,5.0
0.717357,145,1,bajada,0.011589,0.011603,4.448539,0.000000,0.000000,25.271509,4.992,5.0,5.0
0.857099,146,1,bajada,0.011551,0.011566,4.439343,0.000000,0.000000,25.269495,5.0,4.992,5.0
1.005463,147,1,bajada,0.007925,0.007921,3.554910,0.000000,0.000000,25.268030,4.0,3.999,4.0
0.074707,148,1,bajada,0.007926,0.007919,3.555033,0.000000,0.000000,25.268061,4.0,3.995,4.0
0.121765,149,1,bajada,0.007925,0.007919,3.554762,0.000000,0.000000,25.272272,3.995,4.0,4.0
0.204659,150,1,bajada,0.007925,0.007920,3.554967,0.000000,0.000000,25.268579,3.994,4.0,4.0
0.272157,151,1,bajada,0.007929,0.007925,3.555885,0.000000,0.000000,25.268610,4.0,3.995,4.0
0.334745,152,1,bajada,0.007932,0.007926,3.556554,0.000000,0.000000,25.270258,4.0,3.995,4.0
0.410880,153,1,bajada,0.007926,0.007925,3.555159,0.000000,0.000000,25.272058,4.0,3.995,4.0
0.510555,154,1,bajada,0.007934,0.007932,3.557117,0.000000,0.000000,25.269403,4.0,3.995,4.0
0.555325,155,1,bajada,0.007940,0.007936,3.558626,0.000000,0.000000,25.268061,4.0,3.995,4.0
0.602905,156,1,bajada,0.007941,0.007937,3.558733,0.000000,0.000000,25.271204,3.994,4.0,4.0
0.637576,157,1,bajada,0.007943,0.007937,3.559236,0.000000,0.000000,25.269648,4.0,3.994,4.0
0.676626,158,1,bajada,0.007941,0.007936,3.558881,0.000000,0.000000,25.267054,3.995,4.0,4.0
0.760385,159,1,bajada,0.007942,0.007936,3.558989,0.000000,0.000000,25.271051,4.0,3.995,4.0
0.827686,160,1,bajada,0.007942,0.007936,3.558961,0.000000,0.000000,25.271479,4.0,3.995,4.0
0.887931,161,1,bajada,0.007939,0.007936,3.558256,0.000000,0.000000,25.273005,4.0,3.995,4.0
0.974885,162,1,bajada,0.007936,0.007932,3.557531,0.000000,0.000000,25.272852,4.0,3.995,4.0
0.108135,164,1,bajada,0.004541,0.004538,2.729476,0.000000,0.000000,25.268305,3.0,2.997,3.0
0.165889,165,1,bajada,0.004539,0.004534,2.729104,0.000000,0.000000,25.269342,3.0,2.997,3.0
0.231550,166,1,bajada,0.004534,0.004532,2.727862,0.000000,0.000000,25.270624,3.0,2.997,3.0
0.278638,167,1,bajada,0.004540,0.004538,2.729182,0.000000,0.000000,25.270014,3.0,2.997,3.0
0.372880,168,1,bajada,0.004542,0.004539,2.729733,0.000000,0.000000,25.271845,3.0,2.998,3.0
0.466595,169,1,bajada,0.004542,0.004537,2.729623,0.000000,0.000000,25.270624,3.0,2.997,3.0
0.521026,170,1,bajada,0.004541,0.004537,2.729516,0.000000,0.000000,25.270929,3.0,2.997,3.0
0.598880,171,1,bajada,0.004539,0.004536,2.729029,0.000000,0.000000,25.270166,3.0,2.997,3.0
0.725225,172,1,bajada,0.004532,0.004528,2.727346,0.000000,0.000000,25.268549,3.0,2.997,3.0
0.805617,173,1,bajada,0.004540,0.004536,2.729244,0.000000,0.000000,25.269922,3.0,2.996,3.0
0.872743,174,1,bajada,0.004539,0.004537,2.729023,0.000000,0.000000,25.268763,3.0,2.997,3.0
0.916605,175,1,bajada,0.004540,0.004536,2.729179,0.000000,0.000000,25.273279,3.0,2.997,3.0
0.966520,176,1,bajada,0.004538,0.004537,2.728813,0.000000,0.000000,25.268793,3.0,2.996,3.0
1.048910,177,1,bajada,0.000944,0.000946,1.852208,0.000000,0.000000,25.272821,2.0,1.999,2.0
0.140439,178,1,bajada,0.000945,0.000946,1.852352,0.000000,0.000000,25.271997,2.0,1.996,2.0
0.218636,179,1,bajada,0.000945,0.000945,1.852499,0.000000,0.000000,25.272120,2.0,1.997,2.0
0.285661,180,1,bajada,0.000945,0.000946,1.852463,0.000000,0.000000,25.268793,2.0,1.997,2.0
0.362534,181,1,bajada,0.000956,0.000957,1.855010,0.000000,0.000000,25.268549,2.0,1.996,2.0
0.445326,182,1,bajada,0.000965,0.000965,1.857319,0.000000,0.000000,25.269922,2.0,1.996,2.0
0.630342,183,1,bajada,0.000969,0.000969,1.858232,0.000000,0.000000,25.271723,1.996,2.0,2.0
0.696709,184,1,bajada,0.000970,0.000970,1.858568,0.000000,0.000000,25.273737,2.0,1.996,2.0
0.762090,185,1,bajada,0.000972,0.000970,1.859007,0.000000,0.000000,25.270227,2.0,1.996,2.0
0.813632,186,1,bajada,0.000971,0.000970,1.858784,0.000000,0.000000,25.271936,2.0,1.996,2.0
0.940009,187,1,bajada,0.000972,0.000970,1.858914,0.000000,0.000000,25.271723,2.0,1.996,2.0
1.033828,188,1,bajada,-0.002590,-0.002588,0.990322,0.000000,0.000000,25.271936,1.0,0.998,1.0
0.080411,189,1,bajada,-0.002589,-0.002588,0.990478,0.000000,0.000000,25.272547,1.0,0.997,1.0
0.157514,190,1,bajada,-0.002590,-0.002588,0.990308,0.000000,0.000000,25.272272,1.0,0.997,1.0
0.287905,191,1,bajada,-0.002590,-0.002587,0.990335,0.000000,0.000000,25.272760,1.0,0.996,1.0
0.380270,192,1,bajada,-0.002589,-0.002589,0.990477,0.000000,0.000000,25.270990,1.0,0.996,1.0
0.429900,193,1,bajada,-0.002590,-0.002588,0.990234,0.000000,0.000000,25.275721,1.0,0.996,1.0
0.479876,194,1,bajada,-0.002589,-0.002588,0.990573,0.000000,0.000000,25.271875,1.0,0.996,1.0
0.513907,195,1,bajada,-0.002591,-0.002588,0.990061,0.000000,0.000000,25.270777,1.0,0.996,1.0
0.563953,196,1,bajada,-0.002590,-0.002589,0.990244,0.000000,0.000000,25.270105,1.0,0.996,1.0
0.766639,197,1,bajada,-0.002591,-0.002590,0.989952,0.000000,0.000000,25.271967,1.0,0.996,1.0
0.863948,198,1,bajada,-0.002591,-0.002590,0.990078,0.000000,0.000000,25.271936,1.0,0.996,1.0
0.930245,199,1,bajada,-0.002590,-0.002589,0.990258,0.000000,0.000000,25.269739,1.0,0.996,1.0
1.023768,200,1,bajada,-0.006089,-0.006085,0.136752,0.000000,0.000000,25.271051,0.0,0.0,0.0
0.084204,201,1,bajada,-0.006089,-0.006086,0.136793,0.000000,0.000000,25.274134,0.0,0.001,0.0
0.166721,202,1,bajada,-0.006090,-0.006087,0.136626,0.000000,0.000000,25.271845,0.0,0.001,0.0
0.243606,203,1,bajada,-0.006096,-0.006087,0.135087,0.000000,0.000000,25.273890,0.0,0.001,0.0
0.355423,204,1,bajada,-0.006095,-0.006087,0.135261,0.000000,0.000000,25.273401,0.0,0.001,0.0
0.434028,205,1,bajada,-0.006091,-0.006086,0.136310,0.000000,0.000000,25.271906,0.0,0.001,0.0
0.484275,206,1,bajada,-0.006091,-0.006086,0.136404,0.000000,0.000000,25.274103,0.0,0.001,0.0
0.561051,207,1,bajada,-0.006090,-0.006087,0.136530,0.000000,0.000000,25.272699,0.0,0.001,0.0
0.677376,208,1,bajada,-0.006091,-0.006088,0.136391,0.000000,0.000000,25.274073,0.0,0.001,0.0
0.727210,209,1,bajada,-0.006091,-0.006089,0.136198,0.000000,0.000000,25.272730,0.0,0.001,0.0
0.800580,210,1,bajada,-0.006098,-0.006098,0.134580,0.000000,0.000000,25.273829,0.0,0.001,0.0
0.114531,212,2,subida,-0.005884,-0.005885,0.186919,0.000000,0.000000,25.274652,0.0,0.001,0.0
0.163670,213,2,subida,-0.005875,-0.005870,0.188998,0.000000,0.000000,25.277277,0.0,0.001,0.0
0.231401,214,2,subida,-0.005877,-0.005876,0.188551,0.000000,0.000000,25.270685,0.0,0.0,0.0
0.274317,215,2,subida,-0.005876,-0.005865,0.188814,0.000000,0.000000,25.272455,0.0,0.0,0.0
0.401941,216,2,subida,-0.005875,-0.005873,0.189095,0.000000,0.000000,25.275599,0.0,0.001,0.0
0.481402,217,2,subida,-0.005870,-0.005866,0.190202,0.000000,0.000000,25.275446,0.0,0.001,0.0
0.534610,218,2,subida,-0.005865,-0.005862,0.191466,0.000000,0.000000,25.274805,0.0,0.0,0.0
0.630558,219,2,subida,-0.005864,-0.005862,0.191744,0.000000,0.000000,25.275324,0.0,0.0,0.0
0.707623,220,2,subida,-0.005870,-0.005866,0.190133,0.000000,0.000000,25.275751,0.0,0.0,0.0
0.818483,221,2,subida,-0.005880,-0.005877,0.187704,0.000000,0.000000,25.276514,0.0,0.001,0.0
0.883775,222,2,subida,-0.005886,-0.005885,0.186321,0.000000,0.000000,25.273523,0.0,0.001,0.0
0.918325,223,2,subida,-0.005885,-0.005877,0.186642,0.000000,0.000000,25.271997,0.0,0.0,0.0
0.964602,224,2,subida,-0.005880,-0.005876,0.187710,0.000000,0.000000,25.275141,0.0,0.001,0.0
1.013237,225,2,subida,-0.002539,-0.002538,1.002764,0.000000,0.000000,25.273432,1.0,0.976,1.0
0.078744,226,2,subida,-0.002538,-0.002537,1.002997,0.000000,0.000000,25.273523,1.0,0.999,1.0
0.251267,227,2,subida,-0.002540,-0.002538,1.002509,0.000000,0.000000,25.272058,1.0,0.999,1.0
0.317904,228,2,subida,-0.002538,-0.002538,1.002889,0.000000,0.000000,25.273005,1.0,0.999,1.0
0.378078,229,2,subida,-0.002538,-0.002537,1.002919,0.000000,0.000000,25.275049,1.0,0.999,1.0
0.431559,230,2,subida,-0.002538,-0.002538,1.002797,0.000000,0.000000,25.273188,1.0,0.999,1.0
0.477166,231,2,subida,-0.002539,-0.002538,1.002682,0.000000,0.000000,25.274256,1.0,0.999,1.0
0.526858,232,2,subida,-0.002540,-0.002537,1.002503,0.000000,0.000000,25.276178,1.0,0.999,1.0
0.684602,233,2,subida,-0.002541,-0.002539,1.002262,0.000000,0.000000,25.274012,1.0,0.999,1.0
0.778003,234,2,subida,-0.002542,-0.002542,1.001960,0.000000,0.000000,25.274714,1.0,0.999,1.0
0.845128,235,2,subida,-0.002544,-0.002543,1.001346,0.000000,0.000000,25.276636,1.0,0.999,1.0
0.889115,236,2,subida,-0.002545,-0.002543,1.001316,0.000000,0.000000,25.276270,1.0,0.999,1.0
0.988580,237,2,subida,-0.002543,-0.002542,1.001692,0.000000,0.000000,25.272913,1.0,0.999,1.0
1.055152,238,2,subida,0.000953,0.000951,1.854319,0.000000,0.000000,25.271357,1.987,2.0,2.0
0.123386,239,2,subida,0.000956,0.000954,1.855057,0.000000,0.000000,25.270594,2.003,2.0,2.0
0.268715,240,2,subida,0.000953,0.000952,1.854384,0.000000,0.000000,25.275507,2.0,2.002,2.0
0.316916,241,2,subida,0.000954,0.000952,1.854536,0.000000,0.000000,25.275293,2.0,2.003,2.0
0.416760,242,2,subida,0.000945,0.000944,1.852529,0.000000,0.000000,25.272791,2.0,2.003,2.0
0.523632,243,2,subida,0.000953,0.000952,1.854446,0.000000,0.000000,25.273371,2.003,2.0,2.0
0.603584,244,2,subida,0.000955,0.000954,1.854955,0.000000,0.000000,25.273310,2.003,2.0,2.0
0.704683,245,2,subida,0.000955,0.000952,1.854931,0.000000,0.000000,25.273310,2.0,2.003,2.0
0.780560,246,2,subida,0.000954,0.000953,1.854718,0.000000,0.000000,25.272577,2.0,2.003,2.0
0.873392,247,2,subida,0.000953,0.000952,1.854391,0.000000,0.000000,25.271143,2.0,2.003,2.0
0.924009,248,2,subida,0.000943,0.000942,1.852038,0.000000,0.000000,25.271967,2.003,2.0,2.0
1.070816,249,2,subida,0.004527,0.004525,2.726115,0.000000,0.000000,25.269739,3.0,2.978,3.0
0.076090,250,2,subida,0.004529,0.004524,2.726495,0.000000,0.000000,25.271723,3.0,3.0,3.0
0.169505,251,2,subida,0.004528,0.004524,2.726443,0.000000,0.000000,25.272089,3.0,3.001,3.0
0.237712,252,2,subida,0.004528,0.004526,2.726267,0.000000,0.000000,25.271235,3.0,3.001,3.0
0.282949,253,2,subida,0.004530,0.004527,2.726778,0.000000,0.000000,25.273645,3.0,3.0,3.0
0.397578,254,2,subida,0.004530,0.004527,2.726859,0.000000,0.000000,25.266932,3.0,3.0,3.0
0.461848,255,2,subida,0.004531,0.004527,2.727056,0.000000,0.000000,25.268122,3.0,3.001,3.0
0.553314,256,2,subida,0.004531,0.004526,2.726972,0.000000,0.000000,25.269220,3.0,3.0,3.0
0.601116,257,2,subida,0.004529,0.004526,2.726589,0.000000,0.000000,25.270288,3.0,3.001,3.0
0.650804,258,2,subida,0.004530,0.004527,2.726726,0.000000,0.000000,25.270990,3.0,3.001,3.0
0.717566,259,2,subida,0.004529,0.004526,2.726522,0.000000,0.000000,25.271051,3.0,3.001,3.0
0.762745,260,2,subida,0.004530,0.004526,2.726818,0.000000,0.000000,25.265192,3.0,3.001,3.0
0.818518,261,2,subida,0.004530,0.004526,2.726812,0.000000,0.000000,25.268244,3.0,3.001,3.0
0.902637,262,2,subida,0.004529,0.004526,2.726538,0.000000,0.000000,25.266443,3.0,3.001,3.0
0.969692,263,2,subida,0.004528,0.004526,2.726362,0.000000,0.000000,25.265863,3.0,3.001,3.0
1.047963,264,2,subida,0.008119,0.008113,3.602081,0.000000,0.000000,25.267603,4.0,4.0,4.0
0.073825,265,2,subida,0.008119,0.008113,3.602222,0.000000,0.000000,25.268457,4.0,4.0,4.0
0.121925,266,2,subida,0.008118,0.008114,3.601954,0.000000,0.000000,25.267633,4.0,3.999,4.0
0.200076,267,2,subida,0.008118,0.008113,3.602019,0.000000,0.000000,25.269251,4.0,4.0,4.0
0.300947,268,2,subida,0.008120,0.008114,3.602412,0.000000,0.000000,25.266077,4.0,4.0,4.0
0.395741,269,2,subida,0.008121,0.008114,3.602669,0.000000,0.000000,25.266932,4.0,4.0,4.0
0.445381,270,2,subida,0.008121,0.008115,3.602715,0.000000,0.000000,25.267633,4.0,4.0,4.0
0.526392,271,2,subida,0.008121,0.008115,3.602713,0.000000,0.000000,25.264917,4.0,3.999,4.0
0.605356,272,2,subida,0.008120,0.008115,3.602524,0.000000,0.000000,25.271357,4.0,4.0,4.0
0.701882,273,2,subida,0.008118,0.008115,3.602018,0.000000,0.000000,25.266748,4.0,4.0,4.0
0.811103,274,2,subida,0.008122,0.008116,3.602931,0.000000,0.000000,25.268671,4.0,4.0,4.0
0.905156,275,2,subida,0.008122,0.008117,3.602809,0.000000,0.000000,25.268793,4.0,4.0,4.0
0.972874,276,2,subida,0.008121,0.008117,3.602792,0.000000,0.000000,25.268183,4.0,4.0,4.0
1.049601,277,2,subida,0.011733,0.011727,4.483742,0.000000,0.000000,25.265406,4.999,5.0,5.0
0.113241,278,2,subida,0.011734,0.011727,4.483986,0.000000,0.000000,25.267603,5.0,5.0,5.0
0.162882,279,2,subida,0.011736,0.011728,4.484390,0.000000,0.000000,25.269495,5.0,5.0,5.0
0.290146,280,2,subida,0.011737,0.011729,4.484680,0.000000,0.000000,25.266565,5.0,5.0,5.0
0.408182,281,2,subida,0.011735,0.011728,4.484222,0.000000,0.000000,25.268335,5.0,4.999,5.0
0.479877,282,2,subida,0.011735,0.011727,4.484063,0.000000,0.000000,25.269434,5.0,5.0,5.0
0.513425,283,2,subida,0.011736,0.011728,4.484294,0.000000,0.000000,25.267603,5.0,4.999,5.0
0.561218,284,2,subida,0.011730,0.011722,4.482955,0.000000,0.000000,25.269190,5.0,4.999,5.0
0.622923,285,2,subida,0.011734,0.011728,4.483875,0.000000,0.000000,25.268000,5.0,5.0,5.0
0.673359,286,2,subida,0.011736,0.011728,4.484430,0.000000,0.000000,25.267237,5.0,4.999,5.0
0.722890,287,2,subida,0.011737,0.011728,4.484524,0.000000,0.000000,25.270288,5.0,4.999,5.0
0.766553,288,2,subida,0.011737,0.011728,4.484514,0.000000,0.000000,25.268396,5.0,5.0,5.0
0.863168,289,2,subida,0.011736,0.011727,4.484269,0.000000,0.000000,25.268671,4.999,5.0,5.0
0.929822,290,2,subida,0.011734,0.011726,4.483880,0.000000,0.000000,25.269129,5.0,5.0,5.0
0.086821,292,2,subida,0.015263,0.015254,5.344706,0.000000,0.000000,25.270380,6.0,6.0,6.0
0.195819,293,2,subida,0.015259,0.015240,5.343541,0.000000,0.000000,25.268763,6.0,6.0,6.0
0.245580,294,2,subida,0.015259,0.015248,5.343769,0.000000,0.000000,25.271235,6.0,6.0,6.0
0.367748,295,2,subida,0.015265,0.015255,5.345120,0.000000,0.000000,25.269556,6.0,6.0,6.0
0.451402,296,2,subida,0.015257,0.015246,5.343284,0.000000,0.000000,25.268702,6.0,6.0,6.0
0.518835,297,2,subida,0.015252,0.015242,5.342060,0.000000,0.000000,25.268976,6.0,6.0,6.0
0.562051,298,2,subida,0.015253,0.015241,5.342101,0.000000,0.000000,25.270197,6.0,6.0,6.0
0.611400,299,2,subida,0.015250,0.015239,5.341354,0.000000,0.000000,25.268457,6.0,6.0,6.0
0.678320,300,2,subida,0.015248,0.015236,5.340905,0.000000,0.000000,25.270502,6.0,6.0,6.0
0.724386,301,2,subida,0.015241,0.015228,5.339223,0.000000,0.000000,25.270258,6.0,6.0,6.0
0.768522,302,2,subida,0.015245,0.015236,5.340273,0.000000,0.000000,25.268091,6.0,6.0,6.0
0.851048,303,2,subida,0.015247,0.015238,5.340796,0.000000,0.000000,25.271784,6.0,6.0,6.0
0.929305,304,2,subida,0.015248,0.015237,5.340857,0.000000,0.000000,25.271235,6.0,5.999,6.0
0.083541,306,2,subida,0.016936,0.016924,5.752573,0.000000,0.000000,25.267023,6.5,6.5,6.5
0.159571,307,2,subida,0.016937,0.016924,5.752950,0.000000,0.000000,25.272791,6.5,6.5,6.5
0.209457,308,2,subida,0.016936,0.016924,5.752742,0.000000,0.000000,25.275721,6.5,6.499,6.5
0.290404,309,2,subida,0.016929,0.016918,5.751043,0.000000,0.000000,25.270319,6.5,6.5,6.5
0.448890,310,2,subida,0.016714,0.016651,5.698547,0.000000,0.000000,25.270197,6.5,6.499,6.5
0.516392,311,2,subida,0.016647,0.016621,5.682287,0.000000,0.000000,25.271601,6.5,6.499,6.5
0.675931,312,2,subida,0.016600,0.016581,5.670763,0.000000,0.000000,25.271601,6.5,6.499,6.5
0.755793,313,2,subida,0.016572,0.016557,5.664017,0.000000,0.000000,25.273493,6.5,6.499,6.5
0.833016,314,2,subida,0.016565,0.016552,5.662229,0.000000,0.000000,25.268854,6.5,6.499,6.5
0.932257,315,2,subida,0.016567,0.016556,5.662724,0.000000,0.000000,25.272913,6.5,6.5,6.5
1.009751,316,2,subida,0.017932,0.017920,5.995562,0.000000,0.000000,25.271906,6.8,6.784,6.8
0.199644,317,2,subida,0.017933,0.017922,5.995807,0.000000,0.000000,25.272791,6.8,6.801,6.8
0.235028,318,2,subida,0.017935,0.017921,5.996256,0.000000,0.000000,25.274439,6.802,6.8,6.8
0.309003,319,2,subida,0.017933,0.017921,5.995860,0.000000,0.000000,25.274408,6.8,6.801,6.8
0.374884,320,2,subida,0.017931,0.017920,5.995326,0.000000,0.000000,25.269678,6.8,6.801,6.8
0.451939,321,2,subida,0.017930,0.017919,5.995217,0.000000,0.000000,25.274195,6.8,6.801,6.8
0.518660,322,2,subida,0.017932,0.017920,5.995605,0.000000,0.000000,25.272364,6.8,6.801,6.8
0.579453,323,2,subida,0.017925,0.017908,5.993982,0.000000,0.000000,25.273340,6.8,6.801,6.8
0.657851,324,2,subida,0.017928,0.017917,5.994589,0.000000,0.000000,25.276697,6.8,6.801,6.8
0.739134,325,2,subida,0.017926,0.017915,5.994175,0.000000,0.000000,25.273462,6.8,6.801,6.8
0.804223,326,2,subida,0.017926,0.017914,5.994236,0.000000,0.000000,25.272394,6.8,6.801,6.8
0.869688,327,2,subida,0.017924,0.017913,5.993679,0.000000,0.000000,25.272150,6.8,6.801,6.8
0.074883,329,2,bajada,0.016787,0.016775,5.716304,0.000000,0.000000,25.274897,6.5,6.487,6.5
0.126207,330,2,bajada,0.016787,0.016775,5.716353,0.000000,0.000000,25.273218,6.5,6.487,6.5
0.187923,331,2,bajada,0.016786,0.016775,5.715994,0.000000,0.000000,25.275568,6.5,6.488,6.5
0.236500,332,2,bajada,0.016786,0.016775,5.716217,0.000000,0.000000,25.277521,6.5,6.487,6.5
0.333251,333,2,bajada,0.016785,0.016773,5.715805,0.000000,0.000000,25.272974,6.5,6.487,6.5
0.460458,334,2,bajada,0.016783,0.016773,5.715483,0.000000,0.000000,25.277246,6.5,6.487,6.5
0.540295,335,2,bajada,0.016784,0.016772,5.715523,0.000000,0.000000,25.276392,6.5,6.487,6.5
0.602154,336,2,bajada,0.016782,0.016771,5.715157,0.000000,0.000000,25.279932,6.5,6.487,6.5
0.636413,337,2,bajada,0.016783,0.016770,5.715453,0.000000,0.000000,25.276819,6.5,6.487,6.5
0.686528,338,2,bajada,0.016782,0.016770,5.715186,0.000000,0.000000,25.277704,6.5,6.487,6.5
0.796264,339,2,bajada,0.016782,0.016770,5.715015,0.000000,0.000000,25.272943,6.5,6.487,6.5
0.842873,340,2,bajada,0.016781,0.016771,5.714991,0.000000,0.000000,25.270563,6.5,6.487,6.5
0.889692,341,2,bajada,0.016786,0.016773,5.716010,0.000000,0.000000,25.275721,6.5,6.487,6.5
0.078773,343,2,bajada,0.015008,0.014998,5.282339,0.000000,0.000000,25.277369,6.0,5.99,6.0
0.111616,344,2,bajada,0.015009,0.014997,5.282726,0.000000,0.000000,25.274286,6.0,5.99,6.0
0.158938,345,2,bajada,0.015008,0.014998,5.282359,0.000000,0.000000,25.272272,6.0,5.99,6.0
0.192159,346,2,bajada,0.015009,0.014998,5.282607,0.000000,0.000000,25.275110,6.0,5.99,6.0
0.238045,347,2,bajada,0.015008,0.014997,5.282517,0.000000,0.000000,25.274500,6.0,5.99,6.0
0.288278,348,2,bajada,0.015005,0.014995,5.281800,0.000000,0.000000,25.276178,6.0,5.99,6.0
0.355946,349,2,bajada,0.015006,0.014997,5.281900,0.000000,0.000000,25.273523,6.0,5.99,6.0
0.399201,350,2,bajada,0.015008,0.014996,5.282418,0.000000,0.000000,25.271509,6.0,5.99,6.0
0.465509,351,2,bajada,0.015007,0.014997,5.282196,0.000000,0.000000,25.275080,5.989,6.0,6.0
0.527132,352,2,bajada,0.015004,0.014995,5.281547,0.000000,0.000000,25.273035,6.0,5.99,6.0
0.627405,353,2,bajada,0.015002,0.014992,5.281024,0.000000,0.000000,25.274408,5.989,6.0,6.0
0.703109,354,2,bajada,0.015001,0.014990,5.280624,0.000000,0.000000,25.273645,6.0,5.989,6.0
0.770308,355,2,bajada,0.014995,0.014983,5.279315,0.000000,0.000000,25.277002,6.0,5.99,6.0
0.844157,356,2,bajada,0.014997,0.014989,5.279736,0.000000,0.000000,25.275934,6.0,5.989,6.0
0.883302,357,2,bajada,0.014999,0.014989,5.280353,0.000000,0.000000,25.275690,6.0,5.989,6.0
0.960285,358,2,bajada,0.014998,0.014986,5.280022,0.000000,0.000000,25.274225,6.0,5.989,6.0
1.007326,359,2,bajada,0.011424,0.011416,4.408271,0.000000,0.000000,25.273920,5.0,4.998,5.0
0.152324,360,2,bajada,0.011426,0.011421,4.408868,0.000000,0.000000,25.277521,5.0,4.995,5.0
0.198709,361,2,bajada,0.011431,0.011426,4.410052,0.000000,0.000000,25.272943,5.0,4.994,5.0
0.232186,362,2,bajada,0.011436,0.011433,4.411226,0.000000,0.000000,25.272394,5.0,4.994,5.0
0.298044,363,2,bajada,0.011442,0.011434,4.412557,0.000000,0.000000,25.271601,5.0,4.994,5.0
0.361054,364,2,bajada,0.011435,0.011423,4.411008,0.000000,0.000000,25.275904,5.0,4.994,5.0
0.392679,365,2,bajada,0.011431,0.011420,4.409903,0.000000,0.000000,25.273371,5.0,4.995,5.0
0.437765,366,2,bajada,0.011424,0.011413,4.408261,0.000000,0.000000,25.275415,5.0,4.995,5.0
0.491562,367,2,bajada,0.011415,0.011407,4.406020,0.000000,0.000000,25.270868,5.0,4.995,5.0
0.571718,368,2,bajada,0.011413,0.011404,4.405524,0.000000,0.000000,25.271845,5.0,4.994,5.0
0.648206,369,2,bajada,0.011413,0.011405,4.405667,0.000000,0.000000,25.273066,5.0,4.994,5.0
0.731060,370,2,bajada,0.011409,0.011400,4.404703,0.000000,0.000000,25.275599,5.0,4.994,5.0
0.809486,371,2,bajada,0.011447,0.011437,4.413854,0.000000,0.000000,25.274836,5.0,4.994,5.0
0.935987,372,2,bajada,0.011446,0.011438,4.413656,0.000000,0.000000,25.272058,5.0,4.994,5.0
0.124210,374,2,bajada,0.007930,0.007924,3.556027,0.000000,0.000000,25.268976,4.0,3.992,4.0
0.194575,375,2,bajada,0.007933,0.007928,3.556721,0.000000,0.000000,25.271997,4.0,3.992,4.0
0.257900,376,2,bajada,0.007933,0.007928,3.556925,0.000000,0.000000,25.270075,4.0,3.992,4.0
0.311247,377,2,bajada,0.007934,0.007929,3.557178,0.000000,0.000000,25.271082,4.0,3.992,4.0
0.384409,378,2,bajada,0.007935,0.007929,3.557196,0.000000,0.000000,25.273371,4.0,3.992,4.0
0.444595,379,2,bajada,0.007933,0.007927,3.556705,0.000000,0.000000,25.270807,4.0,3.992,4.0
0.527668,380,2,bajada,0.007930,0.007926,3.556174,0.000000,0.000000,25.270594,4.0,3.992,4.0
0.641345,381,2,bajada,0.007929,0.007925,3.555898,0.000000,0.000000,25.270533,4.0,3.992,4.0
0.706479,382,2,bajada,0.007930,0.007925,3.555974,0.000000,0.000000,25.269159,4.0,3.992,4.0
0.765321,383,2,bajada,0.007931,0.007925,3.556257,0.000000,0.000000,25.270777,4.0,3.991,4.0
0.930382,384,2,bajada,0.007934,0.007927,3.556952,0.000000,0.000000,25.270350,4.0,3.992,4.0
0.104476,386,2,bajada,0.004445,0.004440,2.705987,0.000000,0.000000,25.268702,3.0,2.996,3.0
0.248525,387,2,bajada,0.004443,0.004441,2.705534,0.000000,0.000000,25.269617,3.0,2.995,3.0
0.439240,388,2,bajada,0.004446,0.004441,2.706308,0.000000,0.000000,25.271173,3.0,2.995,3.0
0.484371,389,2,bajada,0.004445,0.004440,2.706087,0.000000,0.000000,25.270502,3.0,2.995,3.0
0.565444,390,2,bajada,0.004444,0.004439,2.705798,0.000000,0.000000,25.270288,3.0,2.995,3.0
0.648558,391,2,bajada,0.004442,0.004438,2.705364,0.000000,0.000000,25.266687,3.0,2.995,3.0
0.725319,392,2,bajada,0.004441,0.004439,2.705146,0.000000,0.000000,25.268671,3.0,2.995,3.0
0.802028,393,2,bajada,0.004442,0.004436,2.705232,0.000000,0.000000,25.270472,3.0,2.995,3.0
0.904201,394,2,bajada,0.004443,0.004438,2.705551,0.000000,0.000000,25.268549,3.0,2.996,3.0
0.967440,395,2,bajada,0.004443,0.004438,2.705594,0.000000,0.000000,25.268122,3.0,2.995,3.0
0.081016,397,2,bajada,0.000940,0.000937,1.851147,0.000000,0.000000,25.267725,2.0,2.0,2.0
0.156185,398,2,bajada,0.000939,0.000940,1.851023,0.000000,0.000000,25.268732,2.0,2.001,2.0
0.227332,399,2,bajada,0.000941,0.000939,1.851377,0.000000,0.000000,25.266321,2.0,2.0,2.0
0.286223,400,2,bajada,0.000942,0.000940,1.851761,0.000000,0.000000,25.267817,2.0,2.0,2.0
0.383391,401,2,bajada,0.000942,0.000940,1.851601,0.000000,0.000000,25.271326,2.0,2.001,2.0
0.444421,402,2,bajada,0.000935,0.000935,1.850103,0.000000,0.000000,25.269678,2.0,2.0,2.0
0.543911,403,2,bajada,0.000931,0.000930,1.848985,0.000000,0.000000,25.272211,2.0,2.001,2.0
0.688514,404,2,bajada,0.000933,0.000932,1.849596,0.000000,0.000000,25.266260,2.0,2.0,2.0
0.766410,405,2,bajada,0.000940,0.000938,1.851177,0.000000,0.000000,25.271021,2.0,2.0,2.0
0.849726,406,2,bajada,0.000941,0.000940,1.851429,0.000000,0.000000,25.271540,2.0,2.001,2.0
0.927157,407,2,bajada,0.000941,0.000940,1.851498,0.000000,0.000000,25.270685,2.0,2.001,2.0
0.999988,408,2,bajada,0.000939,0.000932,1.850954,0.000000,0.000000,25.270411,2.0,2.001,2.0
1.105867,409,2,bajada,-0.002520,-0.002518,1.007348,0.000000,0.000000,25.272028,1.0,0.998,1.0
0.086429,410,2,bajada,-0.002515,-0.002514,1.008515,0.000000,0.000000,25.270868,1.0,0.999,1.0
0.202702,411,2,bajada,-0.002472,-0.002475,1.019063,0.000000,0.000000,25.274317,1.0,0.998,1.0
0.280221,412,2,bajada,-0.002442,-0.002446,1.026344,0.000000,0.000000,25.269495,1.0,0.999,1.0
0.328686,413,2,bajada,-0.002430,-0.002422,1.029186,0.000000,0.000000,25.270472,1.0,0.999,1.0
0.490533,414,2,bajada,-0.002428,-0.002431,1.029615,0.000000,0.000000,25.272547,1.0,0.999,1.0
0.600481,415,2,bajada,-0.002420,-0.002416,1.031752,0.000000,0.000000,25.269770,1.0,0.999,1.0
0.646245,416,2,bajada,-0.002413,-0.002411,1.033474,0.000000,0.000000,25.270411,1.0,0.999,1.0
0.730330,417,2,bajada,-0.002436,-0.002421,1.027804,0.000000,0.000000,25.273767,1.0,0.999,1.0
0.811315,418,2,bajada,-0.002462,-0.002461,1.021347,0.000000,0.000000,25.272730,1.0,0.999,1.0
0.919616,419,2,bajada,-0.002449,-0.002434,1.024584,0.000000,0.000000,25.268854,1.0,0.999,1.0
0.108282,421,2,bajada,-0.005907,-0.005903,0.181221,0.000000,0.000000,25.276270,0.001,0.0,0.0
0.167460,422,2,bajada,-0.005908,-0.005903,0.180948,0.000000,0.000000,25.272242,0.0,0.001,0.0
0.233529,423,2,bajada,-0.005910,-0.005905,0.180504,0.000000,0.000000,25.274805,0.0,0.001,0.0
0.281647,424,2,bajada,-0.005907,-0.005902,0.181250,0.000000,0.000000,25.273218,0.0,0.001,0.0
0.407752,425,2,bajada,-0.005908,-0.005904,0.180977,0.000000,0.000000,25.271387,0.0,0.001,0.0
0.488904,426,2,bajada,-0.005916,-0.005913,0.178919,0.000000,0.000000,25.271601,0.0,0.001,0.0
0.568155,427,2,bajada,-0.005915,-0.005910,0.179299,0.000000,0.000000,25.273310,0.0,0.001,0.0
0.648433,428,2,bajada,-0.005912,-0.005909,0.179941,0.000000,0.000000,25.272272,0.0,0.001,0.0
0.731862,429,2,bajada,-0.005910,-0.005908,0.180514,0.000000,0.000000,25.273096,0.0,0.001,0.0
0.889680,430,2,bajada,-0.005916,-0.005913,0.178980,0.000000,0.000000,25.273401,0.0,0.001,0.0
0.967834,431,2,bajada,-0.005914,-0.005910,0.179438,0.000000,0.000000,25.274530,0.0,0.001,0.0
