Timestamp,Sample,Ciclo,Fase,TIVA Voltage (V),TIVA Voltage w/FPB(V),KEITHLEY Voltage (V),TIVA Temp (C),Alicat Presion (kPA),Alicat Setpoint (kPA),Setpoint Enviado (kPA)
16:30:16,1,1,subida,-0.007458,-0.007457,-0.007459,10.650000,0.0,0.001,0.0
16:30:16,2,1,subida,-0.007458,-0.007457,-0.007459,10.650000,0.001,0.0,0.0
16:30:16,3,1,subida,-0.007456,-0.007457,-0.007462,10.650000,0.001,0.0,0.0
16:30:16,4,1,subida,-0.007455,-0.007457,-0.007461,10.650000,0.0,0.001,0.0
16:30:16,5,1,subida,-0.007456,-0.007457,-0.007461,10.650000,0.001,0.0,0.0
16:30:16,6,1,subida,-0.007457,-0.007457,-0.007460,10.650000,0.0,0.001,0.0
16:30:16,7,1,subida,-0.007457,-0.007457,-0.007461,10.650000,0.0,0.001,0.0
16:30:16,8,1,subida,-0.007457,-0.007457,-0.007460,10.650000,0.0,0.001,0.0
16:30:16,9,1,subida,-0.007458,-0.007457,-0.007463,10.650000,0.0,0.001,0.0
16:30:16,10,1,subida,-0.007458,-0.007457,-0.007458,10.650000,0.0,0.001,0.0
16:30:16,11,1,subida,-0.007458,-0.007457,-0.007462,10.650000,0.0,0.001,0.0
16:30:16,12,1,subida,-0.007458,-0.007457,-0.007460,10.650000,0.0,0.001,0.0
16:30:16,13,1,subida,-0.007460,-0.007458,-0.007462,10.650000,0.0,0.001,0.0
16:30:17,14,1,subida,-0.007461,-0.007458,-0.007461,10.650000,0.0,0.001,0.0
16:30:17,15,1,subida,-0.007461,-0.007458,-0.007459,10.650000,0.0,0.001,0.0
16:30:17,16,1,subida,-0.007460,-0.007458,-0.007459,10.650000,0.0,0.001,0.0
16:30:17,17,1,subida,-0.007459,-0.007458,-0.007459,10.650000,0.0,0.001,0.0
16:30:17,18,1,subida,-0.007458,-0.007458,-0.007462,10.650000,0.0,0.001,0.0
16:30:17,19,1,subida,-0.007458,-0.007458,-0.007460,10.650000,0.0,0.0,0.0
16:30:17,20,1,subida,-0.007459,-0.007458,-0.007457,10.650000,0.0,0.001,0.0
16:30:17,21,1,subida,-0.007460,-0.007459,-0.007458,10.650000,0.0,0.001,0.0
16:30:17,22,1,subida,-0.007461,-0.007459,-0.007456,10.650000,0.0,0.001,0.0
16:30:17,23,1,subida,-0.007462,-0.007459,-0.007457,10.650000,0.0,0.001,0.0
16:30:17,24,1,subida,-0.007464,-0.007460,-0.007456,10.650000,0.0,0.001,0.0
16:30:17,25,1,subida,-0.007465,-0.007460,-0.007456,10.650000,0.0,0.001,0.0
16:30:17,26,1,subida,-0.007463,-0.007460,-0.007455,10.650000,0.0,0.001,0.0
16:30:17,27,1,subida,-0.007463,-0.007461,-0.007458,10.650000,0.0,0.001,0.0
16:30:17,28,1,subida,-0.007463,-0.007461,-0.007456,10.650000,0.0,0.001,0.0
16:30:17,29,1,subida,-0.007463,-0.007461,-0.007454,10.650000,0.0,0.001,0.0
16:30:18,30,1,subida,-0.007463,-0.007461,-0.007458,10.650000,0.0,0.001,0.0
16:30:18,31,1,subida,-0.007463,-0.007461,-0.007455,10.650000,0.0,0.001,0.0
16:30:18,32,1,subida,-0.007464,-0.007462,-0.007458,10.650000,0.0,0.001,0.0
16:30:18,33,1,subida,-0.007465,-0.007462,-0.007457,10.650000,0.0,0.001,0.0
16:30:18,34,1,subida,-0.007463,-0.007462,-0.007457,10.650000,0.0,0.001,0.0
16:30:18,35,1,subida,-0.007462,-0.007462,-0.007456,10.650000,0.0,0.001,0.0
16:30:18,36,1,subida,-0.007463,-0.007462,-0.007456,10.650000,0.0,0.001,0.0
16:30:18,37,1,subida,-0.007464,-0.007462,-0.007457,10.650000,0.0,0.001,0.0
16:30:18,38,1,subida,-0.007464,-0.007462,-0.007458,10.650000,0.0,0.001,0.0
16:30:18,39,1,subida,-0.007463,-0.007463,-0.007457,10.650000,0.0,0.001,0.0
16:30:18,40,1,subida,-0.007463,-0.007463,-0.007457,10.650000,0.0,0.001,0.0
16:30:18,41,1,subida,-0.007463,-0.007463,-0.007456,10.650000,0.0,0.001,0.0
16:30:18,42,1,subida,-0.007464,-0.007463,-0.007455,10.650000,0.0,0.001,0.0
16:30:18,43,1,subida,-0.007463,-0.007463,-0.007457,10.650000,0.0,0.001,0.0
16:30:18,44,1,subida,-0.007462,-0.007463,-0.007456,10.650000,0.001,0.0,0.0
16:30:18,45,1,subida,-0.007463,-0.007463,-0.007459,10.650000,0.0,0.001,0.0
16:30:18,46,1,subida,-0.007464,-0.007463,-0.007458,10.650000,0.0,0.001,0.0
16:30:19,47,1,subida,-0.007463,-0.007463,-0.007456,10.650000,0.0,0.001,0.0
16:30:19,48,1,subida,-0.007462,-0.007463,-0.007454,10.650000,0.0,0.001,0.0
16:30:19,49,1,subida,-0.007461,-0.007463,-0.007454,10.650000,0.0,0.001,0.0
16:30:19,50,1,subida,-0.007460,-0.007462,-0.007452,10.650000,0.0,0.001,0.0
16:30:19,51,1,subida,-0.007460,-0.007462,-0.007451,10.650000,0.0,0.001,0.0
16:30:19,52,1,subida,-0.007460,-0.007462,-0.007451,10.650000,0.0,0.001,0.0
16:30:19,53,1,subida,-0.007459,-0.007462,-0.007452,10.650000,0.0,0.001,0.0
16:30:19,54,1,subida,-0.007459,-0.007461,-0.007454,10.650000,0.0,0.001,0.0
16:30:19,55,1,subida,-0.007460,-0.007461,-0.007453,10.650000,0.0,0.001,0.0
16:30:19,56,1,subida,-0.007459,-0.007461,-0.007454,10.650000,0.0,0.001,0.0
16:30:19,57,1,subida,-0.007459,-0.007461,-0.007454,10.650000,0.0,0.001,0.0
16:30:19,58,1,subida,-0.007460,-0.007461,-0.007454,10.650000,0.0,0.001,0.0
16:30:19,59,1,subida,-0.007460,-0.007461,-0.007452,10.650000,0.0,0.001,0.0
16:30:19,60,1,subida,-0.007460,-0.007461,-0.007453,10.650000,0.0,0.0,0.0
16:30:19,61,1,subida,-0.007460,-0.007461,-0.007452,10.650000,0.0,0.0,0.0
16:30:19,62,1,subida,-0.007460,-0.007460,-0.007452,10.650000,0.0,0.0,0.0
16:30:19,63,1,subida,-0.007459,-0.007460,-0.007451,10.650000,0.0,0.001,0.0
16:30:19,64,1,subida,-0.007461,-0.007460,-0.007450,10.650000,0.0,0.0,0.0
16:30:20,65,1,subida,-0.007461,-0.007460,-0.007451,10.650000,0.0,0.0,0.0
16:30:20,66,1,subida,-0.007460,-0.007460,-0.007452,10.650000,0.0,0.0,0.0
16:30:20,67,1,subida,-0.007459,-0.007460,-0.007453,10.650000,0.0,0.001,0.0
16:30:20,68,1,subida,-0.007459,-0.007460,-0.007453,10.650000,0.0,0.0,0.0
16:30:20,69,1,subida,-0.007460,-0.007460,-0.007451,10.650000,0.0,0.001,0.0
16:30:20,70,1,subida,-0.007461,-0.007460,-0.007451,10.650000,0.001,0.0,0.0
16:30:20,71,1,subida,-0.007461,-0.007460,-0.007452,10.650000,0.0,0.001,0.0
16:30:20,72,1,subida,-0.007462,-0.007460,-0.007453,10.650000,0.0,0.001,0.0
16:30:20,73,1,subida,-0.007462,-0.007461,-0.007454,10.650000,0.0,0.001,0.0
16:30:20,74,1,subida,-0.007461,-0.007461,-0.007453,10.650000,0.0,0.0,0.0
16:30:20,75,1,subida,-0.007460,-0.007461,-0.007453,10.650000,0.0,0.001,0.0
16:30:20,76,1,subida,-0.007460,-0.007460,-0.007456,10.650000,0.001,0.0,0.0
16:30:20,77,1,subida,-0.007459,-0.007460,-0.007455,10.650000,0.0,0.001,0.0
16:30:20,78,1,subida,-0.007458,-0.007460,-0.007457,10.650000,0.0,0.0,0.0
16:30:20,79,1,subida,-0.007457,-0.007460,-0.007455,10.650000,0.0,0.001,0.0
16:30:20,80,1,subida,-0.007456,-0.007459,-0.007457,10.650000,0.001,0.0,0.0
16:30:20,81,1,subida,-0.007455,-0.007459,-0.007458,10.650000,0.0,0.0,0.0
16:30:20,82,1,subida,-0.007455,-0.007459,-0.007459,10.650000,0.0,0.001,0.0
16:30:20,83,1,subida,-0.007454,-0.007458,-0.007457,10.650000,0.001,0.0,0.0
16:30:20,84,1,subida,-0.007455,-0.007458,-0.007459,10.650000,0.0,0.001,0.0
16:30:20,85,1,subida,-0.007457,-0.007458,-0.007459,10.650000,0.0,0.0,0.0
16:30:20,86,1,subida,-0.007457,-0.007458,-0.007459,10.650000,0.0,0.0,0.0
16:30:20,87,1,subida,-0.007457,-0.007458,-0.007457,10.650000,0.001,0.0,0.0
16:30:20,88,1,subida,-0.007457,-0.007458,-0.007456,10.650000,0.0,0.001,0.0
16:30:20,89,1,subida,-0.007457,-0.007457,-0.007453,10.650000,0.0,0.0,0.0
16:30:21,90,1,subida,-0.007457,-0.007457,-0.007456,10.650000,0.0,0.001,0.0
16:30:21,91,1,subida,-0.007456,-0.007457,-0.007456,10.650000,0.0,0.001,0.0
16:30:21,92,1,subida,-0.007456,-0.007457,-0.007457,10.650000,0.0,0.0,0.0
16:30:21,93,1,subida,-0.007456,-0.007457,-0.007457,10.650000,0.0,0.0,0.0
16:30:21,94,1,subida,-0.007456,-0.007457,-0.007456,10.650000,0.0,0.001,0.0
16:30:21,95,1,subida,-0.007455,-0.007457,-0.007456,10.650000,0.0,0.0,0.0
16:30:21,96,1,subida,-0.007454,-0.007456,-0.007456,10.650000,0.0,0.001,0.0
16:30:21,97,1,subida,-0.007454,-0.007456,-0.007454,10.650000,0.0,0.001,0.0
16:30:21,98,1,subida,-0.007454,-0.007456,-0.007457,10.650000,0.0,0.001,0.0
16:30:21,99,1,subida,-0.007455,-0.007456,-0.007456,10.650000,0.0,0.001,0.0
16:30:21,100,1,subida,-0.007455,-0.007456,-0.007457,10.650000,0.0,0.0,0.0
16:30:21,101,1,subida,-0.007455,-0.007456,-0.007456,10.650000,0.0,0.001,0.0
16:30:21,102,1,subida,-0.007455,-0.007456,-0.007456,10.650000,0.0,0.001,0.0
16:30:21,103,1,subida,-0.007456,-0.007456,-0.007455,10.650000,0.0,0.001,0.0
16:30:21,104,1,subida,-0.007456,-0.007456,-0.007459,10.650000,0.0,0.0,0.0
16:30:21,105,1,subida,-0.007456,-0.007456,-0.007461,10.650000,0.0,0.001,0.0
16:30:21,106,1,subida,-0.007458,-0.007456,-0.007458,10.650000,0.0,0.001,0.0
16:30:21,107,1,subida,-0.007460,-0.007456,-0.007456,10.650000,0.0,0.001,0.0
16:30:21,108,1,subida,-0.007459,-0.007457,-0.007457,10.650000,0.0,0.001,0.0
16:30:21,109,1,subida,-0.007459,-0.007457,-0.007456,10.650000,0.0,0.0,0.0
16:30:21,110,1,subida,-0.007460,-0.007457,-0.007458,10.650000,0.0,0.0,0.0
16:30:21,111,1,subida,-0.007461,-0.007458,-0.007458,10.650000,0.001,0.0,0.0
16:30:22,112,1,subida,-0.007461,-0.007458,-0.007458,10.650000,0.0,0.001,0.0
16:30:22,113,1,subida,-0.007461,-0.007458,-0.007457,10.650000,0.0,0.001,0.0
16:30:22,114,1,subida,-0.007462,-0.007459,-0.007458,10.650000,0.0,0.001,0.0
16:30:22,115,1,subida,-0.007462,-0.007459,-0.007455,10.650000,0.0,0.001,0.0
16:30:22,116,1,subida,-0.007460,-0.007459,-0.007455,10.650000,0.0,0.0,0.0
16:30:22,117,1,subida,-0.007458,-0.007459,-0.007453,10.650000,0.0,0.001,0.0
16:30:22,118,1,subida,-0.007457,-0.007459,-0.007456,10.650000,0.0,0.001,0.0
16:30:22,119,1,subida,-0.007458,-0.007459,-0.007455,10.650000,0.001,0.0,0.0
16:30:22,120,1,subida,-0.007459,-0.007459,-0.007456,10.650000,0.0,0.001,0.0
16:30:22,121,1,subida,-0.007460,-0.007459,-0.007458,10.650000,0.0,0.001,0.0
16:30:22,122,1,subida,-0.007459,-0.007459,-0.007456,10.650000,0.0,0.001,0.0
16:30:22,123,1,subida,-0.007459,-0.007459,-0.007458,10.650000,0.0,0.001,0.0
16:30:22,124,1,subida,-0.007458,-0.007459,-0.007458,10.650000,0.001,0.0,0.0
16:30:22,125,1,subida,-0.007458,-0.007459,-0.007457,10.650000,0.0,0.001,0.0
16:30:22,126,1,subida,-0.007458,-0.007459,-0.007455,10.650000,0.0,0.001,0.0
16:30:22,127,1,subida,-0.007459,-0.007459,-0.007458,10.650000,0.0,0.0,0.0
16:30:22,128,1,subida,-0.007459,-0.007459,-0.007458,10.650000,0.0,0.001,0.0
16:30:22,129,1,subida,-0.007458,-0.007459,-0.007456,10.650000,0.0,0.0,0.0
16:30:22,130,1,subida,-0.007459,-0.007459,-0.007457,10.650000,0.0,0.001,0.0
16:30:22,131,1,subida,-0.007461,-0.007459,-0.007456,10.650000,0.0,0.001,0.0
16:30:22,132,1,subida,-0.007462,-0.007459,-0.007456,10.650000,0.0,0.001,0.0
16:30:22,133,1,subida,-0.007461,-0.007459,-0.007455,10.650000,0.0,0.001,0.0
16:30:22,134,1,subida,-0.007459,-0.007459,-0.007456,10.650000,0.0,0.001,0.0
16:30:23,135,1,subida,-0.007460,-0.007459,-0.007454,10.650000,0.0,0.001,0.0
16:30:23,136,1,subida,-0.007461,-0.007460,-0.007455,10.650000,0.0,0.001,0.0
16:30:23,137,1,subida,-0.007460,-0.007460,-0.007455,10.650000,0.0,0.001,0.0
16:30:23,138,1,subida,-0.007460,-0.007460,-0.007457,10.650000,0.0,0.001,0.0
16:30:23,139,1,subida,-0.007460,-0.007460,-0.007453,10.650000,0.0,0.0,0.0
16:30:23,140,1,subida,-0.007459,-0.007460,-0.007453,10.650000,0.0,0.001,0.0
16:30:23,141,1,subida,-0.007457,-0.007459,-0.007453,10.650000,0.0,0.001,0.0
16:30:23,142,1,subida,-0.007458,-0.007459,-0.007453,10.650000,0.0,0.001,0.0
16:30:23,143,1,subida,-0.007458,-0.007459,-0.007452,10.650000,0.0,0.001,0.0
16:30:23,144,1,subida,-0.007457,-0.007459,-0.007451,10.650000,0.0,0.001,0.0
16:30:23,145,1,subida,-0.007459,-0.007459,-0.007453,10.650000,0.0,0.0,0.0
16:30:23,146,1,subida,-0.007459,-0.007459,-0.007453,10.650000,0.0,0.0,0.0
16:30:23,147,1,subida,-0.007460,-0.007459,-0.007454,10.650000,0.0,0.0,0.0
16:30:23,148,1,subida,-0.007461,-0.007459,-0.007453,10.650000,0.0,0.001,0.0
16:30:23,149,1,subida,-0.007460,-0.007459,-0.007450,10.650000,0.0,0.0,0.0
16:30:23,150,1,subida,-0.007459,-0.007459,-0.007449,10.650000,0.0,0.001,0.0
16:30:23,151,1,subida,-0.007459,-0.007459,-0.007449,10.650000,0.0,0.0,0.0
16:30:23,152,1,subida,-0.007460,-0.007459,-0.007451,10.650000,0.0,0.001,0.0
16:30:23,153,1,subida,-0.007460,-0.007459,-0.007449,10.650000,0.001,0.0,0.0
16:30:23,154,1,subida,-0.007459,-0.007459,-0.007449,10.650000,0.0,0.0,0.0
16:30:23,155,1,subida,-0.007458,-0.007459,-0.007450,10.650000,0.0,0.001,0.0
16:30:23,156,1,subida,-0.007458,-0.007459,-0.007451,10.650000,0.0,0.0,0.0
16:30:23,157,1,subida,-0.007458,-0.007459,-0.007449,10.650000,0.0,0.001,0.0
16:30:23,158,1,subida,-0.007458,-0.007459,-0.007449,10.650000,0.0,0.0,0.0
16:30:24,159,1,subida,-0.007458,-0.007459,-0.007449,10.650000,0.0,0.0,0.0
16:30:24,160,1,subida,-0.007458,-0.007459,-0.007448,10.650000,0.0,0.001,0.0
16:30:24,161,1,subida,-0.007456,-0.007458,-0.007450,10.650000,0.0,0.0,0.0
16:30:24,162,1,subida,-0.007455,-0.007458,-0.007450,10.650000,0.0,0.0,0.0
16:30:24,163,1,subida,-0.007456,-0.007458,-0.007451,10.650000,0.0,0.001,0.0
16:30:24,164,1,subida,-0.007455,-0.007458,-0.007451,10.650000,0.0,0.0,0.0
16:30:24,165,1,subida,-0.007455,-0.007457,-0.007451,10.650000,0.0,0.001,0.0
16:30:24,166,1,subida,-0.007455,-0.007457,-0.007452,10.650000,0.0,0.0,0.0
16:30:24,167,1,subida,-0.007456,-0.007457,-0.007451,10.650000,0.0,0.001,0.0
16:30:24,168,1,subida,-0.007456,-0.007457,-0.007451,10.650000,0.0,0.001,0.0
16:30:24,169,1,subida,-0.007454,-0.007457,-0.007453,10.650000,0.0,0.0,0.0
16:30:24,170,1,subida,-0.007453,-0.007456,-0.007453,10.650000,0.0,0.0,0.0
16:30:24,171,1,subida,-0.007453,-0.007456,-0.007452,10.650000,0.0,0.001,0.0
16:30:24,172,1,subida,-0.007453,-0.007456,-0.007453,10.650000,0.0,0.0,0.0
16:30:24,173,1,subida,-0.007453,-0.007455,-0.007453,10.650000,0.001,0.0,0.0
16:30:24,174,1,subida,-0.007453,-0.007455,-0.007454,10.650000,0.0,0.001,0.0
16:30:24,175,1,subida,-0.007453,-0.007455,-0.007454,10.650000,0.0,0.0,0.0
16:30:24,176,1,subida,-0.007453,-0.007455,-0.007455,10.650000,0.0,0.0,0.0
16:30:24,177,1,subida,-0.007452,-0.007455,-0.007454,10.650000,0.0,0.001,0.0
16:30:25,178,1,subida,-0.007451,-0.007454,-0.007452,10.650000,0.0,0.0,0.0
16:30:25,179,1,subida,-0.007452,-0.007454,-0.007451,10.650000,0.0,0.001,0.0
16:30:25,180,1,subida,-0.007453,-0.007454,-0.007452,10.650000,0.0,0.001,0.0
16:30:25,181,1,subida,-0.007453,-0.007454,-0.007453,10.650000,0.0,0.001,0.0
16:30:25,182,1,subida,-0.007454,-0.007454,-0.007452,10.650000,0.0,0.0,0.0
16:30:25,183,1,subida,-0.007454,-0.007454,-0.007453,10.650000,0.0,0.0,0.0
16:30:25,184,1,subida,-0.007454,-0.007454,-0.007454,10.650000,0.0,0.001,0.0
16:30:25,185,1,subida,-0.007454,-0.007454,-0.007452,10.650000,0.0,0.0,0.0
16:30:25,186,1,subida,-0.007454,-0.007454,-0.007454,10.650000,0.0,0.001,0.0
16:30:25,187,1,subida,-0.007456,-0.007454,-0.007454,10.650000,0.0,0.001,0.0
16:30:25,188,1,subida,-0.007456,-0.007454,-0.007452,10.650000,0.0,0.0,0.0
16:30:25,189,1,subida,-0.007455,-0.007454,-0.007454,10.650000,0.0,0.001,0.0
16:30:25,190,1,subida,-0.007455,-0.007454,-0.007454,10.660000,0.0,0.0,0.0
16:30:25,191,1,subida,-0.007456,-0.007455,-0.007456,10.660000,0.0,0.0,0.0
16:30:25,192,1,subida,-0.007456,-0.007455,-0.007456,10.650000,0.0,0.001,0.0
16:30:25,193,1,subida,-0.007457,-0.007455,-0.007454,10.650000,0.0,0.0,0.0
16:30:25,194,1,subida,-0.007457,-0.007455,-0.007452,10.660000,0.0,0.0,0.0
16:30:25,195,1,subida,-0.007458,-0.007455,-0.007452,10.660000,0.0,0.001,0.0
16:30:25,196,1,subida,-0.007458,-0.007456,-0.007453,10.660000,0.0,0.001,0.0
16:30:26,197,1,subida,-0.007456,-0.007456,-0.007453,10.660000,0.0,0.001,0.0
16:30:26,198,1,subida,-0.007455,-0.007456,-0.007454,10.660000,0.0,0.0,0.0
16:30:26,199,1,subida,-0.007455,-0.007456,-0.007455,10.660000,0.0,0.001,0.0
16:30:26,200,1,subida,-0.007456,-0.007456,-0.007458,10.660000,0.001,0.0,0.0
16:30:26,201,1,subida,-0.007455,-0.007456,-0.007457,10.660000,0.0,0.001,0.0
16:30:26,202,1,subida,-0.007457,-0.007456,-0.007456,10.660000,0.001,0.0,0.0
16:30:26,203,1,subida,-0.007457,-0.007456,-0.007456,10.660000,0.0,0.001,0.0
16:30:26,204,1,subida,-0.007455,-0.007456,-0.007456,10.660000,0.0,0.0,0.0
16:30:26,205,1,subida,-0.007456,-0.007456,-0.007457,10.660000,0.0,0.0,0.0
16:30:26,206,1,subida,-0.007457,-0.007456,-0.007456,10.660000,0.0,0.0,0.0
16:30:26,207,1,subida,-0.007456,-0.007456,-0.007457,10.660000,0.0,0.001,0.0
16:30:26,208,1,subida,-0.007457,-0.007456,-0.007458,10.660000,0.001,0.0,0.0
16:30:26,209,1,subida,-0.007459,-0.007456,-0.007464,10.660000,0.0,0.001,0.0
16:30:26,210,1,subida,-0.007457,-0.007456,-0.007465,10.660000,0.0,0.001,0.0
16:30:26,211,1,subida,-0.007458,-0.007457,-0.007467,10.660000,0.001,0.0,0.0
16:30:26,212,1,subida,-0.007457,-0.007457,-0.007466,10.660000,0.0,0.0,0.0
16:30:26,213,1,subida,-0.007457,-0.007457,-0.007466,10.660000,0.0,0.001,0.0
16:30:26,214,1,subida,-0.007456,-0.007457,-0.007464,10.660000,0.0,0.0,0.0
16:30:26,215,1,subida,-0.007456,-0.007457,-0.007463,10.660000,0.0,0.001,0.0
