Time (s), TIVA Raw
0.00054, -0.005089477636
0.00271, -0.00505788892
0.004674, -0.004975132761
0.006661, -0.004823372001
0.008474, -0.004630937474
0.010924, -0.004469736305
0.013228, -0.004343250184
0.015509, -0.004224155564
0.01797, -0.004099743383
0.019811, -0.004001056368
0.021594, -0.004025169183
0.024004, -0.00416282739
0.026103, -0.004317476123
0.028824, -0.004456313036
0.030784, -0.004572762991
0.032868, -0.004672321084
0.035246, -0.004760741722
0.037072, -0.004830134567
0.043977, -0.004894468002
0.046146, -0.004910879652
0.049055, -0.004947026027
0.051781, -0.004995725467
0.05398, -0.005033286288
0.056238, -0.005055540241
0.058096, -0.005073171924
0.059926, -0.005086829769
0.06173, -0.005096006789
0.064091, -0.005105070304
0.066613, -0.005110912025
0.068508, -0.005115130334
0.070298, -0.005119129201
0.07211, -0.005121053546
0.074556, -0.005121527356
0.076947, -0.00512220955
0.078876, -0.005122942384
0.080811, -0.005121369031
0.082794, -0.005120357964
0.084874, -0.005119097186
0.087559, -0.005116776447
0.134777, -0.005115728127
0.186727, -0.005114607629
0.238645, -0.005113757215
0.291086, -0.005114632659
0.343532, -0.005116120447
0.395314, -0.00511529739
0.447461, -0.005113963853
0.499489, -0.00511186372
0.551486, -0.005107844481
0.603591, -0.005105320015
0.655874, -0.005103907315
0.708144, -0.005108631449
0.760236, -0.005106376484
0.812262, -0.005097877001
0.8645, -0.00509696838
0.916488, -0.005096108071
0.968673, -0.00509634905
1.020819, -0.005097288522
1.073193, -0.005096030072
1.124908, -0.005059875548
1.177269, -0.004973244504
1.229389, -0.004824129574
1.281645, -0.004629448522
1.333649, -0.00446461112
1.386036, -0.004342275206
1.438073, -0.004225788289
1.489973, -0.004103760584
1.542141, -0.004013915022
1.594262, -0.004047264229
1.646433, -0.004185553989
1.698482, -0.004336346756
1.750801, -0.004470535787
1.803207, -0.004581438261
1.854927, -0.00467875303
1.907082, -0.004764987971
1.959328, -0.00482898904
2.011668, -0.004868299875
2.06348, -0.004892576253
2.115489, -0.004908997798
2.167706, -0.004942475935
2.219884, -0.004990046145
2.272413, -0.005027906154
2.324178, -0.005052668275
2.376484, -0.00506834127
2.428308, -0.005078890827
2.480576, -0.005089041661
2.532489, -0.005098441034
2.584805, -0.005103559233
2.637103, -0.005108099431
2.689134, -0.005112348008
2.741207, -0.005114221131
2.793828, -0.005114785163
2.845577, -0.00511396036
2.898291, -0.005108395708
2.95001, -0.005104375887
3.002327, -0.005107580801
3.054266, -0.005109696649
3.1063, -0.005109726335
3.158181, -0.005110204802
3.210351, -0.005110385828
3.262721, -0.005110166967
3.314798, -0.005110242637
3.367, -0.00511062739
3.419184, -0.005108477781
3.471011, -0.005106501048
3.523408, -0.005106424214
3.575622, -0.005105621531
3.627625, -0.005104470183
3.679635, -0.00510338461
3.731759, -0.005102633731
3.783762, -0.005101355491
3.836181, -0.005100551061
3.888516, -0.005100460839
3.940256, -0.005100218696
3.992674, -0.005102489376
4.044563, -0.005105188466
4.097136, -0.005104829907
4.14886, -0.005065628793
4.201321, -0.004972282331
4.2533, -0.004813246196
4.305312, -0.004616757797
4.357571, -0.004459302872
4.40971, -0.004346006026
4.461628, -0.004224851728
4.513941, -0.00409088243
4.566312, -0.004010019475
4.618254, -0.004053952289
4.670023, -0.00419474527
4.722166, -0.004344215267
4.774302, -0.004479193594
4.82658, -0.004595362407
4.87862, -0.004695252865
4.930831, -0.004783881013
4.983172, -0.004840274924
5.035082, -0.004869091499
5.087207, -0.004893825972
5.139273, -0.004912598524
5.191403, -0.004946232657
5.243567, -0.0049941201
5.295868, -0.005029916647
5.347885, -0.005052623455
5.400222, -0.005081796553
5.45222, -0.005091621424
5.504477, -0.005085273879
5.55665, -0.005092373467
5.608497, -0.005098794936
5.660853, -0.005104143638
5.713285, -0.005109487101
5.764867, -0.005112941726
5.817337, -0.005114109954
5.869142, -0.005114361411
5.92164, -0.005122878938
5.973406, -0.005120169371
6.025794, -0.00510908023
6.077913, -0.005108999321
6.129868, -0.005108470796
6.182353, -0.005108340411
6.23434, -0.00510792539
6.286358, -0.005106584867
6.338408, -0.005105466698
6.390676, -0.005109451013
6.443003, -0.005108287442
6.49493, -0.005099769915
6.547178, -0.005097698886
6.599009, -0.005097452086
6.651621, -0.005095602828
6.703343, -0.005095073138
6.755589, -0.005094716908
6.807727, -0.005094017834
6.860009, -0.005093601649
6.911927, -0.005105070886
6.963882, -0.00510194106
7.01617, -0.005085698795
7.068586, -0.005084387376
7.120538, -0.005083774449
7.173007, -0.005041247932
7.224879, -0.00494081236
7.276956, -0.004781274183
7.329183, -0.004590739263
7.381071, -0.004439803597
7.537425, -0.004067927948
7.590248, -0.003993414284
7.641817, -0.004047819821
7.694187, -0.004189776664
7.746342, -0.004337657883
7.798146, -0.004470729909
7.850594, -0.004584396083
7.90238, -0.004687438195
7.954512, -0.004769803199
8.006849, -0.004823832423
8.059201, -0.0048618234
8.111113, -0.004885093658
8.163612, -0.004903112422
8.215294, -0.00494022097
8.267609, -0.00498770969
8.319602, -0.005022099358
8.371861, -0.005045487196
8.423806, -0.005063742865
8.475883, -0.005071293563
8.528166, -0.005074866931
8.580053, -0.005082745338
8.632426, -0.00508993573
8.684634, -0.005095486995
8.78896, -0.005102079012
8.841005, -0.005103613366
8.893419, -0.005104157026
8.945021, -0.005104709999
8.997319, -0.005105034215
9.049316, -0.00510081125
9.101799, -0.005093401414
9.15365, -0.005090751802
9.205697, -0.005093083601
9.25795, -0.005094728549
9.31006, -0.005094988155
9.362071, -0.005094205262
9.414385, -0.005093539949
9.466628, -0.005092305364
9.518652, -0.00508999161
9.570749, -0.005089419428
9.622836, -0.005087600439
9.675211, -0.005085183657
9.727179, -0.005084429286
9.779748, -0.005084075965
9.831357, -0.005083032884
9.883713, -0.005081319832
9.935667, -0.005080632982
9.98787, -0.005079306429
10.039832, -0.005080378032
10.091934, -0.005079304101
10.144119, -0.005074124783
10.196259, -0.005027328152
10.248517, -0.004920933279
10.300525, -0.004758849391
10.353297, -0.004570939636
10.404757, -0.004421915801
10.456992, -0.00430344342
10.509077, -0.004182349076
10.561244, -0.004059179046
10.613343, -0.003993296705
10.665656, -0.004053098673
10.717798, -0.004198149545
10.769749, -0.004347353533
10.821855, -0.004481766664
10.874047, -0.004599119129
10.926181, -0.004700026184
10.978653, -0.004783555632
11.030456, -0.004838368623
11.082819, -0.004868078686
11.134707, -0.004888004623
11.18717, -0.004897481413
11.239081, -0.004927367554
11.291459, -0.004977333592
11.343297, -0.005013274495
11.395995, -0.00503847783
11.447483, -0.005055035581
11.500016, -0.005064287107
11.551861, -0.005074400106
11.604229, -0.00508081459
11.656029, -0.005082854768
11.708479, -0.005086577148
11.760531, -0.005090608611
11.813256, -0.005093567888
11.864833, -0.005094447988
11.917027, -0.005095610977
11.969119, -0.005096073146
12.021314, -0.005095386878
12.07359, -0.005095322849
12.12539, -0.005093616201
12.177338, -0.005090992781
12.229556, -0.005089830956
12.281864, -0.005089323386
12.33402, -0.00508914236
12.386009, -0.005088039907
12.438023, -0.005087138852
12.490324, -0.005086353049
12.5423, -0.005084906588
12.594517, -0.005083088763
12.646904, -0.005081138224
12.698969, -0.005079638795
12.750941, -0.005079685943
12.80297, -0.005079010734
12.855271, -0.005076961825
12.907269, -0.005077323876
12.959445, -0.005079453695
13.011558, -0.005080741248
13.06371, -0.00507965975
13.116062, -0.005077933893
13.168143, -0.005072068889
13.220273, -0.005015092902
13.272298, -0.004890998825
13.32458, -0.004718530981
13.376768, -0.004541276139
13.428707, -0.004393114359
13.480718, -0.004267386394
13.532896, -0.004150044115
13.58504, -0.004026538227
13.637174, -0.003979928442
13.689249, -0.00406556268
13.741418, -0.004214821383
13.793584, -0.004362175823
13.845673, -0.004496056645
13.897779, -0.004608084273
13.949989, -0.004696282849
14.002043, -0.004773322726
14.054135, -0.004830763792
14.106357, -0.004863508802
14.158497, -0.004881737696
14.210558, -0.00490205246
14.262713, -0.004941171501
14.419118, -0.005058739334
14.471299, -0.00505217351
14.523409, -0.005058019888
14.575538, -0.005066051381
14.627997, -0.005074930377
14.679862, -0.005082407151
14.732077, -0.005090029445
14.784212, -0.005099052796
14.836463, -0.005105154705
14.888683, -0.005114645464
14.940649, -0.005113565712
14.992963, -0.005105135497
15.044805, -0.005105642485
15.097237, -0.005106452154
15.1493, -0.005107320612
15.201535, -0.005107125617
15.253634, -0.005106091849
15.305466, -0.005105626187
15.357543, -0.005114696105
15.409739, -0.005112421932
15.461846, -0.005098204128
15.513998, -0.005094790249
15.566137, -0.005093956133
15.618612, -0.005093832733
15.670513, -0.005093675572
15.723043, -0.005092391511
15.774687, -0.005091321655
15.826968, -0.005090789055
15.878991, -0.005101958523
15.931171, -0.00509817386
15.98349, -0.005082268035
16.035491, -0.005081801792
16.087586, -0.005081769777
16.139602, -0.005082540447
16.191842, -0.005078077083
16.24404, -0.005021358375
16.296065, -0.004893271253
16.348402, -0.004721236182
16.400529, -0.004544363474
16.452976, -0.004398861202
16.5047, -0.004278398119
16.556813, -0.004158312804
16.609141, -0.004033292062
16.661649, -0.003995561565
16.713056, -0.004089894937
16.765546, -0.00423845253
16.817543, -0.00438396848
16.869751, -0.00452576729
16.92193, -0.004638715764
16.973872, -0.004722152662
17.026067, -0.004799191956
17.078392, -0.004847683595
17.130202, -0.004874441947
17.182607, -0.00489559432
17.234438, -0.004920826177
17.286715, -0.00496126595
17.338706, -0.005008775042
17.39112, -0.005041279364
17.443323, -0.005056798109
17.495275, -0.005065359292
17.547495, -0.005073597422
17.599678, -0.005081323907
17.651424, -0.005088208127
17.704077, -0.005094117369
17.755695, -0.005098536494
17.808115, -0.005101604038
17.860324, -0.005103859585
17.912158, -0.005105188466
17.96452, -0.005105140153
18.016575, -0.005104832817
18.068927, -0.005104586016
18.12089, -0.005103372387
18.173198, -0.005096085952
18.225158, -0.005089745391
18.277801, -0.005090917693
18.329329, -0.00509317324
18.381678, -0.005094097578
18.43376, -0.005093634827
18.48564, -0.005092931679
18.537793, -0.005092901993
18.590088, -0.005091557978
18.642282, -0.005091662169
18.694234, -0.005090427585
18.746459, -0.005086067249
18.850706, -0.005084146978
18.903087, -0.00508355326
18.955282, -0.005081822746
19.007284, -0.005080874544
19.059151, -0.005080283154
19.111236, -0.005078792456
19.163382, -0.00507804798
19.215451, -0.005068327882
19.267945, -0.005007321597
19.320039, -0.00487367186
19.371922, -0.004693178344
19.424084, -0.004515963665
19.476432, -0.004376256838
19.528467, -0.004259141278
19.580415, -0.004138464574
19.632784, -0.004017442407
19.684953, -0.003990628757
19.736997, -0.004092382733
19.788996, -0.004241688876
19.841244, -0.004385223147
19.893264, -0.004512284067
19.94586, -0.004621487751
19.997598, -0.004714346142
20.049838, -0.004791132524
20.102164, -0.004840677721
20.154041, -0.004868092074
20.206011, -0.004884719965
20.258416, -0.004907107796
20.310825, -0.004947856069
20.362697, -0.004994663177
20.414901, -0.00502553652
20.466909, -0.005045579164
20.518807, -0.00506083481
20.571379, -0.005067777238
20.623057, -0.005074973451
20.675299, -0.005081461859
20.72736, -0.005084617296
20.779537, -0.005087011959
20.831602, -0.005090255872
20.883811, -0.005093266955
20.935861, -0.005094289081
20.988019, -0.005094904918
21.040326, -0.005095439847
21.092463, -0.005094358348
21.144684, -0.005096266978
21.196949, -0.005094681983
21.248967, -0.005089652841
21.301136, -0.005087776808
21.353186, -0.005086923484
21.457478, -0.005084247678
21.509548, -0.005083584692
21.561581, -0.005082651041
21.61395, -0.005080684205
21.665975, -0.005079765106
21.718472, -0.005077153328
21.770027, -0.005074178334
21.822199, -0.005072811618
21.874364, -0.005072313361
21.92646, -0.005071846535
21.978768, -0.005070652696
22.030833, -0.005069785984
22.082932, -0.005069359322
22.134928, -0.005069390754
22.187125, -0.00506767421
22.239245, -0.005053193891
22.291571, -0.004988915171
22.34409, -0.004851787235
22.395828, -0.004669229675
22.448107, -0.004496806941
22.500145, -0.00435940281
22.552082, -0.004240024718
22.60438, -0.004120499943
22.65661, -0.004004059592
22.708796, -0.003984791692
22.760792, -0.004091181618
22.812766, -0.004238215333
22.864823, -0.004382355255
22.917126, -0.00451318454
22.969078, -0.004625191214
23.021282, -0.004718911368
23.073454, -0.004798370646
23.125475, -0.004849582911
23.177752, -0.004876217572
23.230325, -0.004893980804
23.282004, -0.004918162013
23.334107, -0.004958663485
23.386368, -0.005002336693
23.438321, -0.005032505724
23.490653, -0.005052954657
23.542539, -0.005067326129
23.594721, -0.005074691726
23.647194, -0.005080648116
23.698954, -0.005085070152
23.751091, -0.005088407197
23.803801, -0.005089869374
23.855345, -0.005091805942
23.907699, -0.005103747244
23.959646, -0.005101577262
24.011812, -0.005087906029
24.064082, -0.00508754456
24.116176, -0.005088146427
24.168195, -0.005087467143
24.220604, -0.005087084719
24.27256, -0.005086497986
24.324771, -0.005085631274
24.376867, -0.00508545083
24.429098, -0.005092410138
24.481037, -0.005086918827
24.533832, -0.005073610228
24.585288, -0.005073409411
24.637819, -0.005073801149
24.689729, -0.005073029897
24.742099, -0.005072445492
24.845968, -0.005070745829
24.898291, -0.005081446143
24.950403, -0.005080698757
25.002638, -0.005064883735
25.054496, -0.005061724805
25.10677, -0.005062466371
25.158717, -0.005062307464
25.211018, -0.005062257987
25.263072, -0.005046826554
25.315076, -0.004981361562
25.367225, -0.004840758338
25.419338, -0.004663520085
25.471513, -0.004495413741
25.523772, -0.004357000871
25.576222, -0.0042381807
25.62795, -0.00411339046
25.680084, -0.00399692537
25.732503, -0.00398594013
25.784509, -0.004100566439
25.836493, -0.00424837519
25.88887, -0.004391457187
25.941064, -0.004517530033
25.9929, -0.004622346605
26.04508, -0.004711716319
26.097064, -0.004787808575
26.14938, -0.004834312713
26.20138, -0.004860596382
26.253483, -0.004878925683
26.305695, -0.004904106609
26.358277, -0.004944603425
26.409913, -0.004994696355
26.462008, -0.005020242534
26.514149, -0.005027157604
26.566573, -0.005041012773
26.618812, -0.005049103638
26.670947, -0.005056558293
26.722962, -0.005062563578
26.774997, -0.005068363971
26.827038, -0.005071543856
26.879364, -0.005069528706
26.931353, -0.0050688599
26.983747, -0.005064926227
27.035558, -0.005057627568
27.087941, -0.005056149676
27.140005, -0.005055048969
27.192585, -0.005052668275
27.24422, -0.005050767213
27.296416, -0.005049108877
27.348635, -0.005045158905
27.400642, -0.005045231083
27.4527, -0.005041763652
27.504687, -0.005032176268
27.556994, -0.005027438747
27.609224, -0.005024593556
27.661361, -0.005022788537
27.76543, -0.005012431648
27.817668, -0.005003087572
27.87007, -0.004999213852
27.921898, -0.004999582889
27.9741, -0.00499949092
28.026122, -0.004997623037
28.078401, -0.004996003117
28.13044, -0.004995220806
28.182459, -0.004993103212
28.234684, -0.004991642199
28.286983, -0.004970784066
28.339124, -0.004897806211
28.391327, -0.004753799003
28.4431, -0.004566221614
28.495483, -0.004401072802
28.547569, -0.004268222256
28.599756, -0.004147308064
28.651737, -0.004030899727
28.704001, -0.003924221965
28.756029, -0.00392697053
28.808643, -0.004050270363
28.860349, -0.004196081136
28.912599, -0.004334862169
28.964812, -0.00445734011
29.01687, -0.004562620597
29.068774, -0.004652166099
29.121367, -0.004723905877
29.225561, -0.004793407861
29.277285, -0.004809215898
29.329525, -0.004835114232
29.381853, -0.004876277526
29.433741, -0.004918630584
29.486516, -0.004946555127
29.538235, -0.00496242661
29.590178, -0.004974787589
29.642295, -0.004983586841
29.694246, -0.004992093891
29.74662, -0.004998961231
29.798949, -0.005004020641
29.850936, -0.005007713335
29.902878, -0.005008431035
29.955273, -0.00500703929
30.007119, -0.005006780266
30.05946, -0.005005311687
30.111441, -0.005010893219
30.163554, -0.005008248263
30.215876, -0.004997393116
30.267771, -0.004996870994
30.320019, -0.004996653879
30.372184, -0.004995415802
30.424314, -0.004993924522
30.476291, -0.004992688773
30.528533, -0.004992276081
30.580723, -0.004994798219
30.633262, -0.004995189956
30.685011, -0.004986543208
30.737283, -0.004979427904
30.78917, -0.004979421501
30.841834, -0.00497970439
30.893654, -0.004978478537
30.945618, -0.004977636854
30.997887, -0.004976891214
31.050041, -0.004975288757
31.10251, -0.004992499598
31.154049, -0.004990113666
31.206318, -0.004967082641
31.258357, -0.004964644322
31.310427, -0.004941186053
31.362647, -0.004868918331
31.414711, -0.004723944585
31.519017, -0.004373106931
31.571213, -0.004249442718
31.623346, -0.00413956499
31.675427, -0.004014883889
31.727744, -0.003902493336
31.779787, -0.003916438145
31.832178, -0.004047179827
31.883983, -0.00419783406
31.936404, -0.004339137231
31.988538, -0.004460832861
32.040547, -0.004563025141
32.092485, -0.004655500816
32.144888, -0.004722381418
32.197014, -0.00475639943
32.249095, -0.004777723516
32.301245, -0.004789616796
32.353253, -0.004816517758
32.405345, -0.004863554786
32.457521, -0.004905061214
32.509717, -0.004931081203
32.561777, -0.004949276336
32.613979, -0.004962504609
32.665972, -0.004970788723
32.718096, -0.004979834775
32.770194, -0.004987954162
32.82243, -0.004993154435
32.926614, -0.005001075333
32.97874, -0.004999525263
33.030916, -0.004999350058
33.083111, -0.004998972872
33.135376, -0.00500010734
33.187263, -0.005000352976
33.239477, -0.004998090444
33.291699, -0.004997221404
33.343704, -0.004996560747
33.396104, -0.005000132369
33.448251, -0.004996541538
33.500067, -0.004987731227
33.552803, -0.004986506538
33.604351, -0.004984794068
33.656671, -0.004983497784
33.708641, -0.004983350518
33.760769, -0.004981359816
33.812958, -0.004979968071
33.865272, -0.004980265512
33.917455, -0.004979239893
33.969506, -0.004975984339
34.021718, -0.004973460455
34.074208, -0.004972869065
34.125653, -0.004972704919
34.177828, -0.004972559982
34.230058, -0.004971431335
34.282084, -0.004970958689
34.334316, -0.004942100495
34.386566, -0.004861706693
34.438703, -0.004713035305
34.490632, -0.004517020425
34.542764, -0.00434870075
34.594992, -0.004223515571
34.64709, -0.004111177695
34.699165, -0.003993552236
34.751345, -0.003895315167
34.803732, -0.00391763082
34.855908, -0.00405327708
34.907698, -0.004204185098
34.960011, -0.004343429755
35.011988, -0.004461456265
35.064133, -0.004560729722
35.116439, -0.004648108152
35.168591, -0.004713438102
35.220695, -0.004754690453
35.272901, -0.004780355957
35.324706, -0.004792301334
35.376904, -0.004821483453
35.429059, -0.004869102268
35.533432, -0.004932535812
35.585593, -0.004943566164
35.637619, -0.004955223994
35.689665, -0.004966081469
35.741833, -0.004976083292
35.794006, -0.004982659011
35.846304, -0.004987534485
35.898429, -0.004992176546
35.950469, -0.004995478084
36.002679, -0.004998067743
36.054899, -0.004998505465
36.107488, -0.004997419892
36.158862, -0.004998077638
36.21134, -0.004998931545
36.263547, -0.004998905933
36.315466, -0.004997949582
36.36752, -0.004996664356
36.419595, -0.004995016498
36.471873, -0.004994114279
36.523923, -0.004992785398
36.576082, -0.004990200978
36.62848, -0.004988161963
36.68012, -0.004987430875
36.732346, -0.0049865857
36.784537, -0.004984068219
36.836605, -0.00498271198
36.888813, -0.004981803941
36.941011, -0.004980286467
36.993726, -0.004980209051
37.045185, -0.004978579236
37.09743, -0.004975522752
37.149439, -0.004974124022
37.201617, -0.004973887699
37.253623, -0.004973883624
37.30604, -0.004973158357
37.358189, -0.004939040518
37.410313, -0.004853917053
37.462381, -0.004702749429
37.514544, -0.004510853614
37.566481, -0.004352032265
37.618672, -0.004228317412
37.670812, -0.004109231813
37.723155, -0.003984403447
37.775042, -0.003891475208
37.827387, -0.003921756579
37.879466, -0.004058853665
37.931694, -0.004209199396
37.983691, -0.004348363727
38.035902, -0.004465178936
38.088007, -0.004560824309
38.140226, -0.004645228328
38.192084, -0.004711395013
38.244296, -0.004754057154
38.296351, -0.00477747526
38.348422, -0.004791578394
38.400809, -0.004824013449
38.452869, -0.004871248675
38.505045, -0.004907575203
38.557102, -0.004931216827
38.60937, -0.004947768757
38.661533, -0.00495814078
38.713431, -0.004967085552
38.76551, -0.004975899356
38.817749, -0.004981144448
38.869761, -0.004986568238
38.922176, -0.00499131449
38.974122, -0.004995610798
39.026415, -0.004997056676
39.078628, -0.004995288327
39.130529, -0.004994816845
39.182976, -0.004994447809
39.235001, -0.004994448973
39.287056, -0.004993933835
39.339189, -0.004990974558
39.391194, -0.004988356959
39.443357, -0.004986221902
39.495532, -0.0049844553
39.547615, -0.004982555984
39.599846, -0.004979853402
39.652149, -0.004978193319
39.704056, -0.004977527424
39.756424, -0.004976443597
39.808448, -0.004974931362
39.86053, -0.004973674077
39.912656, -0.00497253146
39.964797, -0.004971381859
40.016801, -0.004969392903
40.069017, -0.004967335262
40.121403, -0.004965878325
40.17345, -0.004965080298
40.225265, -0.004963816027
40.277695, -0.004963241518
40.329774, -0.00496214896
40.382005, -0.004924906534
40.433837, -0.0048355537
40.486406, -0.004683033039
40.538325, -0.004494125024
40.590251, -0.004340576998
40.642497, -0.004215105728
40.69459, -0.004093126336
40.74686, -0.003973086714
40.798961, -0.003890272346
40.851155, -0.003930035455
40.902923, -0.004077824706
40.955246, -0.004226136953
41.007308, -0.004351857351
41.059605, -0.004467822146
41.111755, -0.004566112184
41.163748, -0.00465101708
41.216085, -0.004713245726
41.268286, -0.004750363878
41.320301, -0.004773376568
41.372806, -0.004790545499
41.424339, -0.004831849365
41.476528, -0.004877381434
41.528816, -0.004902458168
41.580749, -0.00492486055
41.633385, -0.004940887447
41.684943, -0.004950385192
41.737462, -0.004959607031
41.789582, -0.004967411514
41.841537, -0.004972520983
41.893765, -0.004987481516
41.945818, -0.004992880859
41.997819, -0.004981991951
42.049971, -0.004980199738
42.102164, -0.004983923864
42.15428, -0.004986306303
42.206296, -0.004986707936
42.258414, -0.004987090942
42.310621, -0.00498725276
42.362786, -0.00498556532
42.414892, -0.005003736587
42.467094, -0.005000032252
42.519089, -0.004972077441
42.571346, -0.004963977844
42.623542, -0.004958741483
42.675512, -0.004955612239
42.727686, -0.004954190808
42.779827, -0.004953414318
42.831969, -0.004951811861
42.884132, -0.004951643059
42.93627, -0.004952494055
42.988369, -0.004947037087
43.040434, -0.004940513754
43.092556, -0.004940369981
43.144769, -0.004940873478
43.196813, -0.004939856008
43.249104, -0.004939928767
43.301301, -0.004940237268
43.353589, -0.004939474748
43.405845, -0.004903271329
43.45777, -0.00480495888
43.509731, -0.004642232088
43.561944, -0.004452897119
43.614096, -0.004301395966
43.666314, -0.004184591235
43.718294, -0.00406597741
43.770748, -0.003941563482
43.82283, -0.003865449689
43.874891, -0.003908925282
43.926825, -0.004045988317
43.978867, -0.004197373055
44.031087, -0.004333158722
44.0832, -0.004448530672
44.135465, -0.004545350967
44.187522, -0.004627040762
44.239593, -0.004683723382
44.291708, -0.004716329277
44.343796, -0.004736933333
44.395966, -0.004752818495
44.448047, -0.004789838567
44.500279, -0.004840925685
44.552341, -0.004878277541
44.604606, -0.004902647925
44.656604, -0.004917918704
44.708822, -0.004926163238
44.76097, -0.004934291937
44.813076, -0.004941970692
44.865308, -0.004946214031
44.917408, -0.00494997541
44.969531, -0.004953918979
45.022093, -0.004956977209
45.074094, -0.004959484213
45.177996, -0.004961238592
45.230091, -0.004960056976
45.282415, -0.004959867802
45.334538, -0.004961133818
45.38675, -0.004958910286
45.438766, -0.004956416669
45.490974, -0.004956165794
45.543083, -0.004954595352
45.595295, -0.00495262153
45.64716, -0.004951956798
45.699664, -0.004950197763
45.751483, -0.00494829379
45.803689, -0.004947331036
45.855959, -0.004945988767
45.907818, -0.004943362437
45.960066, -0.004941626103
46.012195, -0.004941616207
46.064593, -0.004939965438
46.11634, -0.00493835716
46.168502, -0.004937242484
46.220628, -0.004934901372
46.272733, -0.004934706376
46.325097, -0.004935941543
46.377295, -0.00493344327
46.429367, -0.004886796232
46.481561, -0.004780885647
46.5335, -0.004619009851
46.585677, -0.004429805849
46.638676, -0.004279958375
46.689948, -0.00416557421
46.74205, -0.004048940609
46.794211, -0.003925418132
46.846384, -0.003861006117
46.898686, -0.003920154413
46.950832, -0.00405935396
47.00298, -0.004202648415
47.054816, -0.00433311594
47.106901, -0.004447415122
47.159126, -0.004543181276
47.211231, -0.004626265727
47.263302, -0.004684251617
47.315465, -0.004721435253
47.367561, -0.00474458473
47.419743, -0.004760882293
47.471868, -0.004797863076
47.524091, -0.004846563679
47.576203, -0.004879495828
47.628383, -0.004901889479
47.6806, -0.004918120685
47.732703, -0.004925210378
47.784664, -0.004930379218
47.836971, -0.004937145859
47.889056, -0.00494123844
47.941288, -0.004943524837
47.993239, -0.004947587731
48.045563, -0.004950250732
48.097735, -0.004950939911
48.1498, -0.004952652962
48.201844, -0.004954584874
48.253991, -0.004954660544
48.306161, -0.00495538523
48.358432, -0.004955771728
48.410458, -0.0049532298
48.462484, -0.00495325774
48.514626, -0.004956337507
48.566864, -0.004953615135
48.61912, -0.004949031281
48.670995, -0.004946094123
48.723267, -0.004943267559
48.775326, -0.004940772196
48.827402, -0.004939185455
48.879522, -0.004938585917
48.93171, -0.004936942714
48.983727, -0.004936946207
49.036076, -0.004936559708
49.08811, -0.004934444441
49.140134, -0.004933307646
49.192381, -0.0049326726
49.244381, -0.004931633594
49.296674, -0.004930340801
49.34944, -0.004929550923
49.400972, -0.004927571281
49.452997, -0.00488069054
49.505131, -0.004769540683
49.557535, -0.004603462294
49.661487, -0.00426927727
49.713695, -0.004156664945
49.765966, -0.004041702487
49.817965, -0.003919168084
49.870358, -0.003859556746
49.922301, -0.003926284553
49.974362, -0.004068523995
50.026611, -0.004216619127
50.07853, -0.004348443181
50.130778, -0.00445762591
50.182819, -0.004550019512
50.235025, -0.004629859759
50.287224, -0.004686011234
50.33912, -0.004721172154
50.391567, -0.004744923208
50.443815, -0.004765465856
50.495835, -0.00480352086
50.548342, -0.004850979312
50.600018, -0.00487835292
50.652045, -0.004897913314
50.704181, -0.004914233577
50.756459, -0.004923698143
50.808439, -0.004934608587
50.86085, -0.004942715168
50.913309, -0.004946748377
50.965028, -0.004948076094
51.016947, -0.004950399161
51.069189, -0.004953249008
51.121383, -0.004957183264
51.173424, -0.004960832885
51.278003, -0.004959475482
51.329822, -0.004959171056
51.381943, -0.004958463833
51.433949, -0.004956129123
51.486224, -0.004954814212
51.538357, -0.004955487675
51.590496, -0.004956179182
51.643053, -0.004954226897
51.695456, -0.004951624433
51.747005, -0.004951742594
51.799148, -0.004950175644
51.851003, -0.004947445123
51.903836, -0.0049467606
51.955401, -0.004948590067
52.007568, -0.004946559784
52.059927, -0.004938910133
52.111959, -0.004934849567
52.163876, -0.004934368772
52.216009, -0.004934575991
52.268575, -0.004934166209
52.320629, -0.004933254095
52.372623, -0.004932945594
52.424586, -0.004931137082
52.476835, -0.004900880158
52.52913, -0.004779873998
52.581026, -0.004586874566
52.633026, -0.004401436017
52.685196, -0.00425821956
52.737466, -0.004145823768
52.789386, -0.004028645635
52.841543, -0.003904407495
52.893689, -0.003855189134
52.945805, -0.0039373443
52.997972, -0.004095699696
53.050081, -0.004235628294
53.102339, -0.004352313117
53.154423, -0.004469990963
53.206485, -0.00456923648
53.258697, -0.004652618081
53.310946, -0.004706754698
53.362977, -0.004737345153
53.415157, -0.004758583964
53.467305, -0.004790434032
53.519287, -0.004827402008
53.571756, -0.004859003529
53.623858, -0.00488697493
53.675797, -0.004908688716
53.727952, -0.004925261019
53.780045, -0.004933504388
53.83207, -0.004940662184
53.884329, -0.004947507987
53.936559, -0.004953331663
53.988897, -0.004966094275
54.041009, -0.00496688881
54.092977, -0.004957747879
54.19739, -0.004960315418
54.249293, -0.004962121602
54.301398, -0.004962267703
54.353766, -0.004962291569
54.40589, -0.004962290404
54.458052, -0.004964085529
54.509923, -0.004962689709
54.562611, -0.004957196652
54.614169, -0.00495432585
54.66651, -0.004952788004
54.718655, -0.004950457369
54.770937, -0.004949662834
54.822702, -0.004949243157
54.875074, -0.004946483532
54.927262, -0.00494365755
54.979176, -0.004943096428
55.031321, -0.004944119719
55.083443, -0.004944484099
55.135561, -0.004944149405
55.187585, -0.004942659289
55.239847, -0.004941093503
55.292242, -0.00493844389
55.34408, -0.004934297176
55.396425, -0.004931683652
55.448538, -0.004927903065
55.500514, -0.004876863677
55.552615, -0.00475537352
55.604775, -0.004583053524
55.656953, -0.004402679915
55.709114, -0.00426044222
55.761203, -0.004141989048
55.813316, -0.004021921195
55.865537, -0.003898756113
55.917537, -0.003856221447
55.969791, -0.003943408083
56.022338, -0.004091632145
56.073887, -0.004239206319
56.126284, -0.004369711969
56.178486, -0.00448198989
56.230664, -0.004576942883
56.282748, -0.004655924276
56.334943, -0.004706640611
56.386745, -0.004737125419
56.438982, -0.00475697685
56.49088, -0.004771751119
56.543522, -0.00480715622
56.595491, -0.004855896405
56.647641, -0.004885794479
56.699621, -0.004903643858
56.751975, -0.004918340128
56.803829, -0.004926726688
56.856133, -0.004935158067
56.908383, -0.00494107022
56.96029, -0.004943173262
57.012913, -0.004945936962
57.064553, -0.004949751892
57.1169, -0.004953065654
57.169328, -0.004954038886
57.221035, -0.004954050528
57.27346, -0.004955009208
57.325311, -0.004955137265
57.377354, -0.004959811922
57.429859, -0.004957758938
57.481802, -0.004949137801
57.534209, -0.004947440466
57.586033, -0.004947260022
57.638141, -0.004946895642
57.690211, -0.004945918918
57.79438, -0.004943169188
57.846565, -0.004942364176
57.899096, -0.004943037638
57.950811, -0.004939222708
58.002898, -0.004933551536
58.055061, -0.00493324711
58.107129, -0.004933709279
58.159463, -0.004933004384
58.211511, -0.004932474112
58.263505, -0.004931830335
58.315628, -0.004930081195
58.367919, -0.004936389742
58.419909, -0.004934737226
58.47204, -0.004918882623
58.524202, -0.004862025089
58.57655, -0.004734195536
58.628569, -0.004558610381
58.680603, -0.004381998442
58.732814, -0.004243980511
58.78559, -0.004127799184
58.837051, -0.004007905663
58.889383, -0.003893306421
58.94136, -0.003863457532
58.993529, -0.00395336916
59.045483, -0.004097442725
59.097798, -0.004242577998
59.202074, -0.004484528909
59.254244, -0.004577888758
59.306448, -0.004656853271
59.358454, -0.004709626955
59.410664, -0.004737376585
59.462631, -0.004754592374
59.514778, -0.00477748632