Block,Sample_In_Block,Global_Sample,Voltage_V,Timestamp
1,1,1,2.15842652,2025-11-18T13:39:48.899326
1,2,2,2.15885567,2025-11-18T13:39:48.899326
1,3,3,2.15929889,2025-11-18T13:39:48.899326
1,4,4,2.15949845,2025-11-18T13:39:48.899326
1,5,5,2.15929055,2025-11-18T13:39:48.899326
1,6,6,2.15921306,2025-11-18T13:39:48.899326
1,7,7,2.1591432,2025-11-18T13:39:48.899326
1,8,8,2.15915036,2025-11-18T13:39:48.899326
1,9,9,2.15932106,2025-11-18T13:39:48.899326
1,10,10,2.1595118,2025-11-18T13:39:48.899326
1,11,11,2.15927839,2025-11-18T13:39:48.899326
1,12,12,2.15947413,2025-11-18T13:39:48.899326
1,13,13,2.15920162,2025-11-18T13:39:48.899326
1,14,14,2.15946769,2025-11-18T13:39:48.899326
1,15,15,2.15934753,2025-11-18T13:39:48.899326
1,16,16,2.15942478,2025-11-18T13:39:48.899326
1,17,17,2.15956187,2025-11-18T13:39:48.899326
1,18,18,2.15972661,2025-11-18T13:39:48.899326
1,19,19,2.15967988,2025-11-18T13:39:48.899326
1,20,20,2.1596024,2025-11-18T13:39:48.899326
1,21,21,2.15958881,2025-11-18T13:39:48.899326
1,22,22,2.15974164,2025-11-18T13:39:48.899326
1,23,23,2.15976095,2025-11-18T13:39:48.899326
1,24,24,2.15970802,2025-11-18T13:39:48.899326
1,25,25,2.15968894,2025-11-18T13:39:48.899326
1,26,26,2.15936017,2025-11-18T13:39:48.899326
1,27,27,2.15966749,2025-11-18T13:39:48.899326
1,28,28,2.15928292,2025-11-18T13:39:48.899326
1,29,29,2.15904808,2025-11-18T13:39:48.899326
1,30,30,2.15876626,2025-11-18T13:39:48.899326
1,31,31,2.15898489,2025-11-18T13:39:48.899326
1,32,32,2.15892505,2025-11-18T13:39:48.899326
1,33,33,2.15932035,2025-11-18T13:39:48.899326
1,34,34,2.15980076,2025-11-18T13:39:48.899326
1,35,35,2.15915346,2025-11-18T13:39:48.899326
1,36,36,2.15870332,2025-11-18T13:39:48.899326
1,37,37,2.15902233,2025-11-18T13:39:48.899326
1,38,38,2.15989661,2025-11-18T13:39:48.899326
1,39,39,2.15993952,2025-11-18T13:39:48.899326
1,40,40,2.15989112,2025-11-18T13:39:48.899326
1,41,41,2.15960693,2025-11-18T13:39:48.899326
1,42,42,2.15986132,2025-11-18T13:39:48.899326
1,43,43,2.15970373,2025-11-18T13:39:48.899326
1,44,44,2.15933728,2025-11-18T13:39:48.899326
1,45,45,2.15946578,2025-11-18T13:39:48.899326
1,46,46,2.15957641,2025-11-18T13:39:48.899326
1,47,47,2.15947413,2025-11-18T13:39:48.899326
1,48,48,2.15948915,2025-11-18T13:39:48.899326
1,49,49,2.15972232,2025-11-18T13:39:48.899326
1,50,50,2.15948724,2025-11-18T13:39:48.899326
1,51,51,2.15960073,2025-11-18T13:39:48.899326
1,52,52,2.15972042,2025-11-18T13:39:48.899326
1,53,53,2.15947318,2025-11-18T13:39:48.899326
1,54,54,2.15951442,2025-11-18T13:39:48.899326
1,55,55,2.15940141,2025-11-18T13:39:48.899326
1,56,56,2.15943956,2025-11-18T13:39:48.899326
1,57,57,2.15943694,2025-11-18T13:39:48.899326
1,58,58,2.15963172,2025-11-18T13:39:48.899326
1,59,59,2.15993356,2025-11-18T13:39:48.899326
1,60,60,2.16016149,2025-11-18T13:39:48.899326
1,61,61,2.16057968,2025-11-18T13:39:48.899326
1,62,62,2.16049432,2025-11-18T13:39:48.899326
1,63,63,2.16023802,2025-11-18T13:39:48.899326
1,64,64,2.16042327,2025-11-18T13:39:48.899326
1,65,65,2.16065645,2025-11-18T13:39:48.899326
1,66,66,2.16053485,2025-11-18T13:39:48.899326
1,67,67,2.16056108,2025-11-18T13:39:48.899326
1,68,68,2.16059017,2025-11-18T13:39:48.899326
1,69,69,2.16066718,2025-11-18T13:39:48.899326
1,70,70,2.16059136,2025-11-18T13:39:48.899326
1,71,71,2.16024875,2025-11-18T13:39:48.899326
1,72,72,2.16027188,2025-11-18T13:39:48.899326
1,73,73,2.16028499,2025-11-18T13:39:48.899326
1,74,74,2.16023254,2025-11-18T13:39:48.899326
1,75,75,2.15997838,2025-11-18T13:39:48.899326
1,76,76,2.15960812,2025-11-18T13:39:48.899326
1,77,77,2.15956521,2025-11-18T13:39:48.899326
1,78,78,2.15604281,2025-11-18T13:39:48.899326
1,79,79,2.15140247,2025-11-18T13:39:48.899326
1,80,80,2.15133643,2025-11-18T13:39:48.899326
1,81,81,2.15122747,2025-11-18T13:39:48.899326
1,82,82,2.15130925,2025-11-18T13:39:48.899326
1,83,83,2.1514256,2025-11-18T13:39:48.899326
1,84,84,2.15737271,2025-11-18T13:39:48.899326
1,85,85,2.15918588,2025-11-18T13:39:48.899326
1,86,86,2.15750002,2025-11-18T13:39:48.899326
1,87,87,2.15129327,2025-11-18T13:39:48.899326
1,88,88,2.15135383,2025-11-18T13:39:48.899326
1,89,89,2.15151,2025-11-18T13:39:48.899326
1,90,90,2.15148162,2025-11-18T13:39:48.899326
1,91,91,2.1513822,2025-11-18T13:39:48.899326
1,92,92,2.1515789,2025-11-18T13:39:48.899326
1,93,93,2.15145277,2025-11-18T13:39:48.899326
1,94,94,2.15103077,2025-11-18T13:39:48.899326
1,95,95,2.15119719,2025-11-18T13:39:48.899326
1,96,96,2.15113472,2025-11-18T13:39:48.899326
1,97,97,2.15139865,2025-11-18T13:39:48.899326
1,98,98,2.15132522,2025-11-18T13:39:48.899326
1,99,99,2.15155673,2025-11-18T13:39:48.899326
1,100,100,2.15163326,2025-11-18T13:39:48.899326
1,101,101,2.15130138,2025-11-18T13:39:48.899326
1,102,102,2.15155434,2025-11-18T13:39:48.899326
1,103,103,2.15160584,2025-11-18T13:39:48.899326
1,104,104,2.15201902,2025-11-18T13:39:48.899326
1,105,105,2.15149354,2025-11-18T13:39:48.899326
1,106,106,2.15145015,2025-11-18T13:39:48.899326
1,107,107,2.15135264,2025-11-18T13:39:48.899326
1,108,108,2.15102791,2025-11-18T13:39:48.899326
1,109,109,2.15113973,2025-11-18T13:39:48.899326
1,110,110,2.15119075,2025-11-18T13:39:48.899326
1,111,111,2.15135335,2025-11-18T13:39:48.899326
1,112,112,2.15125107,2025-11-18T13:39:48.899326
1,113,113,2.15116262,2025-11-18T13:39:48.899326
1,114,114,2.15137386,2025-11-18T13:39:48.899326
1,115,115,2.15110325,2025-11-18T13:39:48.899326
1,116,116,2.15096092,2025-11-18T13:39:48.899326
1,117,117,2.15109491,2025-11-18T13:39:48.899326
1,118,118,2.1512053,2025-11-18T13:39:48.899326
1,119,119,2.15107536,2025-11-18T13:39:48.899326
1,120,120,2.15096473,2025-11-18T13:39:48.899326
1,121,121,2.15069174,2025-11-18T13:39:48.899326
1,122,122,2.15083265,2025-11-18T13:39:48.899326
1,123,123,2.1509366,2025-11-18T13:39:48.899326
1,124,124,2.1509869,2025-11-18T13:39:48.899326
1,125,125,2.15088415,2025-11-18T13:39:48.899326
1,126,126,2.1510384,2025-11-18T13:39:48.899326
1,127,127,2.15088725,2025-11-18T13:39:48.899326
1,128,128,2.15102815,2025-11-18T13:39:48.899326
1,129,129,2.15093278,2025-11-18T13:39:48.899326
1,130,130,2.15074467,2025-11-18T13:39:48.899326
1,131,131,2.1509211,2025-11-18T13:39:48.899326
1,132,132,2.1509211,2025-11-18T13:39:48.899326
1,133,133,2.15076398,2025-11-18T13:39:48.899326
1,134,134,2.15075492,2025-11-18T13:39:48.899326
1,135,135,2.15106105,2025-11-18T13:39:48.899326
1,136,136,2.15097355,2025-11-18T13:39:48.899326
1,137,137,2.15098381,2025-11-18T13:39:48.899326
1,138,138,2.15094065,2025-11-18T13:39:48.899326
1,139,139,2.15097951,2025-11-18T13:39:48.899326
1,140,140,2.15105795,2025-11-18T13:39:48.899326
1,141,141,2.15169048,2025-11-18T13:39:48.899326
1,142,142,2.15149235,2025-11-18T13:39:48.899326
1,143,143,2.15114212,2025-11-18T13:39:48.899326
1,144,144,2.1516118,2025-11-18T13:39:48.899326
1,145,145,2.15158176,2025-11-18T13:39:48.899326
1,146,146,2.15160846,2025-11-18T13:39:48.899326
1,147,147,2.15138554,2025-11-18T13:39:48.899326
1,148,148,2.15128374,2025-11-18T13:39:48.899326
1,149,149,2.1510992,2025-11-18T13:39:48.899326
1,150,150,2.15080332,2025-11-18T13:39:48.899326
1,151,151,2.15114188,2025-11-18T13:39:48.899326
1,152,152,2.15111374,2025-11-18T13:39:48.899326
1,153,153,2.151124,2025-11-18T13:39:48.899326
1,154,154,2.15109658,2025-11-18T13:39:48.899326
1,155,155,2.15113162,2025-11-18T13:39:48.899326
1,156,156,2.15105342,2025-11-18T13:39:48.899326
1,157,157,2.15101361,2025-11-18T13:39:48.899326
1,158,158,2.15083694,2025-11-18T13:39:48.899326
1,159,159,2.15084123,2025-11-18T13:39:48.899326
1,160,160,2.15095758,2025-11-18T13:39:48.899326
1,161,161,2.15060019,2025-11-18T13:39:48.899326
1,162,162,2.15049028,2025-11-18T13:39:48.899326
1,163,163,2.15065503,2025-11-18T13:39:48.899326
1,164,164,2.15046381,2025-11-18T13:39:48.899326
1,165,165,2.15059804,2025-11-18T13:39:48.899326
1,166,166,2.15052413,2025-11-18T13:39:48.899326
1,167,167,2.1507399,2025-11-18T13:39:48.899326
1,168,168,2.1508243,2025-11-18T13:39:48.899326
1,169,169,2.15071415,2025-11-18T13:39:48.899326
1,170,170,2.15086293,2025-11-18T13:39:48.899326
1,171,171,2.15110254,2025-11-18T13:39:48.899326
1,172,172,2.15104031,2025-11-18T13:39:48.899326
1,173,173,2.15098524,2025-11-18T13:39:48.899326
1,174,174,2.15085554,2025-11-18T13:39:48.899326
1,175,175,2.1508522,2025-11-18T13:39:48.899326
1,176,176,2.15059876,2025-11-18T13:39:48.899326
1,177,177,2.15063834,2025-11-18T13:39:48.899326
1,178,178,2.15082359,2025-11-18T13:39:48.899326
1,179,179,2.15063929,2025-11-18T13:39:48.899326
1,180,180,2.15101218,2025-11-18T13:39:48.899326
1,181,181,2.15090918,2025-11-18T13:39:48.899326
1,182,182,2.15091967,2025-11-18T13:39:48.899326
1,183,183,2.15116238,2025-11-18T13:39:48.899326
1,184,184,2.151124,2025-11-18T13:39:48.899326
1,185,185,2.15109968,2025-11-18T13:39:48.899326
1,186,186,2.15123558,2025-11-18T13:39:48.899326
1,187,187,2.15090227,2025-11-18T13:39:48.899326
1,188,188,2.15093421,2025-11-18T13:39:48.899326
1,189,189,2.1508255,2025-11-18T13:39:48.899326
1,190,190,2.15100479,2025-11-18T13:39:48.899326
1,191,191,2.15134692,2025-11-18T13:39:48.899326
1,192,192,2.15128946,2025-11-18T13:39:48.899326
1,193,193,2.15106987,2025-11-18T13:39:48.899326
1,194,194,2.15083122,2025-11-18T13:39:48.899326
1,195,195,2.15105032,2025-11-18T13:39:48.899326
1,196,196,2.15095996,2025-11-18T13:39:48.899326
1,197,197,2.15142655,2025-11-18T13:39:48.899326
1,198,198,2.15146303,2025-11-18T13:39:48.899326
1,199,199,2.15117716,2025-11-18T13:39:48.899326
1,200,200,2.15147638,2025-11-18T13:39:48.899326
1,201,201,2.15163922,2025-11-18T13:39:48.899326
1,202,202,2.15121889,2025-11-18T13:39:48.899326
1,203,203,2.15137219,2025-11-18T13:39:48.899326
1,204,204,2.15145969,2025-11-18T13:39:48.899326
1,205,205,2.15171885,2025-11-18T13:39:48.899326
1,206,206,2.15197539,2025-11-18T13:39:48.899326
1,207,207,2.15183258,2025-11-18T13:39:48.899326
1,208,208,2.15140366,2025-11-18T13:39:48.899326
1,209,209,2.1513462,2025-11-18T13:39:48.899326
1,210,210,2.15149569,2025-11-18T13:39:48.899326
1,211,211,2.1516087,2025-11-18T13:39:48.899326
1,212,212,2.15155506,2025-11-18T13:39:48.899326
1,213,213,2.15158677,2025-11-18T13:39:48.899326
1,214,214,2.15165543,2025-11-18T13:39:48.899326
1,215,215,2.15154099,2025-11-18T13:39:48.899326
1,216,216,2.15146684,2025-11-18T13:39:48.899326
1,217,217,2.15128397,2025-11-18T13:39:48.899326
1,218,218,2.1512525,2025-11-18T13:39:48.899326
1,219,219,2.15140938,2025-11-18T13:39:48.899326
1,220,220,2.15155839,2025-11-18T13:39:48.899326
1,221,221,2.15130782,2025-11-18T13:39:48.899326
1,222,222,2.15142607,2025-11-18T13:39:48.899326
1,223,223,2.15122151,2025-11-18T13:39:48.899326
1,224,224,2.15113997,2025-11-18T13:39:48.899326
1,225,225,2.15132141,2025-11-18T13:39:48.899326
1,226,226,2.15139007,2025-11-18T13:39:48.899326
1,227,227,2.15153002,2025-11-18T13:39:48.899326
1,228,228,2.15117812,2025-11-18T13:39:48.899326
1,229,229,2.15137124,2025-11-18T13:39:48.899326
1,230,230,2.15128779,2025-11-18T13:39:48.899326
1,231,231,2.15111541,2025-11-18T13:39:48.899326
1,232,232,2.15116786,2025-11-18T13:39:48.899326
1,233,233,2.15118408,2025-11-18T13:39:48.899326
1,234,234,2.15105509,2025-11-18T13:39:48.899326
1,235,235,2.15097904,2025-11-18T13:39:48.899326
1,236,236,2.15086746,2025-11-18T13:39:48.899326
1,237,237,2.15106654,2025-11-18T13:39:48.899326
1,238,238,2.1510179,2025-11-18T13:39:48.899326
1,239,239,2.15074658,2025-11-18T13:39:48.899326
1,240,240,2.15057015,2025-11-18T13:39:48.899326
1,241,241,2.15115499,2025-11-18T13:39:48.899326
1,242,242,2.15107536,2025-11-18T13:39:48.899326
1,243,243,2.15105557,2025-11-18T13:39:48.899326
1,244,244,2.15083146,2025-11-18T13:39:48.899326
1,245,245,2.15091109,2025-11-18T13:39:48.899326
1,246,246,2.15079689,2025-11-18T13:39:48.899326
1,247,247,2.15074133,2025-11-18T13:39:48.899326
1,248,248,2.15079689,2025-11-18T13:39:48.899326
1,249,249,2.15108036,2025-11-18T13:39:48.899326
1,250,250,2.15116667,2025-11-18T13:39:48.899326
1,251,251,2.15120911,2025-11-18T13:39:48.899326
1,252,252,2.15104341,2025-11-18T13:39:48.899326
1,253,253,2.15124201,2025-11-18T13:39:48.899326
1,254,254,2.15127015,2025-11-18T13:39:48.899326
1,255,255,2.15121698,2025-11-18T13:39:48.899326
1,256,256,2.1510446,2025-11-18T13:39:48.899326
1,257,257,2.15122175,2025-11-18T13:39:48.899326
1,258,258,2.15124917,2025-11-18T13:39:48.899326
1,259,259,2.15140247,2025-11-18T13:39:48.899326
1,260,260,2.15119194,2025-11-18T13:39:48.899326
1,261,261,2.15123891,2025-11-18T13:39:48.899326
1,262,262,2.15139269,2025-11-18T13:39:48.899326
1,263,263,2.15145039,2025-11-18T13:39:48.899326
1,264,264,2.15143942,2025-11-18T13:39:48.899326
1,265,265,2.15143227,2025-11-18T13:39:48.899326
1,266,266,2.1511588,2025-11-18T13:39:48.899326
1,267,267,2.15122652,2025-11-18T13:39:48.899326
1,268,268,2.15133786,2025-11-18T13:39:48.899326
1,269,269,2.15146708,2025-11-18T13:39:48.899326
1,270,270,2.15155172,2025-11-18T13:39:48.899326
1,271,271,2.15168237,2025-11-18T13:39:48.899326
1,272,272,2.15135478,2025-11-18T13:39:48.899326
1,273,273,2.15111017,2025-11-18T13:39:48.899326
1,274,274,2.15104961,2025-11-18T13:39:48.899326
1,275,275,2.15144991,2025-11-18T13:39:48.899326
1,276,276,2.16122031,2025-11-18T13:39:48.899326
1,277,277,2.16188001,2025-11-18T13:39:48.899326
1,278,278,2.1623342,2025-11-18T13:39:48.899326
1,279,279,2.16228532,2025-11-18T13:39:48.899326
1,280,280,2.16246247,2025-11-18T13:39:48.899326
1,281,281,2.16178679,2025-11-18T13:39:48.899326
1,282,282,2.16135692,2025-11-18T13:39:48.899326
1,283,283,2.16026258,2025-11-18T13:39:48.899326
1,284,284,2.15972375,2025-11-18T13:39:48.899326
1,285,285,2.1594944,2025-11-18T13:39:48.899326
1,286,286,2.15974521,2025-11-18T13:39:48.899326
1,287,287,2.15910029,2025-11-18T13:39:48.899326
1,288,288,2.15852332,2025-11-18T13:39:48.899326
1,289,289,2.15194463,2025-11-18T13:39:48.899326
1,290,290,2.15166735,2025-11-18T13:39:48.899326
1,291,291,2.15153431,2025-11-18T13:39:48.899326
1,292,292,2.15151143,2025-11-18T13:39:48.899326
1,293,293,2.15232968,2025-11-18T13:39:48.899326
1,294,294,2.15249276,2025-11-18T13:39:48.899326
1,295,295,2.15287685,2025-11-18T13:39:48.899326
1,296,296,2.15324735,2025-11-18T13:39:48.899326
1,297,297,2.15282702,2025-11-18T13:39:48.899326
1,298,298,2.15369009,2025-11-18T13:39:48.899326
1,299,299,2.15352082,2025-11-18T13:39:48.899326
1,300,300,2.15341901,2025-11-18T13:39:48.899326
1,301,301,2.15345025,2025-11-18T13:39:48.899326
1,302,302,2.15308928,2025-11-18T13:39:48.899326
1,303,303,2.15344595,2025-11-18T13:39:48.899326
1,304,304,2.15282034,2025-11-18T13:39:48.899326
1,305,305,2.15234732,2025-11-18T13:39:48.899326
1,306,306,2.15341949,2025-11-18T13:39:48.899326
1,307,307,2.15325474,2025-11-18T13:39:48.899326
1,308,308,2.15315318,2025-11-18T13:39:48.899326
1,309,309,2.15303993,2025-11-18T13:39:48.899326
1,310,310,2.15376543,2025-11-18T13:39:48.899326
1,311,311,2.15316176,2025-11-18T13:39:48.899326
1,312,312,2.15348267,2025-11-18T13:39:48.899326
1,313,313,2.15388989,2025-11-18T13:39:48.899326
1,314,314,2.15420222,2025-11-18T13:39:48.899326
1,315,315,2.15366935,2025-11-18T13:39:48.899326
1,316,316,2.15373539,2025-11-18T13:39:48.899326
1,317,317,2.15376114,2025-11-18T13:39:48.899326
1,318,318,2.15394926,2025-11-18T13:39:48.899326
1,319,319,2.15460681,2025-11-18T13:39:48.899326
1,320,320,2.15421271,2025-11-18T13:39:48.899326
1,321,321,2.15482783,2025-11-18T13:39:48.899326
1,322,322,2.15457558,2025-11-18T13:39:48.899326
1,323,323,2.15475964,2025-11-18T13:39:48.899326
1,324,324,2.15777683,2025-11-18T13:39:48.899326
1,325,325,2.16149401,2025-11-18T13:39:48.899326
1,326,326,2.16149878,2025-11-18T13:39:48.899326
1,327,327,2.16045022,2025-11-18T13:39:48.899326
1,328,328,2.15993905,2025-11-18T13:39:48.899326
1,329,329,2.159621,2025-11-18T13:39:48.899326
1,330,330,2.15929889,2025-11-18T13:39:48.899326
1,331,331,2.15934467,2025-11-18T13:39:48.899326
1,332,332,2.15946388,2025-11-18T13:39:48.899326
1,333,333,2.15964221,2025-11-18T13:39:48.899326
1,334,334,2.1589756,2025-11-18T13:39:48.899326
1,335,335,2.15865755,2025-11-18T13:39:48.899326
1,336,336,2.15855455,2025-11-18T13:39:48.899326
1,337,337,2.15870332,2025-11-18T13:39:48.899326
1,338,338,2.15849089,2025-11-18T13:39:48.899326
1,339,339,2.1587243,2025-11-18T13:39:48.899326
1,340,340,2.15843987,2025-11-18T13:39:48.899326
1,341,341,2.15863513,2025-11-18T13:39:48.899326
1,342,342,2.15848898,2025-11-18T13:39:48.899326
1,343,343,2.15840482,2025-11-18T13:39:48.899326
1,344,344,2.15888476,2025-11-18T13:39:48.899326
1,345,345,2.15884065,2025-11-18T13:39:48.899326
1,346,346,2.15903139,2025-11-18T13:39:48.899326
1,347,347,2.15924811,2025-11-18T13:39:48.899326
1,348,348,2.15917134,2025-11-18T13:39:48.899326
1,349,349,2.15924906,2025-11-18T13:39:48.899326
1,350,350,2.15943455,2025-11-18T13:39:48.899326
1,351,351,2.15931367,2025-11-18T13:39:48.899326
1,352,352,2.15882992,2025-11-18T13:39:48.899326
1,353,353,2.15882134,2025-11-18T13:39:48.899326
1,354,354,2.15856647,2025-11-18T13:39:48.899326
1,355,355,2.15873146,2025-11-18T13:39:48.899326
1,356,356,2.15909457,2025-11-18T13:39:48.899326
1,357,357,2.15899443,2025-11-18T13:39:48.899326
1,358,358,2.15880441,2025-11-18T13:39:48.899326
1,359,359,2.1586852,2025-11-18T13:39:48.899326
1,360,360,2.1589322,2025-11-18T13:39:48.899326
1,361,361,2.15862059,2025-11-18T13:39:48.899326
1,362,362,2.15885758,2025-11-18T13:39:48.899326
1,363,363,2.15883636,2025-11-18T13:39:48.899326
1,364,364,2.15909361,2025-11-18T13:39:48.899326
1,365,365,2.1587007,2025-11-18T13:39:48.899326
1,366,366,2.15866017,2025-11-18T13:39:48.899326
1,367,367,2.15853333,2025-11-18T13:39:48.899326
1,368,368,2.15865588,2025-11-18T13:39:48.899326
1,369,369,2.15848565,2025-11-18T13:39:48.899326
1,370,370,2.15821075,2025-11-18T13:39:48.899326
1,371,371,2.15835332,2025-11-18T13:39:48.899326
1,372,372,2.15809869,2025-11-18T13:39:48.899326
1,373,373,2.15850162,2025-11-18T13:39:48.899326
1,374,374,2.15824937,2025-11-18T13:39:48.899326
1,375,375,2.15826106,2025-11-18T13:39:48.899326
1,376,376,2.15828847,2025-11-18T13:39:48.899326
1,377,377,2.1584084,2025-11-18T13:39:48.899326
1,378,378,2.15878748,2025-11-18T13:39:48.899326
1,379,379,2.15843296,2025-11-18T13:39:48.899326
1,380,380,2.15908789,2025-11-18T13:39:48.899326
1,381,381,2.15840911,2025-11-18T13:39:48.899326
1,382,382,2.15815186,2025-11-18T13:39:48.899326
1,383,383,2.15864729,2025-11-18T13:39:48.899326
1,384,384,2.15867519,2025-11-18T13:39:48.899326
1,385,385,2.15862894,2025-11-18T13:39:48.899326
1,386,386,2.15852761,2025-11-18T13:39:48.899326
1,387,387,2.15858316,2025-11-18T13:39:48.899326
1,388,388,2.15864872,2025-11-18T13:39:48.899326
1,389,389,2.15883874,2025-11-18T13:39:48.899326
1,390,390,2.15909171,2025-11-18T13:39:48.899326
1,391,391,2.15879058,2025-11-18T13:39:48.899326
1,392,392,2.1589992,2025-11-18T13:39:48.899326
1,393,393,2.15881013,2025-11-18T13:39:48.899326
1,394,394,2.15872955,2025-11-18T13:39:48.899326
1,395,395,2.15868854,2025-11-18T13:39:48.899326
1,396,396,2.15916752,2025-11-18T13:39:48.899326
1,397,397,2.15890932,2025-11-18T13:39:48.899326
1,398,398,2.15897607,2025-11-18T13:39:48.899326
1,399,399,2.15909028,2025-11-18T13:39:48.899326
1,400,400,2.1588118,2025-11-18T13:39:48.899326
1,401,401,2.15857887,2025-11-18T13:39:48.899326
1,402,402,2.15891194,2025-11-18T13:39:48.899326
1,403,403,2.15912222,2025-11-18T13:39:48.899326
1,404,404,2.15908837,2025-11-18T13:39:48.899326
1,405,405,2.1588788,2025-11-18T13:39:48.899326
1,406,406,2.1588037,2025-11-18T13:39:48.899326
1,407,407,2.1587007,2025-11-18T13:39:48.899326
1,408,408,2.15876746,2025-11-18T13:39:48.899326
1,409,409,2.1589365,2025-11-18T13:39:48.899326
1,410,410,2.15869736,2025-11-18T13:39:48.899326
1,411,411,2.15826296,2025-11-18T13:39:48.899326
1,412,412,2.15912556,2025-11-18T13:39:48.899326
1,413,413,2.15924096,2025-11-18T13:39:48.899326
1,414,414,2.15920376,2025-11-18T13:39:48.899326
1,415,415,2.15919613,2025-11-18T13:39:48.899326
1,416,416,2.15890264,2025-11-18T13:39:48.899326
1,417,417,2.15870881,2025-11-18T13:39:48.899326
1,418,418,2.15892052,2025-11-18T13:39:48.899326
1,419,419,2.15878915,2025-11-18T13:39:48.899326
1,420,420,2.15917468,2025-11-18T13:39:48.899326
1,421,421,2.15938735,2025-11-18T13:39:48.899326
1,422,422,2.1596415,2025-11-18T13:39:48.899326
1,423,423,2.15956997,2025-11-18T13:39:48.899326
1,424,424,2.15902876,2025-11-18T13:39:48.899326
1,425,425,2.15937161,2025-11-18T13:39:48.899326
1,426,426,2.15906596,2025-11-18T13:39:48.899326
1,427,427,2.1592791,2025-11-18T13:39:48.899326
1,428,428,2.15928101,2025-11-18T13:39:48.899326
1,429,429,2.15864777,2025-11-18T13:39:48.899326
1,430,430,2.1589756,2025-11-18T13:39:48.899326
1,431,431,2.15907478,2025-11-18T13:39:48.899326
1,432,432,2.15947079,2025-11-18T13:39:48.899326
1,433,433,2.15888547,2025-11-18T13:39:48.899326
1,434,434,2.15886163,2025-11-18T13:39:48.899326
1,435,435,2.1587727,2025-11-18T13:39:48.899326
1,436,436,2.15923452,2025-11-18T13:39:48.899326
1,437,437,2.15914154,2025-11-18T13:39:48.899326
1,438,438,2.15864086,2025-11-18T13:39:48.899326
1,439,439,2.15846323,2025-11-18T13:39:48.899326
1,440,440,2.15828371,2025-11-18T13:39:48.899326
1,441,441,2.15861964,2025-11-18T13:39:48.899326
1,442,442,2.15887522,2025-11-18T13:39:48.899326
1,443,443,2.15877509,2025-11-18T13:39:48.899326
1,444,444,2.15850067,2025-11-18T13:39:48.899326
1,445,445,2.15902662,2025-11-18T13:39:48.899326
1,446,446,2.15905618,2025-11-18T13:39:48.899326
1,447,447,2.15921044,2025-11-18T13:39:48.899326
1,448,448,2.15895676,2025-11-18T13:39:48.899326
1,449,449,2.15872764,2025-11-18T13:39:48.899326
1,450,450,2.1586101,2025-11-18T13:39:48.899326
1,451,451,2.15929126,2025-11-18T13:39:48.899326
1,452,452,2.15859436,2025-11-18T13:39:48.899326
1,453,453,2.15864205,2025-11-18T13:39:48.899326
1,454,454,2.1585021,2025-11-18T13:39:48.899326
1,455,455,2.15841317,2025-11-18T13:39:48.899326
1,456,456,2.15857744,2025-11-18T13:39:48.899326
1,457,457,2.158468,2025-11-18T13:39:48.899326
1,458,458,2.15872764,2025-11-18T13:39:48.899326
1,459,459,2.15871286,2025-11-18T13:39:48.899326
1,460,460,2.15885496,2025-11-18T13:39:48.899326
1,461,461,2.15856933,2025-11-18T13:39:48.899326
1,462,462,2.15860939,2025-11-18T13:39:48.899326
1,463,463,2.15863847,2025-11-18T13:39:48.899326
1,464,464,2.15854835,2025-11-18T13:39:48.899326
1,465,465,2.15846085,2025-11-18T13:39:48.899326
1,466,466,2.15860962,2025-11-18T13:39:48.899326
1,467,467,2.15845704,2025-11-18T13:39:48.899326
1,468,468,2.15855336,2025-11-18T13:39:48.899326
1,469,469,2.1586008,2025-11-18T13:39:48.899326
1,470,470,2.15871334,2025-11-18T13:39:48.899326
1,471,471,2.1582334,2025-11-18T13:39:48.899326
1,472,472,2.15824913,2025-11-18T13:39:48.899326
1,473,473,2.15818929,2025-11-18T13:39:48.899326
1,474,474,2.15806341,2025-11-18T13:39:48.899326
1,475,475,2.15793561,2025-11-18T13:39:48.899326
1,476,476,2.15831804,2025-11-18T13:39:48.899326
1,477,477,2.15838074,2025-11-18T13:39:48.899326
1,478,478,2.15826106,2025-11-18T13:39:48.899326
1,479,479,2.15820407,2025-11-18T13:39:48.899326
1,480,480,2.15804004,2025-11-18T13:39:48.899326
1,481,481,2.15783572,2025-11-18T13:39:48.899326
1,482,482,2.15763092,2025-11-18T13:39:48.899326
1,483,483,2.15802502,2025-11-18T13:39:48.899326
1,484,484,2.15227222,2025-11-18T13:39:48.899326
1,485,485,2.15212798,2025-11-18T13:39:48.899326
1,486,486,2.15196323,2025-11-18T13:39:48.899326
1,487,487,2.1516211,2025-11-18T13:39:48.899326
1,488,488,2.15138936,2025-11-18T13:39:48.899326
1,489,489,2.15150189,2025-11-18T13:39:48.899326
1,490,490,2.15159177,2025-11-18T13:39:48.899326
1,491,491,2.15156364,2025-11-18T13:39:48.899326
1,492,492,2.15158987,2025-11-18T13:39:48.899326
1,493,493,2.15159845,2025-11-18T13:39:48.899326
1,494,494,2.15115594,2025-11-18T13:39:48.899326
1,495,495,2.15109968,2025-11-18T13:39:48.899326
1,496,496,2.15136265,2025-11-18T13:39:48.899326
1,497,497,2.15092492,2025-11-18T13:39:48.899326
1,498,498,2.15089416,2025-11-18T13:39:48.899326
1,499,499,2.15055704,2025-11-18T13:39:48.899326
1,500,500,2.15038371,2025-11-18T13:39:48.899326
1,501,501,2.15047073,2025-11-18T13:39:48.899326
1,502,502,2.15049624,2025-11-18T13:39:48.899326
1,503,503,2.1504364,2025-11-18T13:39:48.899326
1,504,504,2.15072393,2025-11-18T13:39:48.899326
1,505,505,2.15068125,2025-11-18T13:39:48.899326
1,506,506,2.15049505,2025-11-18T13:39:48.899326
1,507,507,2.15021491,2025-11-18T13:39:48.899326
1,508,508,2.1505928,2025-11-18T13:39:48.899326
1,509,509,2.15061807,2025-11-18T13:39:48.899326
1,510,510,2.15053987,2025-11-18T13:39:48.899326
1,511,511,2.15068125,2025-11-18T13:39:48.899326
1,512,512,2.1508367,2025-11-18T13:39:48.899326
1,513,513,2.15071702,2025-11-18T13:39:48.899326
1,514,514,2.15066242,2025-11-18T13:39:48.899326
1,515,515,2.15068864,2025-11-18T13:39:48.899326
1,516,516,2.15077567,2025-11-18T13:39:48.899326
1,517,517,2.15064644,2025-11-18T13:39:48.899326
1,518,518,2.15047383,2025-11-18T13:39:48.899326
1,519,519,2.1505258,2025-11-18T13:39:48.899326
1,520,520,2.15074443,2025-11-18T13:39:48.899326
1,521,521,2.15060687,2025-11-18T13:39:48.899326
1,522,522,2.15064573,2025-11-18T13:39:48.899326
1,523,523,2.15055394,2025-11-18T13:39:48.899326
1,524,524,2.15029978,2025-11-18T13:39:48.899326
1,525,525,2.15032339,2025-11-18T13:39:48.899326
1,526,526,2.15040993,2025-11-18T13:39:48.899326
1,527,527,2.15047311,2025-11-18T13:39:48.899326
1,528,528,2.15057444,2025-11-18T13:39:48.899326
1,529,529,2.1506989,2025-11-18T13:39:48.899326
1,530,530,2.15063357,2025-11-18T13:39:48.899326
1,531,531,2.15058779,2025-11-18T13:39:48.899326
1,532,532,2.15068435,2025-11-18T13:39:48.899326
1,533,533,2.15073585,2025-11-18T13:39:48.899326
1,534,534,2.15063309,2025-11-18T13:39:48.899326
1,535,535,2.15059471,2025-11-18T13:39:48.899326
1,536,536,2.15062236,2025-11-18T13:39:48.899326
1,537,537,2.15059638,2025-11-18T13:39:48.899326
1,538,538,2.15054011,2025-11-18T13:39:48.899326
1,539,539,2.15055561,2025-11-18T13:39:48.899326
1,540,540,2.15055012,2025-11-18T13:39:48.899326
1,541,541,2.15060377,2025-11-18T13:39:48.899326
1,542,542,2.15045499,2025-11-18T13:39:48.899326
1,543,543,2.15040755,2025-11-18T13:39:48.899326
1,544,544,2.15036392,2025-11-18T13:39:48.899326
1,545,545,2.15063381,2025-11-18T13:39:48.899326
1,546,546,2.15079736,2025-11-18T13:39:48.899326
1,547,547,2.15072584,2025-11-18T13:39:48.899326
1,548,548,2.15068936,2025-11-18T13:39:48.899326
1,549,549,2.15074706,2025-11-18T13:39:48.899326
1,550,550,2.15071201,2025-11-18T13:39:48.899326
1,551,551,2.15048766,2025-11-18T13:39:48.899326
1,552,552,2.15058565,2025-11-18T13:39:48.899326
1,553,553,2.15050172,2025-11-18T13:39:48.899326
1,554,554,2.15039777,2025-11-18T13:39:48.899326
1,555,555,2.15022587,2025-11-18T13:39:48.899326
1,556,556,2.1501708,2025-11-18T13:39:48.899326
1,557,557,2.14993,2025-11-18T13:39:48.899326
1,558,558,2.15019655,2025-11-18T13:39:48.899326
1,559,559,2.15006685,2025-11-18T13:39:48.899326
1,560,560,2.15025925,2025-11-18T13:39:48.899326
1,561,561,2.15024113,2025-11-18T13:39:48.899326
1,562,562,2.15009164,2025-11-18T13:39:48.899326
1,563,563,2.14992666,2025-11-18T13:39:48.899326
1,564,564,2.15022063,2025-11-18T13:39:48.899326
1,565,565,2.15042209,2025-11-18T13:39:48.899326
1,566,566,2.15031504,2025-11-18T13:39:48.899326
1,567,567,2.15044927,2025-11-18T13:39:48.899326
1,568,568,2.15041995,2025-11-18T13:39:48.899326
1,569,569,2.15018486,2025-11-18T13:39:48.899326
1,570,570,2.15053534,2025-11-18T13:39:48.899326
1,571,571,2.15087413,2025-11-18T13:39:48.899326
1,572,572,2.15109086,2025-11-18T13:39:48.899326
1,573,573,2.15052986,2025-11-18T13:39:48.899326
1,574,574,2.15061807,2025-11-18T13:39:48.899326
1,575,575,2.15084934,2025-11-18T13:39:48.899326
1,576,576,2.1509571,2025-11-18T13:39:48.899326
1,577,577,2.1508255,2025-11-18T13:39:48.899326
1,578,578,2.150913,2025-11-18T13:39:48.899326
1,579,579,2.150779,2025-11-18T13:39:48.899326
1,580,580,2.15095758,2025-11-18T13:39:48.899326
1,581,581,2.15090537,2025-11-18T13:39:48.899326
1,582,582,2.15094852,2025-11-18T13:39:48.899326
1,583,583,2.15102601,2025-11-18T13:39:48.899326
1,584,584,2.15085363,2025-11-18T13:39:48.899326
1,585,585,2.15047955,2025-11-18T13:39:48.899326
1,586,586,2.1505568,2025-11-18T13:39:48.899326
1,587,587,2.15080332,2025-11-18T13:39:48.899326
1,588,588,2.15035915,2025-11-18T13:39:48.899326
1,589,589,2.15055871,2025-11-18T13:39:48.899326
1,590,590,2.15052914,2025-11-18T13:39:48.899326
1,591,591,2.15055942,2025-11-18T13:39:48.899326
1,592,592,2.15066194,2025-11-18T13:39:48.899326
1,593,593,2.15044617,2025-11-18T13:39:48.899326
1,594,594,2.15028953,2025-11-18T13:39:48.899326
1,595,595,2.15027523,2025-11-18T13:39:48.899326
1,596,596,2.15016293,2025-11-18T13:39:48.899326
1,597,597,2.15020489,2025-11-18T13:39:48.899326
1,598,598,2.15015149,2025-11-18T13:39:48.899326
1,599,599,2.15020012,2025-11-18T13:39:48.899326
1,600,600,2.15035915,2025-11-18T13:39:48.899326
1,601,601,2.15040802,2025-11-18T13:39:48.899326
1,602,602,2.15063047,2025-11-18T13:39:48.899326
1,603,603,2.1505289,2025-11-18T13:39:48.899326
1,604,604,2.15089535,2025-11-18T13:39:48.899326
1,605,605,2.15099763,2025-11-18T13:39:48.899326
1,606,606,2.15066933,2025-11-18T13:39:48.899326
1,607,607,2.15088987,2025-11-18T13:39:48.899326
1,608,608,2.15079998,2025-11-18T13:39:48.899326
1,609,609,2.15088558,2025-11-18T13:39:48.899326
1,610,610,2.15061545,2025-11-18T13:39:48.899326
1,611,611,2.15077924,2025-11-18T13:39:48.899326
1,612,612,2.15080428,2025-11-18T13:39:48.899326
1,613,613,2.15063381,2025-11-18T13:39:48.899326
1,614,614,2.15068054,2025-11-18T13:39:48.899326
1,615,615,2.15090298,2025-11-18T13:39:48.899326
1,616,616,2.15116739,2025-11-18T13:39:48.899326
1,617,617,2.15131092,2025-11-18T13:39:48.899326
1,618,618,2.15146255,2025-11-18T13:39:48.899326
1,619,619,2.15166473,2025-11-18T13:39:48.899326
1,620,620,2.15144968,2025-11-18T13:39:48.899326
1,621,621,2.15125036,2025-11-18T13:39:48.899326
1,622,622,2.15109467,2025-11-18T13:39:48.899326
1,623,623,2.1510961,2025-11-18T13:39:48.899326
1,624,624,2.15087532,2025-11-18T13:39:48.899326
1,625,625,2.15094113,2025-11-18T13:39:48.899326
1,626,626,2.1510291,2025-11-18T13:39:48.899326
1,627,627,2.15101099,2025-11-18T13:39:48.899326
1,628,628,2.15087532,2025-11-18T13:39:48.899326
1,629,629,2.15102767,2025-11-18T13:39:48.899326
1,630,630,2.15108585,2025-11-18T13:39:48.899326
1,631,631,2.15103793,2025-11-18T13:39:48.899326
1,632,632,2.15108346,2025-11-18T13:39:48.899326
1,633,633,2.15105032,2025-11-18T13:39:48.899326
1,634,634,2.15105843,2025-11-18T13:39:48.899326
1,635,635,2.1511476,2025-11-18T13:39:48.899326
1,636,636,2.15142178,2025-11-18T13:39:48.899326
1,637,637,2.15155482,2025-11-18T13:39:48.899326
1,638,638,2.15122509,2025-11-18T13:39:48.899326
1,639,639,2.1512413,2025-11-18T13:39:48.899326
1,640,640,2.15126562,2025-11-18T13:39:48.899326
1,641,641,2.15097832,2025-11-18T13:39:48.899326
1,642,642,2.15122652,2025-11-18T13:39:48.899326
1,643,643,2.15163326,2025-11-18T13:39:48.899326
1,644,644,2.15200328,2025-11-18T13:39:48.899326
1,645,645,2.15189957,2025-11-18T13:39:48.899326
1,646,646,2.15179586,2025-11-18T13:39:48.899326
1,647,647,2.1518433,2025-11-18T13:39:48.899326
1,648,648,2.1518588,2025-11-18T13:39:48.899326
1,649,649,2.15168356,2025-11-18T13:39:48.899326
1,650,650,2.15173912,2025-11-18T13:39:48.899326
1,651,651,2.15158915,2025-11-18T13:39:48.899326
1,652,652,2.15146708,2025-11-18T13:39:48.899326
1,653,653,2.15174031,2025-11-18T13:39:48.899326
1,654,654,2.1518917,2025-11-18T13:39:48.899326
1,655,655,2.15175008,2025-11-18T13:39:48.899326
1,656,656,2.15197205,2025-11-18T13:39:48.899326
1,657,657,2.15190815,2025-11-18T13:39:48.899326
1,658,658,2.15177702,2025-11-18T13:39:48.899326
1,659,659,2.15179729,2025-11-18T13:39:48.899326
1,660,660,2.15171456,2025-11-18T13:39:48.899326
1,661,661,2.15172863,2025-11-18T13:39:48.899326
1,662,662,2.15183448,2025-11-18T13:39:48.899326
1,663,663,2.15213251,2025-11-18T13:39:48.899326
1,664,664,2.15215158,2025-11-18T13:39:48.899326
1,665,665,2.15183377,2025-11-18T13:39:48.899326
1,666,666,2.15188908,2025-11-18T13:39:48.899326
1,667,667,2.15198183,2025-11-18T13:39:48.899326
1,668,668,2.15168976,2025-11-18T13:39:48.899326
1,669,669,2.15177989,2025-11-18T13:39:48.899326
1,670,670,2.15231013,2025-11-18T13:39:48.899326
1,671,671,2.15218782,2025-11-18T13:39:48.899326
1,672,672,2.15213012,2025-11-18T13:39:48.899326
1,673,673,2.15231466,2025-11-18T13:39:48.899326
1,674,674,2.15234422,2025-11-18T13:39:48.899326
1,675,675,2.15241384,2025-11-18T13:39:48.899326
1,676,676,2.15219473,2025-11-18T13:39:48.899326
1,677,677,2.15238046,2025-11-18T13:39:48.899326
1,678,678,2.15248107,2025-11-18T13:39:48.899326
1,679,679,2.15238904,2025-11-18T13:39:48.899326
1,680,680,2.1522634,2025-11-18T13:39:48.899326
1,681,681,2.15241479,2025-11-18T13:39:48.899326
1,682,682,2.15229058,2025-11-18T13:39:48.899326
1,683,683,2.15223455,2025-11-18T13:39:48.899326
1,684,684,2.15237355,2025-11-18T13:39:48.899326
1,685,685,2.15232753,2025-11-18T13:39:48.899326
1,686,686,2.15216255,2025-11-18T13:39:48.899326
1,687,687,2.15220236,2025-11-18T13:39:48.899326
1,688,688,2.15233063,2025-11-18T13:39:48.899326
1,689,689,2.15219306,2025-11-18T13:39:48.899326
1,690,690,2.15218448,2025-11-18T13:39:48.899326
1,691,691,2.15233302,2025-11-18T13:39:48.899326
1,692,692,2.15229177,2025-11-18T13:39:48.899326
1,693,693,2.15232133,2025-11-18T13:39:48.899326
1,694,694,2.15227675,2025-11-18T13:39:48.899326
1,695,695,2.15218877,2025-11-18T13:39:48.899326
1,696,696,2.15234923,2025-11-18T13:39:48.899326
1,697,697,2.15252208,2025-11-18T13:39:48.899326
1,698,698,2.1522088,2025-11-18T13:39:48.899326
1,699,699,2.15216112,2025-11-18T13:39:48.899326
1,700,700,2.15211319,2025-11-18T13:39:48.899326
1,701,701,2.15219211,2025-11-18T13:39:48.899326
1,702,702,2.15203881,2025-11-18T13:39:48.899326
1,703,703,2.15223312,2025-11-18T13:39:48.899326
1,704,704,2.15250468,2025-11-18T13:39:48.899326
1,705,705,2.15270924,2025-11-18T13:39:48.899326
1,706,706,2.15267181,2025-11-18T13:39:48.899326
1,707,707,2.15257263,2025-11-18T13:39:48.899326
1,708,708,2.15268087,2025-11-18T13:39:48.899326
1,709,709,2.15281701,2025-11-18T13:39:48.899326
1,710,710,2.15256667,2025-11-18T13:39:48.899326
1,711,711,2.15236186,2025-11-18T13:39:48.899326
1,712,712,2.15246653,2025-11-18T13:39:48.899326
1,713,713,2.15252041,2025-11-18T13:39:48.899326
1,714,714,2.15253543,2025-11-18T13:39:48.899326
1,715,715,2.15239787,2025-11-18T13:39:48.899326
1,716,716,2.15226316,2025-11-18T13:39:48.899326
1,717,717,2.15240192,2025-11-18T13:39:48.899326
1,718,718,2.15250277,2025-11-18T13:39:48.899326
1,719,719,2.15231633,2025-11-18T13:39:48.899326
1,720,720,2.15239739,2025-11-18T13:39:48.899326
1,721,721,2.15242648,2025-11-18T13:39:48.899326
1,722,722,2.15236663,2025-11-18T13:39:48.899326
1,723,723,2.15219569,2025-11-18T13:39:48.899326
1,724,724,2.15218997,2025-11-18T13:39:48.899326
1,725,725,2.15226793,2025-11-18T13:39:48.899326
1,726,726,2.15214395,2025-11-18T13:39:48.899326
1,727,727,2.15222382,2025-11-18T13:39:48.899326
1,728,728,2.15177655,2025-11-18T13:39:48.899326
1,729,729,2.15201258,2025-11-18T13:39:48.899326
1,730,730,2.15199756,2025-11-18T13:39:48.899326
1,731,731,2.1521306,2025-11-18T13:39:48.899326
1,732,732,2.15196394,2025-11-18T13:39:48.899326
1,733,733,2.15167784,2025-11-18T13:39:48.899326
1,734,734,2.15189194,2025-11-18T13:39:48.899326
1,735,735,2.15197706,2025-11-18T13:39:48.899326
1,736,736,2.15187764,2025-11-18T13:39:48.899326
1,737,737,2.1521008,2025-11-18T13:39:48.899326
1,738,738,2.15189528,2025-11-18T13:39:48.899326
1,739,739,2.1518135,2025-11-18T13:39:48.899326
1,740,740,2.15190505,2025-11-18T13:39:48.899326
1,741,741,2.15228462,2025-11-18T13:39:48.899326
1,742,742,2.15212869,2025-11-18T13:39:48.899326
1,743,743,2.15212583,2025-11-18T13:39:48.899326
1,744,744,2.15198826,2025-11-18T13:39:48.899326
1,745,745,2.15206336,2025-11-18T13:39:48.899326
1,746,746,2.1520574,2025-11-18T13:39:48.899326
1,747,747,2.15236616,2025-11-18T13:39:48.899326
1,748,748,2.15228199,2025-11-18T13:39:48.899326
1,749,749,2.15228676,2025-11-18T13:39:48.899326
1,750,750,2.15226197,2025-11-18T13:39:48.899326
1,751,751,2.15228056,2025-11-18T13:39:48.899326
1,752,752,2.15220999,2025-11-18T13:39:48.899326
1,753,753,2.15182614,2025-11-18T13:39:48.899326
1,754,754,2.15168118,2025-11-18T13:39:48.899326
1,755,755,2.15185093,2025-11-18T13:39:48.899326
1,756,756,2.15187048,2025-11-18T13:39:48.899326
1,757,757,2.15192294,2025-11-18T13:39:48.899326
1,758,758,2.15167856,2025-11-18T13:39:48.899326
1,759,759,2.15162444,2025-11-18T13:39:48.899326
1,760,760,2.15175414,2025-11-18T13:39:48.899326
1,761,761,2.15177226,2025-11-18T13:39:48.899326
1,762,762,2.15164208,2025-11-18T13:39:48.899326
1,763,763,2.1515243,2025-11-18T13:39:48.899326
1,764,764,2.15154027,2025-11-18T13:39:48.899326
1,765,765,2.15149068,2025-11-18T13:39:48.899326
1,766,766,2.15127801,2025-11-18T13:39:48.899326
1,767,767,2.15162205,2025-11-18T13:39:48.899326
1,768,768,2.15159869,2025-11-18T13:39:48.899326
1,769,769,2.1514256,2025-11-18T13:39:48.899326
1,770,770,2.15142393,2025-11-18T13:39:48.899326
1,771,771,2.15166473,2025-11-18T13:39:48.899326
1,772,772,2.15170788,2025-11-18T13:39:48.899326
1,773,773,2.15177655,2025-11-18T13:39:48.899326
1,774,774,2.15160417,2025-11-18T13:39:48.899326
1,775,775,2.1516478,2025-11-18T13:39:48.899326
1,776,776,2.15150237,2025-11-18T13:39:48.899326
1,777,777,2.15178728,2025-11-18T13:39:48.899326
1,778,778,2.15180444,2025-11-18T13:39:48.899326
1,779,779,2.15190744,2025-11-18T13:39:48.899326
1,780,780,2.1516416,2025-11-18T13:39:48.899326
1,781,781,2.15201377,2025-11-18T13:39:48.899326
1,782,782,2.15178298,2025-11-18T13:39:48.899326
1,783,783,2.15159988,2025-11-18T13:39:48.899326
1,784,784,2.15205216,2025-11-18T13:39:48.899326
1,785,785,2.152076,2025-11-18T13:39:48.899326
1,786,786,2.15222001,2025-11-18T13:39:48.899326
1,787,787,2.15212297,2025-11-18T13:39:48.899326
1,788,788,2.15177512,2025-11-18T13:39:48.899326
1,789,789,2.15190219,2025-11-18T13:39:48.899326
1,790,790,2.15158057,2025-11-18T13:39:48.899326
1,791,791,2.15167331,2025-11-18T13:39:48.899326
1,792,792,2.15185403,2025-11-18T13:39:48.899326
1,793,793,2.15178489,2025-11-18T13:39:48.899326
1,794,794,2.15170764,2025-11-18T13:39:48.899326
1,795,795,2.15147924,2025-11-18T13:39:48.899326
1,796,796,2.15117287,2025-11-18T13:39:48.899326
1,797,797,2.15184164,2025-11-18T13:39:48.899326
1,798,798,2.15167045,2025-11-18T13:39:48.899326
1,799,799,2.15158677,2025-11-18T13:39:48.899326
1,800,800,2.15138149,2025-11-18T13:39:48.899326
1,801,801,2.15159559,2025-11-18T13:39:48.899326
1,802,802,2.15172362,2025-11-18T13:39:48.899326
1,803,803,2.15173649,2025-11-18T13:39:48.899326
1,804,804,2.15164089,2025-11-18T13:39:48.899326
1,805,805,2.15154409,2025-11-18T13:39:48.899326
1,806,806,2.15139842,2025-11-18T13:39:48.899326
1,807,807,2.15144729,2025-11-18T13:39:48.899326
1,808,808,2.15158915,2025-11-18T13:39:48.899326
1,809,809,2.15165781,2025-11-18T13:39:48.899326
1,810,810,2.15189051,2025-11-18T13:39:48.899326
1,811,811,2.15160846,2025-11-18T13:39:48.899326
1,812,812,2.15159225,2025-11-18T13:39:48.899326
1,813,813,2.15177226,2025-11-18T13:39:48.899326
1,814,814,2.15206027,2025-11-18T13:39:48.899326
1,815,815,2.15187335,2025-11-18T13:39:48.899326
1,816,816,2.15192532,2025-11-18T13:39:48.899326
1,817,817,2.15192461,2025-11-18T13:39:48.899326
1,818,818,2.15193271,2025-11-18T13:39:48.899326
1,819,819,2.15189504,2025-11-18T13:39:48.899326
1,820,820,2.15175509,2025-11-18T13:39:48.899326
1,821,821,2.15191626,2025-11-18T13:39:48.899326
1,822,822,2.1515696,2025-11-18T13:39:48.899326
1,823,823,2.15148806,2025-11-18T13:39:48.899326
1,824,824,2.15152168,2025-11-18T13:39:48.899326
1,825,825,2.15105795,2025-11-18T13:39:48.899326
1,826,826,2.15157365,2025-11-18T13:39:48.899326
1,827,827,2.15255069,2025-11-18T13:39:48.899326
1,828,828,2.15253591,2025-11-18T13:39:48.899326
1,829,829,2.15252351,2025-11-18T13:39:48.899326
1,830,830,2.15246605,2025-11-18T13:39:48.899326
1,831,831,2.15256524,2025-11-18T13:39:48.899326
1,832,832,2.15199518,2025-11-18T13:39:48.899326
1,833,833,2.15164589,2025-11-18T13:39:48.899326
1,834,834,2.15158176,2025-11-18T13:39:48.899326
1,835,835,2.15147161,2025-11-18T13:39:48.899326
1,836,836,2.15157866,2025-11-18T13:39:48.899326
1,837,837,2.15177774,2025-11-18T13:39:48.899326
1,838,838,2.15184569,2025-11-18T13:39:48.899326
1,839,839,2.15197896,2025-11-18T13:39:48.899326
1,840,840,2.15209555,2025-11-18T13:39:48.899326
1,841,841,2.15194439,2025-11-18T13:39:48.899326
1,842,842,2.15187144,2025-11-18T13:39:48.899326
1,843,843,2.15189218,2025-11-18T13:39:48.899326
1,844,844,2.15192747,2025-11-18T13:39:48.899326
1,845,845,2.15200304,2025-11-18T13:39:48.899326
1,846,846,2.15188169,2025-11-18T13:39:48.899326
1,847,847,2.15190958,2025-11-18T13:39:48.899326
1,848,848,2.15176343,2025-11-18T13:39:48.899326
1,849,849,2.15157675,2025-11-18T13:39:48.899326
1,850,850,2.15170049,2025-11-18T13:39:48.899326
1,851,851,2.15142536,2025-11-18T13:39:48.899326
1,852,852,2.15157103,2025-11-18T13:39:48.899326
1,853,853,2.15201377,2025-11-18T13:39:48.899326
1,854,854,2.15189099,2025-11-18T13:39:48.899326
1,855,855,2.15165591,2025-11-18T13:39:48.899326
1,856,856,2.1518073,2025-11-18T13:39:48.899326
1,857,857,2.15182781,2025-11-18T13:39:48.899326
1,858,858,2.15169572,2025-11-18T13:39:48.899326
1,859,859,2.15205049,2025-11-18T13:39:48.899326
1,860,860,2.152112,2025-11-18T13:39:48.899326
1,861,861,2.15236043,2025-11-18T13:39:48.899326
1,862,862,2.15229773,2025-11-18T13:39:48.899326
1,863,863,2.15239238,2025-11-18T13:39:48.899326
1,864,864,2.15221309,2025-11-18T13:39:48.899326
1,865,865,2.15214061,2025-11-18T13:39:48.899326
1,866,866,2.15200996,2025-11-18T13:39:48.899326
1,867,867,2.15238761,2025-11-18T13:39:48.899326
1,868,868,2.15214443,2025-11-18T13:39:48.899326
1,869,869,2.15168762,2025-11-18T13:39:48.899326
1,870,870,2.15192008,2025-11-18T13:39:48.899326
1,871,871,2.15209722,2025-11-18T13:39:48.899326
1,872,872,2.15194249,2025-11-18T13:39:48.899326
1,873,873,2.15165042,2025-11-18T13:39:48.899326
1,874,874,2.15174317,2025-11-18T13:39:48.899326
1,875,875,2.15117907,2025-11-18T13:39:48.899326
1,876,876,2.15108942,2025-11-18T13:39:48.899326
1,877,877,2.15122222,2025-11-18T13:39:48.899326
1,878,878,2.15141105,2025-11-18T13:39:48.899326
1,879,879,2.15161609,2025-11-18T13:39:48.899326
1,880,880,2.15150618,2025-11-18T13:39:48.899326
1,881,881,2.15146446,2025-11-18T13:39:48.899326
1,882,882,2.15145659,2025-11-18T13:39:48.899326
1,883,883,2.15151143,2025-11-18T13:39:48.899326
1,884,884,2.15148735,2025-11-18T13:39:48.899326
1,885,885,2.15143203,2025-11-18T13:39:48.899326
1,886,886,2.15170311,2025-11-18T13:39:48.899326
1,887,887,2.15188813,2025-11-18T13:39:48.899326
1,888,888,2.15192866,2025-11-18T13:39:48.899326
1,889,889,2.15170454,2025-11-18T13:39:48.899326
1,890,890,2.15161299,2025-11-18T13:39:48.899326
1,891,891,2.1516149,2025-11-18T13:39:48.899326
1,892,892,2.15157413,2025-11-18T13:39:48.899326
1,893,893,2.15177702,2025-11-18T13:39:48.899326
1,894,894,2.15198802,2025-11-18T13:39:48.899326
1,895,895,2.15159916,2025-11-18T13:39:48.899326
1,896,896,2.15132379,2025-11-18T13:39:48.899326
1,897,897,2.15169596,2025-11-18T13:39:48.899326
1,898,898,2.15175986,2025-11-18T13:39:48.899326
1,899,899,2.15177226,2025-11-18T13:39:48.899326
1,900,900,2.15183424,2025-11-18T13:39:48.899326
1,901,901,2.15196275,2025-11-18T13:39:48.899326
1,902,902,2.15192651,2025-11-18T13:39:48.899326
1,903,903,2.15210223,2025-11-18T13:39:48.899326
1,904,904,2.15230607,2025-11-18T13:39:48.899326
1,905,905,2.15212512,2025-11-18T13:39:48.899326
1,906,906,2.15207934,2025-11-18T13:39:48.899326
1,907,907,2.15204811,2025-11-18T13:39:48.899326
1,908,908,2.15202903,2025-11-18T13:39:48.899326
1,909,909,2.15200567,2025-11-18T13:39:48.899326
1,910,910,2.1519308,2025-11-18T13:39:48.899326
1,911,911,2.15193629,2025-11-18T13:39:48.899326
1,912,912,2.15206193,2025-11-18T13:39:48.899326
1,913,913,2.15199017,2025-11-18T13:39:48.899326
1,914,914,2.15175533,2025-11-18T13:39:48.899326
1,915,915,2.15163397,2025-11-18T13:39:48.899326
1,916,916,2.15175604,2025-11-18T13:39:48.899326
1,917,917,2.15167808,2025-11-18T13:39:48.899326
1,918,918,2.15183591,2025-11-18T13:39:48.899326
1,919,919,2.15165209,2025-11-18T13:39:48.899326
1,920,920,2.1514604,2025-11-18T13:39:48.899326
1,921,921,2.15154957,2025-11-18T13:39:48.899326
1,922,922,2.15181016,2025-11-18T13:39:48.899326
1,923,923,2.15203142,2025-11-18T13:39:48.899326
1,924,924,2.15191197,2025-11-18T13:39:48.899326
1,925,925,2.1518526,2025-11-18T13:39:48.899326
1,926,926,2.15151762,2025-11-18T13:39:48.899326
1,927,927,2.1513319,2025-11-18T13:39:48.899326
1,928,928,2.15135002,2025-11-18T13:39:48.899326
1,929,929,2.15162682,2025-11-18T13:39:48.899326
1,930,930,2.15177297,2025-11-18T13:39:48.899326
1,931,931,2.15156364,2025-11-18T13:39:48.899326
1,932,932,2.15152812,2025-11-18T13:39:48.899326
1,933,933,2.15132546,2025-11-18T13:39:48.899326
1,934,934,2.15147304,2025-11-18T13:39:48.899326
1,935,935,2.15154004,2025-11-18T13:39:48.899326
1,936,936,2.15165734,2025-11-18T13:39:48.899326
1,937,937,2.15148138,2025-11-18T13:39:48.899326
1,938,938,2.15178012,2025-11-18T13:39:48.899326
1,939,939,2.15157818,2025-11-18T13:39:48.899326
1,940,940,2.15175437,2025-11-18T13:39:48.899326
1,941,941,2.15175724,2025-11-18T13:39:48.899326
1,942,942,2.15203189,2025-11-18T13:39:48.899326
1,943,943,2.15193653,2025-11-18T13:39:48.899326
1,944,944,2.15224385,2025-11-18T13:39:48.899326
1,945,945,2.15220165,2025-11-18T13:39:48.899326
1,946,946,2.15215325,2025-11-18T13:39:48.899326
1,947,947,2.15218305,2025-11-18T13:39:48.899326
1,948,948,2.15207576,2025-11-18T13:39:48.899326
1,949,949,2.15213561,2025-11-18T13:39:48.899326
1,950,950,2.15201425,2025-11-18T13:39:48.899326
1,951,951,2.15175414,2025-11-18T13:39:48.899326
1,952,952,2.15186047,2025-11-18T13:39:48.899326
1,953,953,2.15154671,2025-11-18T13:39:48.899326
1,954,954,2.15181207,2025-11-18T13:39:48.899326
1,955,955,2.15203022,2025-11-18T13:39:48.899326
1,956,956,2.15201187,2025-11-18T13:39:48.899326
1,957,957,2.1518259,2025-11-18T13:39:48.899326
1,958,958,2.1517868,2025-11-18T13:39:48.899326
1,959,959,2.15168046,2025-11-18T13:39:48.899326
1,960,960,2.15169167,2025-11-18T13:39:48.899326
1,961,961,2.15155625,2025-11-18T13:39:48.899326
1,962,962,2.15157055,2025-11-18T13:39:48.899326
1,963,963,2.1514697,2025-11-18T13:39:48.899326
1,964,964,2.15156531,2025-11-18T13:39:48.899326
1,965,965,2.15148043,2025-11-18T13:39:48.899326
1,966,966,2.15147805,2025-11-18T13:39:48.899326
1,967,967,2.15150666,2025-11-18T13:39:48.899326
1,968,968,2.15147638,2025-11-18T13:39:48.899326
1,969,969,2.15158843,2025-11-18T13:39:48.899326
1,970,970,2.15147542,2025-11-18T13:39:48.899326
1,971,971,2.15150308,2025-11-18T13:39:48.899326
1,972,972,2.15153074,2025-11-18T13:39:48.899326
1,973,973,2.15163755,2025-11-18T13:39:48.899326
1,974,974,2.15156316,2025-11-18T13:39:48.899326
1,975,975,2.15174484,2025-11-18T13:39:48.899326
1,976,976,2.15137195,2025-11-18T13:39:48.899326
1,977,977,2.15122413,2025-11-18T13:39:48.899326
1,978,978,2.15136837,2025-11-18T13:39:48.899326
1,979,979,2.15124297,2025-11-18T13:39:48.899326
1,980,980,2.15156269,2025-11-18T13:39:48.899326
1,981,981,2.15132117,2025-11-18T13:39:48.899326
1,982,982,2.15161418,2025-11-18T13:39:48.899326
1,983,983,2.1511476,2025-11-18T13:39:48.899326
1,984,984,2.15126705,2025-11-18T13:39:48.899326
1,985,985,2.15185284,2025-11-18T13:39:48.899326
1,986,986,2.15161538,2025-11-18T13:39:48.899326
1,987,987,2.15187501,2025-11-18T13:39:48.899326
1,988,988,2.15171384,2025-11-18T13:39:48.899326
1,989,989,2.15165734,2025-11-18T13:39:48.899326
1,990,990,2.15171146,2025-11-18T13:39:48.899326
1,991,991,2.15176105,2025-11-18T13:39:48.899326
1,992,992,2.15181756,2025-11-18T13:39:48.899326
1,993,993,2.15137577,2025-11-18T13:39:48.899326
1,994,994,2.15160226,2025-11-18T13:39:48.899326
1,995,995,2.15198588,2025-11-18T13:39:48.899326
1,996,996,2.15207314,2025-11-18T13:39:48.899326
1,997,997,2.15200638,2025-11-18T13:39:48.899326
1,998,998,2.15188217,2025-11-18T13:39:48.899326
1,999,999,2.15159511,2025-11-18T13:39:48.899326
1,1000,1000,2.15161609,2025-11-18T13:39:48.899326
2,1,1001,2.15150642,2025-11-18T13:40:07.669443
2,2,1002,2.15160441,2025-11-18T13:40:07.669443
2,3,1003,2.15171885,2025-11-18T13:40:07.669443
2,4,1004,2.15174961,2025-11-18T13:40:07.669443
2,5,1005,2.15158295,2025-11-18T13:40:07.669443
2,6,1006,2.15168642,2025-11-18T13:40:07.669443
2,7,1007,2.15184092,2025-11-18T13:40:07.669443
2,8,1008,2.15153431,2025-11-18T13:40:07.669443
2,9,1009,2.15145397,2025-11-18T13:40:07.669443
2,10,1010,2.15144777,2025-11-18T13:40:07.669443
2,11,1011,2.1513381,2025-11-18T13:40:07.669443
2,12,1012,2.15138149,2025-11-18T13:40:07.669443
2,13,1013,2.15172362,2025-11-18T13:40:07.669443
2,14,1014,2.15186047,2025-11-18T13:40:07.669443
2,15,1015,2.15130186,2025-11-18T13:40:07.669443
2,16,1016,2.15170621,2025-11-18T13:40:07.669443
2,17,1017,2.15184664,2025-11-18T13:40:07.669443
2,18,1018,2.15169739,2025-11-18T13:40:07.669443
2,19,1019,2.15171313,2025-11-18T13:40:07.669443
2,20,1020,2.1518085,2025-11-18T13:40:07.669443
2,21,1021,2.15230703,2025-11-18T13:40:07.669443
2,22,1022,2.15214514,2025-11-18T13:40:07.669443
2,23,1023,2.15170001,2025-11-18T13:40:07.669443
2,24,1024,2.15145921,2025-11-18T13:40:07.669443
2,25,1025,2.15164232,2025-11-18T13:40:07.669443
2,26,1026,2.15169525,2025-11-18T13:40:07.669443
2,27,1027,2.15159916,2025-11-18T13:40:07.669443
2,28,1028,2.15174078,2025-11-18T13:40:07.669443
2,29,1029,2.15168213,2025-11-18T13:40:07.669443
2,30,1030,2.15188574,2025-11-18T13:40:07.669443
2,31,1031,2.15181422,2025-11-18T13:40:07.669443
2,32,1032,2.15139245,2025-11-18T13:40:07.669443
2,33,1033,2.15146565,2025-11-18T13:40:07.669443
2,34,1034,2.15162849,2025-11-18T13:40:07.669443
2,35,1035,2.15158748,2025-11-18T13:40:07.669443
2,36,1036,2.15145039,2025-11-18T13:40:07.669443
2,37,1037,2.15136694,2025-11-18T13:40:07.669443
2,38,1038,2.15154838,2025-11-18T13:40:07.669443
2,39,1039,2.15158081,2025-11-18T13:40:07.669443
2,40,1040,2.15169835,2025-11-18T13:40:07.669443
2,41,1041,2.15147876,2025-11-18T13:40:07.669443
2,42,1042,2.15169024,2025-11-18T13:40:07.669443
2,43,1043,2.15176868,2025-11-18T13:40:07.669443
2,44,1044,2.15158581,2025-11-18T13:40:07.669443
2,45,1045,2.15152359,2025-11-18T13:40:07.669443
2,46,1046,2.15144228,2025-11-18T13:40:07.669443
2,47,1047,2.15155291,2025-11-18T13:40:07.669443
2,48,1048,2.15141248,2025-11-18T13:40:07.669443
2,49,1049,2.15159535,2025-11-18T13:40:07.669443
2,50,1050,2.15144109,2025-11-18T13:40:07.669443
2,51,1051,2.15133619,2025-11-18T13:40:07.669443
2,52,1052,2.15123748,2025-11-18T13:40:07.669443
2,53,1053,2.15101456,2025-11-18T13:40:07.669443
2,54,1054,2.15100836,2025-11-18T13:40:07.669443
2,55,1055,2.15113902,2025-11-18T13:40:07.669443
2,56,1056,2.15162563,2025-11-18T13:40:07.669443
2,57,1057,2.15160155,2025-11-18T13:40:07.669443
2,58,1058,2.15110826,2025-11-18T13:40:07.669443
2,59,1059,2.15119385,2025-11-18T13:40:07.669443
2,60,1060,2.15096139,2025-11-18T13:40:07.669443
2,61,1061,2.15118265,2025-11-18T13:40:07.669443
2,62,1062,2.15145492,2025-11-18T13:40:07.669443
2,63,1063,2.15103125,2025-11-18T13:40:07.669443
2,64,1064,2.15158152,2025-11-18T13:40:07.669443
2,65,1065,2.1512537,2025-11-18T13:40:07.669443
2,66,1066,2.15121531,2025-11-18T13:40:07.669443
2,67,1067,2.15146183,2025-11-18T13:40:07.669443
2,68,1068,2.15154528,2025-11-18T13:40:07.669443
2,69,1069,2.15183329,2025-11-18T13:40:07.669443
2,70,1070,2.15186691,2025-11-18T13:40:07.669443
2,71,1071,2.1517415,2025-11-18T13:40:07.669443
2,72,1072,2.15157055,2025-11-18T13:40:07.669443
2,73,1073,2.15166473,2025-11-18T13:40:07.669443
2,74,1074,2.15167665,2025-11-18T13:40:07.669443
2,75,1075,2.15182471,2025-11-18T13:40:07.669443
2,76,1076,2.15110659,2025-11-18T13:40:07.669443
2,77,1077,2.15175104,2025-11-18T13:40:07.669443
2,78,1078,2.15187954,2025-11-18T13:40:07.669443
2,79,1079,2.15179395,2025-11-18T13:40:07.669443
2,80,1080,2.15149712,2025-11-18T13:40:07.669443
2,81,1081,2.15157628,2025-11-18T13:40:07.669443
2,82,1082,2.15215563,2025-11-18T13:40:07.669443
2,83,1083,2.15210318,2025-11-18T13:40:07.669443
2,84,1084,2.15183091,2025-11-18T13:40:07.669443
2,85,1085,2.15172791,2025-11-18T13:40:07.669443
2,86,1086,2.15153551,2025-11-18T13:40:07.669443
2,87,1087,2.1515119,2025-11-18T13:40:07.669443
2,88,1088,2.15183091,2025-11-18T13:40:07.669443
2,89,1089,2.15185165,2025-11-18T13:40:07.669443
2,90,1090,2.151937,2025-11-18T13:40:07.669443
2,91,1091,2.15204572,2025-11-18T13:40:07.669443
2,92,1092,2.15224504,2025-11-18T13:40:07.669443
2,93,1093,2.1518476,2025-11-18T13:40:07.669443
2,94,1094,2.15170884,2025-11-18T13:40:07.669443
2,95,1095,2.15202379,2025-11-18T13:40:07.669443
2,96,1096,2.15185475,2025-11-18T13:40:07.669443
2,97,1097,2.15207266,2025-11-18T13:40:07.669443
2,98,1098,2.15205407,2025-11-18T13:40:07.669443
2,99,1099,2.15194582,2025-11-18T13:40:07.669443
2,100,1100,2.15191745,2025-11-18T13:40:07.669443
2,101,1101,2.15202689,2025-11-18T13:40:07.669443
2,102,1102,2.15199804,2025-11-18T13:40:07.669443
2,103,1103,2.15220141,2025-11-18T13:40:07.669443
2,104,1104,2.15208292,2025-11-18T13:40:07.669443
2,105,1105,2.15231466,2025-11-18T13:40:07.669443
2,106,1106,2.15235948,2025-11-18T13:40:07.669443
2,107,1107,2.15241599,2025-11-18T13:40:07.669443
2,108,1108,2.15191888,2025-11-18T13:40:07.669443
2,109,1109,2.15204572,2025-11-18T13:40:07.669443
2,110,1110,2.15183997,2025-11-18T13:40:07.669443
2,111,1111,2.15216135,2025-11-18T13:40:07.669443
2,112,1112,2.15190529,2025-11-18T13:40:07.669443
2,113,1113,2.15198445,2025-11-18T13:40:07.669443
2,114,1114,2.15190649,2025-11-18T13:40:07.669443
2,115,1115,2.15149307,2025-11-18T13:40:07.669443
2,116,1116,2.15172743,2025-11-18T13:40:07.669443
2,117,1117,2.1516385,2025-11-18T13:40:07.669443
2,118,1118,2.15194845,2025-11-18T13:40:07.669443
2,119,1119,2.15177154,2025-11-18T13:40:07.669443
2,120,1120,2.15239167,2025-11-18T13:40:07.669443
2,121,1121,2.15218663,2025-11-18T13:40:07.669443
2,122,1122,2.15223836,2025-11-18T13:40:07.669443
2,123,1123,2.1519823,2025-11-18T13:40:07.669443
2,124,1124,2.15168905,2025-11-18T13:40:07.669443
2,125,1125,2.15164661,2025-11-18T13:40:07.669443
2,126,1126,2.15209984,2025-11-18T13:40:07.669443
2,127,1127,2.15186023,2025-11-18T13:40:07.669443
2,128,1128,2.15220832,2025-11-18T13:40:07.669443
2,129,1129,2.1522324,2025-11-18T13:40:07.669443
2,130,1130,2.15209555,2025-11-18T13:40:07.669443
2,131,1131,2.15172529,2025-11-18T13:40:07.669443
2,132,1132,2.15175533,2025-11-18T13:40:07.669443
2,133,1133,2.15190672,2025-11-18T13:40:07.669443
2,134,1134,2.15181088,2025-11-18T13:40:07.669443
2,135,1135,2.15200448,2025-11-18T13:40:07.669443
2,136,1136,2.15202951,2025-11-18T13:40:07.669443
2,137,1137,2.15177655,2025-11-18T13:40:07.669443
2,138,1138,2.15178513,2025-11-18T13:40:07.669443
2,139,1139,2.15178847,2025-11-18T13:40:07.669443
2,140,1140,2.15177822,2025-11-18T13:40:07.669443
2,141,1141,2.15188241,2025-11-18T13:40:07.669443
2,142,1142,2.1521275,2025-11-18T13:40:07.669443
2,143,1143,2.1519401,2025-11-18T13:40:07.669443
2,144,1144,2.15169382,2025-11-18T13:40:07.669443
2,145,1145,2.15158867,2025-11-18T13:40:07.669443
2,146,1146,2.15192627,2025-11-18T13:40:07.669443
2,147,1147,2.1518464,2025-11-18T13:40:07.669443
2,148,1148,2.15188789,2025-11-18T13:40:07.669443
2,149,1149,2.15184712,2025-11-18T13:40:07.669443
2,150,1150,2.15208768,2025-11-18T13:40:07.669443
2,151,1151,2.1519351,2025-11-18T13:40:07.669443
2,152,1152,2.15175652,2025-11-18T13:40:07.669443
2,153,1153,2.15215253,2025-11-18T13:40:07.669443
2,154,1154,2.15210199,2025-11-18T13:40:07.669443
2,155,1155,2.15205645,2025-11-18T13:40:07.669443
2,156,1156,2.15177464,2025-11-18T13:40:07.669443
2,157,1157,2.15182781,2025-11-18T13:40:07.669443
2,158,1158,2.15171432,2025-11-18T13:40:07.669443
2,159,1159,2.15140438,2025-11-18T13:40:07.669443
2,160,1160,2.1520729,2025-11-18T13:40:07.669443
2,161,1161,2.15236544,2025-11-18T13:40:07.669443
2,162,1162,2.15218615,2025-11-18T13:40:07.669443
2,163,1163,2.1523962,2025-11-18T13:40:07.669443
2,164,1164,2.15221738,2025-11-18T13:40:07.669443
2,165,1165,2.15237665,2025-11-18T13:40:07.669443
2,166,1166,2.15225553,2025-11-18T13:40:07.669443
2,167,1167,2.1519699,2025-11-18T13:40:07.669443
2,168,1168,2.15211892,2025-11-18T13:40:07.669443
2,169,1169,2.15187025,2025-11-18T13:40:07.669443
2,170,1170,2.1518135,2025-11-18T13:40:07.669443
2,171,1171,2.15153384,2025-11-18T13:40:07.669443
2,172,1172,2.15165734,2025-11-18T13:40:07.669443
2,173,1173,2.1515491,2025-11-18T13:40:07.669443
2,174,1174,2.15170669,2025-11-18T13:40:07.669443
2,175,1175,2.15184783,2025-11-18T13:40:07.669443
2,176,1176,2.15209364,2025-11-18T13:40:07.669443
2,177,1177,2.15206265,2025-11-18T13:40:07.669443
2,178,1178,2.15197825,2025-11-18T13:40:07.669443
2,179,1179,2.1519308,2025-11-18T13:40:07.669443
2,180,1180,2.15210676,2025-11-18T13:40:07.669443
2,181,1181,2.15240073,2025-11-18T13:40:07.669443
2,182,1182,2.15230941,2025-11-18T13:40:07.669443
2,183,1183,2.15226054,2025-11-18T13:40:07.669443
2,184,1184,2.15174412,2025-11-18T13:40:07.669443
2,185,1185,2.15192747,2025-11-18T13:40:07.669443
2,186,1186,2.15186023,2025-11-18T13:40:07.669443
2,187,1187,2.15156197,2025-11-18T13:40:07.669443
2,188,1188,2.15147924,2025-11-18T13:40:07.669443
2,189,1189,2.15164041,2025-11-18T13:40:07.669443
2,190,1190,2.15156364,2025-11-18T13:40:07.669443
2,191,1191,2.15157675,2025-11-18T13:40:07.669443
2,192,1192,2.15161991,2025-11-18T13:40:07.669443
2,193,1193,2.15181636,2025-11-18T13:40:07.669443
2,194,1194,2.15201735,2025-11-18T13:40:07.669443
2,195,1195,2.15207123,2025-11-18T13:40:07.669443
2,196,1196,2.15211606,2025-11-18T13:40:07.669443
2,197,1197,2.15188074,2025-11-18T13:40:07.669443
2,198,1198,2.15195274,2025-11-18T13:40:07.669443
2,199,1199,2.15201807,2025-11-18T13:40:07.669443
2,200,1200,2.15199947,2025-11-18T13:40:07.669443
2,201,1201,2.15171599,2025-11-18T13:40:07.669443
2,202,1202,2.15158104,2025-11-18T13:40:07.669443
2,203,1203,2.15153241,2025-11-18T13:40:07.669443
2,204,1204,2.15123748,2025-11-18T13:40:07.669443
2,205,1205,2.15176725,2025-11-18T13:40:07.669443
2,206,1206,2.15181636,2025-11-18T13:40:07.669443
2,207,1207,2.15208077,2025-11-18T13:40:07.669443
2,208,1208,2.15223622,2025-11-18T13:40:07.669443
2,209,1209,2.15191769,2025-11-18T13:40:07.669443
2,210,1210,2.15166664,2025-11-18T13:40:07.669443
2,211,1211,2.15177273,2025-11-18T13:40:07.669443
2,212,1212,2.15163064,2025-11-18T13:40:07.669443
2,213,1213,2.15161752,2025-11-18T13:40:07.669443
2,214,1214,2.15166783,2025-11-18T13:40:07.669443
2,215,1215,2.15179538,2025-11-18T13:40:07.669443
2,216,1216,2.15142202,2025-11-18T13:40:07.669443
2,217,1217,2.15111446,2025-11-18T13:40:07.669443
2,218,1218,2.15152549,2025-11-18T13:40:07.669443
2,219,1219,2.15157675,2025-11-18T13:40:07.669443
2,220,1220,2.15164279,2025-11-18T13:40:07.669443
2,221,1221,2.15161943,2025-11-18T13:40:07.669443
2,222,1222,2.15141773,2025-11-18T13:40:07.669443
2,223,1223,2.1514194,2025-11-18T13:40:07.669443
2,224,1224,2.15126395,2025-11-18T13:40:07.669443
2,225,1225,2.15179705,2025-11-18T13:40:07.669443
2,226,1226,2.15173768,2025-11-18T13:40:07.669443
2,227,1227,2.15163969,2025-11-18T13:40:07.669443
2,228,1228,2.15152573,2025-11-18T13:40:07.669443
2,229,1229,2.15164256,2025-11-18T13:40:07.669443
2,230,1230,2.15162849,2025-11-18T13:40:07.669443
2,231,1231,2.15145444,2025-11-18T13:40:07.669443
2,232,1232,2.15132403,2025-11-18T13:40:07.669443
2,233,1233,2.15161728,2025-11-18T13:40:07.669443
2,234,1234,2.15199708,2025-11-18T13:40:07.669443
2,235,1235,2.1517086,2025-11-18T13:40:07.669443
2,236,1236,2.15177941,2025-11-18T13:40:07.669443
2,237,1237,2.15129637,2025-11-18T13:40:07.669443
2,238,1238,2.1514163,2025-11-18T13:40:07.669443
2,239,1239,2.15132546,2025-11-18T13:40:07.669443
2,240,1240,2.1514132,2025-11-18T13:40:07.669443
2,241,1241,2.15102028,2025-11-18T13:40:07.669443
2,242,1242,2.15082979,2025-11-18T13:40:07.669443
2,243,1243,2.150949,2025-11-18T13:40:07.669443
2,244,1244,2.15098905,2025-11-18T13:40:07.669443
2,245,1245,2.15070366,2025-11-18T13:40:07.669443
2,246,1246,2.15087103,2025-11-18T13:40:07.669443
2,247,1247,2.15088176,2025-11-18T13:40:07.669443
2,248,1248,2.15104293,2025-11-18T13:40:07.669443
2,249,1249,2.15107655,2025-11-18T13:40:07.669443
2,250,1250,2.15133953,2025-11-18T13:40:07.669443
2,251,1251,2.15116739,2025-11-18T13:40:07.669443
2,252,1252,2.15073037,2025-11-18T13:40:07.669443
2,253,1253,2.15054249,2025-11-18T13:40:07.669443
2,254,1254,2.15062928,2025-11-18T13:40:07.669443
2,255,1255,2.1507287,2025-11-18T13:40:07.669443
2,256,1256,2.15069007,2025-11-18T13:40:07.669443
2,257,1257,2.15073776,2025-11-18T13:40:07.669443
2,258,1258,2.15082168,2025-11-18T13:40:07.669443
2,259,1259,2.15069937,2025-11-18T13:40:07.669443
2,260,1260,2.15068316,2025-11-18T13:40:07.669443
2,261,1261,2.15075874,2025-11-18T13:40:07.669443
2,262,1262,2.15067362,2025-11-18T13:40:07.669443
2,263,1263,2.15070629,2025-11-18T13:40:07.669443
2,264,1264,2.15066266,2025-11-18T13:40:07.669443
2,265,1265,2.15069031,2025-11-18T13:40:07.669443
2,266,1266,2.15092611,2025-11-18T13:40:07.669443
2,267,1267,2.15099763,2025-11-18T13:40:07.669443
2,268,1268,2.15086054,2025-11-18T13:40:07.669443
2,269,1269,2.15087723,2025-11-18T13:40:07.669443
2,270,1270,2.15096688,2025-11-18T13:40:07.669443
2,271,1271,2.15087175,2025-11-18T13:40:07.669443
2,272,1272,2.15105271,2025-11-18T13:40:07.669443
2,273,1273,2.15103912,2025-11-18T13:40:07.669443
2,274,1274,2.15091776,2025-11-18T13:40:07.669443
2,275,1275,2.15086221,2025-11-18T13:40:07.669443
2,276,1276,2.15080642,2025-11-18T13:40:07.669443
2,277,1277,2.15086412,2025-11-18T13:40:07.669443
2,278,1278,2.15089559,2025-11-18T13:40:07.669443
2,279,1279,2.15092873,2025-11-18T13:40:07.669443
2,280,1280,2.15145206,2025-11-18T13:40:07.669443
2,281,1281,2.15151739,2025-11-18T13:40:07.669443
2,282,1282,2.15138792,2025-11-18T13:40:07.669443
2,283,1283,2.15120816,2025-11-18T13:40:07.669443
2,284,1284,2.15129756,2025-11-18T13:40:07.669443
2,285,1285,2.15149927,2025-11-18T13:40:07.669443
2,286,1286,2.15113139,2025-11-18T13:40:07.669443
2,287,1287,2.15139174,2025-11-18T13:40:07.669443
2,288,1288,2.15158438,2025-11-18T13:40:07.669443
2,289,1289,2.15175223,2025-11-18T13:40:07.669443
2,290,1290,2.15151166,2025-11-18T13:40:07.669443
2,291,1291,2.15161132,2025-11-18T13:40:07.669443
2,292,1292,2.15156602,2025-11-18T13:40:07.669443
2,293,1293,2.15201711,2025-11-18T13:40:07.669443
2,294,1294,2.15182113,2025-11-18T13:40:07.669443
2,295,1295,2.15168094,2025-11-18T13:40:07.669443
2,296,1296,2.15180182,2025-11-18T13:40:07.669443
2,297,1297,2.15187406,2025-11-18T13:40:07.669443
2,298,1298,2.15174508,2025-11-18T13:40:07.669443
2,299,1299,2.15184211,2025-11-18T13:40:07.669443
2,300,1300,2.15201687,2025-11-18T13:40:07.669443
2,301,1301,2.15215229,2025-11-18T13:40:07.669443
2,302,1302,2.15163064,2025-11-18T13:40:07.669443
2,303,1303,2.15198874,2025-11-18T13:40:07.669443
2,304,1304,2.15155458,2025-11-18T13:40:07.669443
2,305,1305,2.15152573,2025-11-18T13:40:07.669443
2,306,1306,2.15117597,2025-11-18T13:40:07.669443
2,307,1307,2.15131831,2025-11-18T13:40:07.669443
2,308,1308,2.1515305,2025-11-18T13:40:07.669443
2,309,1309,2.15150046,2025-11-18T13:40:07.669443
2,310,1310,2.15159606,2025-11-18T13:40:07.669443
2,311,1311,2.15150022,2025-11-18T13:40:07.669443
2,312,1312,2.15159654,2025-11-18T13:40:07.669443
2,313,1313,2.1518259,2025-11-18T13:40:07.669443
2,314,1314,2.15191364,2025-11-18T13:40:07.669443
2,315,1315,2.15207576,2025-11-18T13:40:07.669443
2,316,1316,2.15253901,2025-11-18T13:40:07.669443
2,317,1317,2.15217542,2025-11-18T13:40:07.669443
2,318,1318,2.15243625,2025-11-18T13:40:07.669443
2,319,1319,2.15244674,2025-11-18T13:40:07.669443
2,320,1320,2.15254402,2025-11-18T13:40:07.669443
2,321,1321,2.15272879,2025-11-18T13:40:07.669443
2,322,1322,2.15282559,2025-11-18T13:40:07.669443
2,323,1323,2.15288972,2025-11-18T13:40:07.669443
2,324,1324,2.15261244,2025-11-18T13:40:07.669443
2,325,1325,2.15290474,2025-11-18T13:40:07.669443
2,326,1326,2.1528387,2025-11-18T13:40:07.669443
2,327,1327,2.1522994,2025-11-18T13:40:07.669443
2,328,1328,2.1522324,2025-11-18T13:40:07.669443
2,329,1329,2.15241456,2025-11-18T13:40:07.669443
2,330,1330,2.15275144,2025-11-18T13:40:07.669443
2,331,1331,2.15325307,2025-11-18T13:40:07.669443
2,332,1332,2.15319442,2025-11-18T13:40:07.669443
2,333,1333,2.15307044,2025-11-18T13:40:07.669443
2,334,1334,2.15303444,2025-11-18T13:40:07.669443
2,335,1335,2.15297651,2025-11-18T13:40:07.669443
2,336,1336,2.15203547,2025-11-18T13:40:07.669443
2,337,1337,2.15233469,2025-11-18T13:40:07.669443
2,338,1338,2.15234971,2025-11-18T13:40:07.669443
2,339,1339,2.15205192,2025-11-18T13:40:07.669443
2,340,1340,2.15185022,2025-11-18T13:40:07.669443
2,341,1341,2.15216612,2025-11-18T13:40:07.669443
2,342,1342,2.15230298,2025-11-18T13:40:07.669443
2,343,1343,2.15214562,2025-11-18T13:40:07.669443
2,344,1344,2.15254163,2025-11-18T13:40:07.669443
2,345,1345,2.15207314,2025-11-18T13:40:07.669443
2,346,1346,2.151937,2025-11-18T13:40:07.669443
2,347,1347,2.15190958,2025-11-18T13:40:07.669443
2,348,1348,2.15185523,2025-11-18T13:40:07.669443
2,349,1349,2.15196824,2025-11-18T13:40:07.669443
2,350,1350,2.1519649,2025-11-18T13:40:07.669443
2,351,1351,2.15215325,2025-11-18T13:40:07.669443
2,352,1352,2.15219378,2025-11-18T13:40:07.669443
2,353,1353,2.15243697,2025-11-18T13:40:07.669443
2,354,1354,2.15218806,2025-11-18T13:40:07.669443
2,355,1355,2.15222525,2025-11-18T13:40:07.669443
2,356,1356,2.15207147,2025-11-18T13:40:07.669443
2,357,1357,2.15188336,2025-11-18T13:40:07.669443
2,358,1358,2.15197896,2025-11-18T13:40:07.669443
2,359,1359,2.15214729,2025-11-18T13:40:07.669443
2,360,1360,2.15192794,2025-11-18T13:40:07.669443
2,361,1361,2.15199804,2025-11-18T13:40:07.669443
2,362,1362,2.15244889,2025-11-18T13:40:07.669443
2,363,1363,2.15229249,2025-11-18T13:40:07.669443
2,364,1364,2.15188407,2025-11-18T13:40:07.669443
2,365,1365,2.15207123,2025-11-18T13:40:07.669443
2,366,1366,2.15231943,2025-11-18T13:40:07.669443
2,367,1367,2.15294647,2025-11-18T13:40:07.669443
2,368,1368,2.15290236,2025-11-18T13:40:07.669443
2,369,1369,2.15295243,2025-11-18T13:40:07.669443
2,370,1370,2.15281248,2025-11-18T13:40:07.669443
2,371,1371,2.15281105,2025-11-18T13:40:07.669443
2,372,1372,2.15275931,2025-11-18T13:40:07.669443
2,373,1373,2.15273904,2025-11-18T13:40:07.669443
2,374,1374,2.15269541,2025-11-18T13:40:07.669443
2,375,1375,2.15292739,2025-11-18T13:40:07.669443
2,376,1376,2.15246343,2025-11-18T13:40:07.669443
2,377,1377,2.15235233,2025-11-18T13:40:07.669443
2,378,1378,2.15250587,2025-11-18T13:40:07.669443
2,379,1379,2.15258598,2025-11-18T13:40:07.669443
2,380,1380,2.15259361,2025-11-18T13:40:07.669443
2,381,1381,2.15289211,2025-11-18T13:40:07.669443
2,382,1382,2.1527853,2025-11-18T13:40:07.669443
2,383,1383,2.15251517,2025-11-18T13:40:07.669443
2,384,1384,2.15232682,2025-11-18T13:40:07.669443
2,385,1385,2.15223479,2025-11-18T13:40:07.669443
2,386,1386,2.15234851,2025-11-18T13:40:07.669443
2,387,1387,2.15246176,2025-11-18T13:40:07.669443
2,388,1388,2.15252804,2025-11-18T13:40:07.669443
2,389,1389,2.15280103,2025-11-18T13:40:07.669443
2,390,1390,2.15276694,2025-11-18T13:40:07.669443
2,391,1391,2.15252041,2025-11-18T13:40:07.669443
2,392,1392,2.15257811,2025-11-18T13:40:07.669443
2,393,1393,2.15261149,2025-11-18T13:40:07.669443
2,394,1394,2.15246224,2025-11-18T13:40:07.669443
2,395,1395,2.15250039,2025-11-18T13:40:07.669443
2,396,1396,2.1528387,2025-11-18T13:40:07.669443
2,397,1397,2.15261173,2025-11-18T13:40:07.669443
2,398,1398,2.15256237,2025-11-18T13:40:07.669443
2,399,1399,2.15336775,2025-11-18T13:40:07.669443
2,400,1400,2.15278553,2025-11-18T13:40:07.669443
2,401,1401,2.15275573,2025-11-18T13:40:07.669443
2,402,1402,2.15305995,2025-11-18T13:40:07.669443
2,403,1403,2.15296411,2025-11-18T13:40:07.669443
2,404,1404,2.15299367,2025-11-18T13:40:07.669443
2,405,1405,2.15271067,2025-11-18T13:40:07.669443
2,406,1406,2.15235447,2025-11-18T13:40:07.669443
2,407,1407,2.15276741,2025-11-18T13:40:07.669443
2,408,1408,2.1524291,2025-11-18T13:40:07.669443
2,409,1409,2.15237307,2025-11-18T13:40:07.669443
2,410,1410,2.15207648,2025-11-18T13:40:07.669443
2,411,1411,2.15193915,2025-11-18T13:40:07.669443
2,412,1412,2.15213632,2025-11-18T13:40:07.669443
2,413,1413,2.15197777,2025-11-18T13:40:07.669443
2,414,1414,2.15188074,2025-11-18T13:40:07.669443
2,415,1415,2.15181374,2025-11-18T13:40:07.669443
2,416,1416,2.15182447,2025-11-18T13:40:07.669443
2,417,1417,2.15201902,2025-11-18T13:40:07.669443
2,418,1418,2.15197825,2025-11-18T13:40:07.669443
2,419,1419,2.15236687,2025-11-18T13:40:07.669443
2,420,1420,2.15230631,2025-11-18T13:40:07.669443
2,421,1421,2.15183663,2025-11-18T13:40:07.669443
2,422,1422,2.15215134,2025-11-18T13:40:07.669443
2,423,1423,2.15201854,2025-11-18T13:40:07.669443
2,424,1424,2.15240049,2025-11-18T13:40:07.669443
2,425,1425,2.15258145,2025-11-18T13:40:07.669443
2,426,1426,2.15238642,2025-11-18T13:40:07.669443
2,427,1427,2.15247869,2025-11-18T13:40:07.669443
2,428,1428,2.1523025,2025-11-18T13:40:07.669443
2,429,1429,2.15207386,2025-11-18T13:40:07.669443
2,430,1430,2.15232419,2025-11-18T13:40:07.669443
2,431,1431,2.15220117,2025-11-18T13:40:07.669443
2,432,1432,2.15185189,2025-11-18T13:40:07.669443
2,433,1433,2.15159106,2025-11-18T13:40:07.669443
2,434,1434,2.15145254,2025-11-18T13:40:07.669443
2,435,1435,2.15149307,2025-11-18T13:40:07.669443
2,436,1436,2.15152549,2025-11-18T13:40:07.669443
2,437,1437,2.15210223,2025-11-18T13:40:07.669443
2,438,1438,2.15215039,2025-11-18T13:40:07.669443
2,439,1439,2.15227127,2025-11-18T13:40:07.669443
2,440,1440,2.15212893,2025-11-18T13:40:07.669443
2,441,1441,2.15224909,2025-11-18T13:40:07.669443
2,442,1442,2.15200257,2025-11-18T13:40:07.669443
2,443,1443,2.1518619,2025-11-18T13:40:07.669443
2,444,1444,2.15217185,2025-11-18T13:40:07.669443
2,445,1445,2.15208721,2025-11-18T13:40:07.669443
2,446,1446,2.15234565,2025-11-18T13:40:07.669443
2,447,1447,2.15209722,2025-11-18T13:40:07.669443
2,448,1448,2.15209603,2025-11-18T13:40:07.669443
2,449,1449,2.15193438,2025-11-18T13:40:07.669443
2,450,1450,2.15209889,2025-11-18T13:40:07.669443
2,451,1451,2.15262985,2025-11-18T13:40:07.669443
2,452,1452,2.15251374,2025-11-18T13:40:07.669443
2,453,1453,2.1520605,2025-11-18T13:40:07.669443
2,454,1454,2.15198159,2025-11-18T13:40:07.669443
2,455,1455,2.15186667,2025-11-18T13:40:07.669443
2,456,1456,2.15216517,2025-11-18T13:40:07.669443
2,457,1457,2.15194416,2025-11-18T13:40:07.669443
2,458,1458,2.15189027,2025-11-18T13:40:07.669443
2,459,1459,2.15184378,2025-11-18T13:40:07.669443
2,460,1460,2.15186524,2025-11-18T13:40:07.669443
2,461,1461,2.15213823,2025-11-18T13:40:07.669443
2,462,1462,2.15216374,2025-11-18T13:40:07.669443
2,463,1463,2.15222525,2025-11-18T13:40:07.669443
2,464,1464,2.15202999,2025-11-18T13:40:07.669443
2,465,1465,2.15153431,2025-11-18T13:40:07.669443
2,466,1466,2.15195751,2025-11-18T13:40:07.669443
2,467,1467,2.15184903,2025-11-18T13:40:07.669443
2,468,1468,2.15187716,2025-11-18T13:40:07.669443
2,469,1469,2.15200352,2025-11-18T13:40:07.669443
2,470,1470,2.15202164,2025-11-18T13:40:07.669443
2,471,1471,2.1519432,2025-11-18T13:40:07.669443
2,472,1472,2.15191555,2025-11-18T13:40:07.669443
2,473,1473,2.15217304,2025-11-18T13:40:07.669443
2,474,1474,2.15217423,2025-11-18T13:40:07.669443
2,475,1475,2.15166616,2025-11-18T13:40:07.669443
2,476,1476,2.15146183,2025-11-18T13:40:07.669443
2,477,1477,2.15208578,2025-11-18T13:40:07.669443
2,478,1478,2.15262722,2025-11-18T13:40:07.669443
2,479,1479,2.15248322,2025-11-18T13:40:07.669443
2,480,1480,2.15227365,2025-11-18T13:40:07.669443
2,481,1481,2.15250468,2025-11-18T13:40:07.669443
2,482,1482,2.1523354,2025-11-18T13:40:07.669443
2,483,1483,2.15203261,2025-11-18T13:40:07.669443
2,484,1484,2.15205264,2025-11-18T13:40:07.669443
2,485,1485,2.15155434,2025-11-18T13:40:07.669443
2,486,1486,2.15168809,2025-11-18T13:40:07.669443
2,487,1487,2.15212512,2025-11-18T13:40:07.669443
2,488,1488,2.15186882,2025-11-18T13:40:07.669443
2,489,1489,2.15196275,2025-11-18T13:40:07.669443
2,490,1490,2.15264654,2025-11-18T13:40:07.669443
2,491,1491,2.15246748,2025-11-18T13:40:07.669443
2,492,1492,2.15249729,2025-11-18T13:40:07.669443
2,493,1493,2.15221118,2025-11-18T13:40:07.669443
2,494,1494,2.15204954,2025-11-18T13:40:07.669443
2,495,1495,2.15186572,2025-11-18T13:40:07.669443
2,496,1496,2.15192675,2025-11-18T13:40:07.669443
2,497,1497,2.15245628,2025-11-18T13:40:07.669443
2,498,1498,2.15223956,2025-11-18T13:40:07.669443
2,499,1499,2.15215301,2025-11-18T13:40:07.669443
2,500,1500,2.15221548,2025-11-18T13:40:07.669443
2,501,1501,2.15232253,2025-11-18T13:40:07.669443
2,502,1502,2.15249252,2025-11-18T13:40:07.669443
2,503,1503,2.15258312,2025-11-18T13:40:07.669443
2,504,1504,2.15266132,2025-11-18T13:40:07.669443
2,505,1505,2.15305519,2025-11-18T13:40:07.669443
2,506,1506,2.15351271,2025-11-18T13:40:07.669443
2,507,1507,2.15325832,2025-11-18T13:40:07.669443
2,508,1508,2.15429019,2025-11-18T13:40:07.669443
2,509,1509,2.15440607,2025-11-18T13:40:07.669443
2,510,1510,2.15357828,2025-11-18T13:40:07.669443
2,511,1511,2.15359878,2025-11-18T13:40:07.669443
2,512,1512,2.15347099,2025-11-18T13:40:07.669443
2,513,1513,2.15362644,2025-11-18T13:40:07.669443
2,514,1514,2.15365409,2025-11-18T13:40:07.669443
2,515,1515,2.15325975,2025-11-18T13:40:07.669443
2,516,1516,2.1534276,2025-11-18T13:40:07.669443
2,517,1517,2.15335965,2025-11-18T13:40:07.669443
2,518,1518,2.15359783,2025-11-18T13:40:07.669443
2,519,1519,2.15357398,2025-11-18T13:40:07.669443
2,520,1520,2.15367484,2025-11-18T13:40:07.669443
2,521,1521,2.15392279,2025-11-18T13:40:07.669443
2,522,1522,2.15381884,2025-11-18T13:40:07.669443
2,523,1523,2.15382599,2025-11-18T13:40:07.669443
2,524,1524,2.15362286,2025-11-18T13:40:07.669443
2,525,1525,2.15376615,2025-11-18T13:40:07.669443
2,526,1526,2.15368866,2025-11-18T13:40:07.669443
2,527,1527,2.15310478,2025-11-18T13:40:07.669443
2,528,1528,2.15317535,2025-11-18T13:40:07.669443
2,529,1529,2.15304136,2025-11-18T13:40:07.669443
2,530,1530,2.15304756,2025-11-18T13:40:07.669443
2,531,1531,2.15310835,2025-11-18T13:40:07.669443
2,532,1532,2.15319323,2025-11-18T13:40:07.669443
2,533,1533,2.15378117,2025-11-18T13:40:07.669443
2,534,1534,2.1537168,2025-11-18T13:40:07.669443
2,535,1535,2.15380573,2025-11-18T13:40:07.669443
2,536,1536,2.15376234,2025-11-18T13:40:07.669443
2,537,1537,2.15309166,2025-11-18T13:40:07.669443
2,538,1538,2.15325021,2025-11-18T13:40:07.669443
2,539,1539,2.15364766,2025-11-18T13:40:07.669443
2,540,1540,2.15378427,2025-11-18T13:40:07.669443
2,541,1541,2.15372037,2025-11-18T13:40:07.669443
2,542,1542,2.1536405,2025-11-18T13:40:07.669443
2,543,1543,2.15351033,2025-11-18T13:40:07.669443
2,544,1544,2.15304684,2025-11-18T13:40:07.669443
2,545,1545,2.15308904,2025-11-18T13:40:07.669443
2,546,1546,2.15344166,2025-11-18T13:40:07.669443
2,547,1547,2.15334987,2025-11-18T13:40:07.669443
2,548,1548,2.15345692,2025-11-18T13:40:07.669443
2,549,1549,2.15285754,2025-11-18T13:40:07.669443
2,550,1550,2.15296125,2025-11-18T13:40:07.669443
2,551,1551,2.15299248,2025-11-18T13:40:07.669443
2,552,1552,2.15286111,2025-11-18T13:40:07.669443
2,553,1553,2.15297746,2025-11-18T13:40:07.669443
2,554,1554,2.15335583,2025-11-18T13:40:07.669443
2,555,1555,2.15320587,2025-11-18T13:40:07.669443
2,556,1556,2.1532123,2025-11-18T13:40:07.669443
2,557,1557,2.1532979,2025-11-18T13:40:07.669443
2,558,1558,2.15333938,2025-11-18T13:40:07.669443
2,559,1559,2.153481,2025-11-18T13:40:07.669443
2,560,1560,2.15320825,2025-11-18T13:40:07.669443
2,561,1561,2.15324592,2025-11-18T13:40:07.669443
2,562,1562,2.15341806,2025-11-18T13:40:07.669443
2,563,1563,2.15353584,2025-11-18T13:40:07.669443
2,564,1564,2.15368485,2025-11-18T13:40:07.669443
2,565,1565,2.15332484,2025-11-18T13:40:07.669443
2,566,1566,2.15309929,2025-11-18T13:40:07.669443
2,567,1567,2.15300965,2025-11-18T13:40:07.669443
2,568,1568,2.15297389,2025-11-18T13:40:07.669443
2,569,1569,2.15332841,2025-11-18T13:40:07.669443
2,570,1570,2.15322184,2025-11-18T13:40:07.669443
2,571,1571,2.15298128,2025-11-18T13:40:07.669443
2,572,1572,2.15310788,2025-11-18T13:40:07.669443
2,573,1573,2.1530919,2025-11-18T13:40:07.669443
2,574,1574,2.15280199,2025-11-18T13:40:07.669443
2,575,1575,2.15290641,2025-11-18T13:40:07.669443
2,576,1576,2.15289711,2025-11-18T13:40:07.669443
2,577,1577,2.15281105,2025-11-18T13:40:07.669443
2,578,1578,2.1525731,2025-11-18T13:40:07.669443
2,579,1579,2.15294957,2025-11-18T13:40:07.669443
2,580,1580,2.15362644,2025-11-18T13:40:07.669443
2,581,1581,2.15287661,2025-11-18T13:40:07.669443
2,582,1582,2.15279531,2025-11-18T13:40:07.669443
2,583,1583,2.15261411,2025-11-18T13:40:07.669443
2,584,1584,2.15284848,2025-11-18T13:40:07.669443
2,585,1585,2.15276956,2025-11-18T13:40:07.669443
2,586,1586,2.15304994,2025-11-18T13:40:07.669443
2,587,1587,2.15286827,2025-11-18T13:40:07.669443
2,588,1588,2.15299081,2025-11-18T13:40:07.669443
2,589,1589,2.15310478,2025-11-18T13:40:07.669443
2,590,1590,2.15313553,2025-11-18T13:40:07.669443
2,591,1591,2.15389299,2025-11-18T13:40:07.669443
2,592,1592,2.15313124,2025-11-18T13:40:07.669443
2,593,1593,2.15304923,2025-11-18T13:40:07.669443
2,594,1594,2.15350604,2025-11-18T13:40:07.669443
2,595,1595,2.15324401,2025-11-18T13:40:07.669443
2,596,1596,2.15330719,2025-11-18T13:40:07.669443
2,597,1597,2.15328836,2025-11-18T13:40:07.669443
2,598,1598,2.15346002,2025-11-18T13:40:07.669443
2,599,1599,2.15324902,2025-11-18T13:40:07.669443
2,600,1600,2.15324306,2025-11-18T13:40:07.669443
2,601,1601,2.15341973,2025-11-18T13:40:07.669443
2,602,1602,2.15333962,2025-11-18T13:40:07.669443
2,603,1603,2.15351247,2025-11-18T13:40:07.669443
2,604,1604,2.15346956,2025-11-18T13:40:07.669443
2,605,1605,2.15343475,2025-11-18T13:40:07.669443
2,606,1606,2.15346217,2025-11-18T13:40:07.669443
2,607,1607,2.15352892,2025-11-18T13:40:07.669443
2,608,1608,2.15396094,2025-11-18T13:40:07.669443
2,609,1609,2.15368914,2025-11-18T13:40:07.669443
2,610,1610,2.15377807,2025-11-18T13:40:07.669443
2,611,1611,2.1538937,2025-11-18T13:40:07.669443
2,612,1612,2.1543715,2025-11-18T13:40:07.669443
2,613,1613,2.15426278,2025-11-18T13:40:07.669443
2,614,1614,2.1542232,2025-11-18T13:40:07.669443
2,615,1615,2.15423297,2025-11-18T13:40:07.669443
2,616,1616,2.15443015,2025-11-18T13:40:07.669443
2,617,1617,2.15392613,2025-11-18T13:40:07.669443
2,618,1618,2.15413546,2025-11-18T13:40:07.669443
2,619,1619,2.15325665,2025-11-18T13:40:07.669443
2,620,1620,2.15333104,2025-11-18T13:40:07.669443
2,621,1621,2.15390825,2025-11-18T13:40:07.669443
2,622,1622,2.15422844,2025-11-18T13:40:07.669443
2,623,1623,2.15489244,2025-11-18T13:40:07.669443
2,624,1624,2.15532302,2025-11-18T13:40:07.669443
2,625,1625,2.15570902,2025-11-18T13:40:07.669443
2,626,1626,2.15582346,2025-11-18T13:40:07.669443
2,627,1627,2.15593647,2025-11-18T13:40:07.669443
2,628,1628,2.15620541,2025-11-18T13:40:07.669443
2,629,1629,2.15619707,2025-11-18T13:40:07.669443
2,630,1630,2.15626525,2025-11-18T13:40:07.669443
2,631,1631,2.1560502,2025-11-18T13:40:07.669443
2,632,1632,2.15614485,2025-11-18T13:40:07.669443
2,633,1633,2.15625262,2025-11-18T13:40:07.669443
2,634,1634,2.15633273,2025-11-18T13:40:07.669443
2,635,1635,2.15636396,2025-11-18T13:40:07.669443
2,636,1636,2.15625882,2025-11-18T13:40:07.669443
2,637,1637,2.15653395,2025-11-18T13:40:07.669443
2,638,1638,2.15648651,2025-11-18T13:40:07.669443
2,639,1639,2.15657806,2025-11-18T13:40:07.669443
2,640,1640,2.15651392,2025-11-18T13:40:07.669443
2,641,1641,2.15630102,2025-11-18T13:40:07.669443
2,642,1642,2.15612244,2025-11-18T13:40:07.669443
2,643,1643,2.15635776,2025-11-18T13:40:07.669443
2,644,1644,2.1560409,2025-11-18T13:40:07.669443
2,645,1645,2.15623545,2025-11-18T13:40:07.669443
2,646,1646,2.15638613,2025-11-18T13:40:07.669443
2,647,1647,2.1561625,2025-11-18T13:40:07.669443
2,648,1648,2.15610241,2025-11-18T13:40:07.669443
2,649,1649,2.15616154,2025-11-18T13:40:07.669443
2,650,1650,2.1561625,2025-11-18T13:40:07.669443
2,651,1651,2.15615606,2025-11-18T13:40:07.669443
2,652,1652,2.15598917,2025-11-18T13:40:07.669443
2,653,1653,2.15600633,2025-11-18T13:40:07.669443
2,654,1654,2.15584397,2025-11-18T13:40:07.669443
2,655,1655,2.1559422,2025-11-18T13:40:07.669443
2,656,1656,2.15581393,2025-11-18T13:40:07.669443
2,657,1657,2.15613603,2025-11-18T13:40:07.669443
2,658,1658,2.15592169,2025-11-18T13:40:07.669443
2,659,1659,2.1563878,2025-11-18T13:40:07.669443
2,660,1660,2.15633416,2025-11-18T13:40:07.669443
2,661,1661,2.15661191,2025-11-18T13:40:07.669443
2,662,1662,2.15640163,2025-11-18T13:40:07.669443
2,663,1663,2.15617918,2025-11-18T13:40:07.669443
2,664,1664,2.15609598,2025-11-18T13:40:07.669443
2,665,1665,2.15607428,2025-11-18T13:40:07.669443
2,666,1666,2.15634226,2025-11-18T13:40:07.669443
2,667,1667,2.15676307,2025-11-18T13:40:07.669443
2,668,1668,2.15668559,2025-11-18T13:40:07.669443
2,669,1669,2.15634679,2025-11-18T13:40:07.669443
2,670,1670,2.15656876,2025-11-18T13:40:07.669443
2,671,1671,2.15645766,2025-11-18T13:40:07.669443
2,672,1672,2.1566081,2025-11-18T13:40:07.669443
2,673,1673,2.15671348,2025-11-18T13:40:07.669443
2,674,1674,2.15649843,2025-11-18T13:40:07.669443
2,675,1675,2.15640878,2025-11-18T13:40:07.669443
2,676,1676,2.15643215,2025-11-18T13:40:07.669443
2,677,1677,2.15646409,2025-11-18T13:40:07.669443
2,678,1678,2.15675377,2025-11-18T13:40:07.669443
2,679,1679,2.15670895,2025-11-18T13:40:07.669443
2,680,1680,2.15670347,2025-11-18T13:40:07.669443
2,681,1681,2.15647721,2025-11-18T13:40:07.669443
2,682,1682,2.15634775,2025-11-18T13:40:07.669443
2,683,1683,2.15646696,2025-11-18T13:40:07.669443
2,684,1684,2.15651702,2025-11-18T13:40:07.669443
2,685,1685,2.15658712,2025-11-18T13:40:07.669443
2,686,1686,2.15651988,2025-11-18T13:40:07.669443
2,687,1687,2.15590214,2025-11-18T13:40:07.669443
2,688,1688,2.15566492,2025-11-18T13:40:07.669443
2,689,1689,2.15686559,2025-11-18T13:40:07.669443
2,690,1690,2.15709829,2025-11-18T13:40:07.669443
2,691,1691,2.15665435,2025-11-18T13:40:07.669443
2,692,1692,2.1567862,2025-11-18T13:40:07.669443
2,693,1693,2.15661835,2025-11-18T13:40:07.669443
2,694,1694,2.15665817,2025-11-18T13:40:07.669443
2,695,1695,2.15651965,2025-11-18T13:40:07.669443
2,696,1696,2.15722584,2025-11-18T13:40:07.669443
2,697,1697,2.15680766,2025-11-18T13:40:07.669443
2,698,1698,2.15687179,2025-11-18T13:40:07.669443
2,699,1699,2.15683674,2025-11-18T13:40:07.669443
2,700,1700,2.15663456,2025-11-18T13:40:07.669443
2,701,1701,2.15674948,2025-11-18T13:40:07.669443
2,702,1702,2.15671014,2025-11-18T13:40:07.669443
2,703,1703,2.15664601,2025-11-18T13:40:07.669443
2,704,1704,2.15694046,2025-11-18T13:40:07.669443
2,705,1705,2.15684437,2025-11-18T13:40:07.669443
2,706,1706,2.15679645,2025-11-18T13:40:07.669443
2,707,1707,2.15701651,2025-11-18T13:40:07.669443
2,708,1708,2.15680336,2025-11-18T13:40:07.669443
2,709,1709,2.15689849,2025-11-18T13:40:07.669443
2,710,1710,2.15676188,2025-11-18T13:40:07.669443
2,711,1711,2.15669059,2025-11-18T13:40:07.669443
2,712,1712,2.15684294,2025-11-18T13:40:07.669443
2,713,1713,2.15693163,2025-11-18T13:40:07.669443
2,714,1714,2.15654444,2025-11-18T13:40:07.669443
2,715,1715,2.15706896,2025-11-18T13:40:07.669443
2,716,1716,2.15711188,2025-11-18T13:40:07.669443
2,717,1717,2.15701413,2025-11-18T13:40:07.669443
2,718,1718,2.15697264,2025-11-18T13:40:07.669443
2,719,1719,2.15677738,2025-11-18T13:40:07.669443
2,720,1720,2.15716624,2025-11-18T13:40:07.669443
2,721,1721,2.15681147,2025-11-18T13:40:07.669443
2,722,1722,2.15688395,2025-11-18T13:40:07.669443
2,723,1723,2.15671753,2025-11-18T13:40:07.669443
2,724,1724,2.15681505,2025-11-18T13:40:07.669443
2,725,1725,2.15728092,2025-11-18T13:40:07.669443
2,726,1726,2.15704393,2025-11-18T13:40:07.669443
2,727,1727,2.15702533,2025-11-18T13:40:07.669443
2,728,1728,2.15690374,2025-11-18T13:40:07.669443
2,729,1729,2.15695309,2025-11-18T13:40:07.669443
2,730,1730,2.15705776,2025-11-18T13:40:07.669443
2,731,1731,2.15706992,2025-11-18T13:40:07.669443
2,732,1732,2.15708398,2025-11-18T13:40:07.669443
2,733,1733,2.15740323,2025-11-18T13:40:07.669443
2,734,1734,2.15744948,2025-11-18T13:40:07.669443
2,735,1735,2.15724015,2025-11-18T13:40:07.669443
2,736,1736,2.15714526,2025-11-18T13:40:07.669443
2,737,1737,2.15726804,2025-11-18T13:40:07.669443
2,738,1738,2.15705966,2025-11-18T13:40:07.669443
2,739,1739,2.15713047,2025-11-18T13:40:07.669443
2,740,1740,2.15724754,2025-11-18T13:40:07.669443
2,741,1741,2.1572349,2025-11-18T13:40:07.669443
2,742,1742,2.15744805,2025-11-18T13:40:07.669443
2,743,1743,2.15714716,2025-11-18T13:40:07.669443
2,744,1744,2.15778064,2025-11-18T13:40:07.669443
2,745,1745,2.15825176,2025-11-18T13:40:07.669443
2,746,1746,2.15775847,2025-11-18T13:40:07.669443
2,747,1747,2.15740513,2025-11-18T13:40:07.669443
2,748,1748,2.1574831,2025-11-18T13:40:07.669443
2,749,1749,2.15725183,2025-11-18T13:40:07.669443
2,750,1750,2.15718483,2025-11-18T13:40:07.669443
2,751,1751,2.15689063,2025-11-18T13:40:07.669443
2,752,1752,2.15672874,2025-11-18T13:40:07.669443
2,753,1753,2.15675067,2025-11-18T13:40:07.669443
2,754,1754,2.15695858,2025-11-18T13:40:07.669443
2,755,1755,2.15712046,2025-11-18T13:40:07.669443
2,756,1756,2.15748286,2025-11-18T13:40:07.669443
2,757,1757,2.15707206,2025-11-18T13:40:07.669443
2,758,1758,2.1571455,2025-11-18T13:40:07.669443
2,759,1759,2.15711855,2025-11-18T13:40:07.669443
2,760,1760,2.15694856,2025-11-18T13:40:07.669443
2,761,1761,2.15642905,2025-11-18T13:40:07.669443
2,762,1762,2.15674185,2025-11-18T13:40:07.669443
2,763,1763,2.156677,2025-11-18T13:40:07.669443
2,764,1764,2.15676522,2025-11-18T13:40:07.669443
2,765,1765,2.15667819,2025-11-18T13:40:07.669443
2,766,1766,2.15555238,2025-11-18T13:40:07.669443
2,767,1767,2.15562582,2025-11-18T13:40:07.669443
2,768,1768,2.1557691,2025-11-18T13:40:07.669443
2,769,1769,2.15550971,2025-11-18T13:40:07.669443
2,770,1770,2.15563082,2025-11-18T13:40:07.669443
2,771,1771,2.15563535,2025-11-18T13:40:07.669443
2,772,1772,2.1556189,2025-11-18T13:40:07.669443
2,773,1773,2.15600752,2025-11-18T13:40:07.669443
2,774,1774,2.15585088,2025-11-18T13:40:07.669443
2,775,1775,2.15602421,2025-11-18T13:40:07.669443
2,776,1776,2.15603494,2025-11-18T13:40:07.669443
2,777,1777,2.1560378,2025-11-18T13:40:07.669443
2,778,1778,2.15595817,2025-11-18T13:40:07.669443
2,779,1779,2.155941,2025-11-18T13:40:07.669443
2,780,1780,2.1560707,2025-11-18T13:40:07.669443
2,781,1781,2.1560316,2025-11-18T13:40:07.669443
2,782,1782,2.15580844,2025-11-18T13:40:07.669443
2,783,1783,2.15591645,2025-11-18T13:40:07.669443
2,784,1784,2.15594792,2025-11-18T13:40:07.669443
2,785,1785,2.15632867,2025-11-18T13:40:07.669443
2,786,1786,2.15583515,2025-11-18T13:40:07.669443
2,787,1787,2.15607142,2025-11-18T13:40:07.669443
2,788,1788,2.15596103,2025-11-18T13:40:07.669443
2,789,1789,2.15599322,2025-11-18T13:40:07.669443
2,790,1790,2.15624976,2025-11-18T13:40:07.669443
2,791,1791,2.15590882,2025-11-18T13:40:07.669443
2,792,1792,2.15599107,2025-11-18T13:40:07.669443
2,793,1793,2.15587949,2025-11-18T13:40:07.669443
2,794,1794,2.15576839,2025-11-18T13:40:07.669443
2,795,1795,2.15551352,2025-11-18T13:40:07.669443
2,796,1796,2.15545773,2025-11-18T13:40:07.669443
2,797,1797,2.15545463,2025-11-18T13:40:07.669443
2,798,1798,2.15551853,2025-11-18T13:40:07.669443
2,799,1799,2.15555596,2025-11-18T13:40:07.669443
2,800,1800,2.15554332,2025-11-18T13:40:07.669443
2,801,1801,2.15542435,2025-11-18T13:40:07.669443
2,802,1802,2.15522146,2025-11-18T13:40:07.669443
2,803,1803,2.15509963,2025-11-18T13:40:07.669443
2,804,1804,2.15530848,2025-11-18T13:40:07.669443
2,805,1805,2.1558113,2025-11-18T13:40:07.669443
2,806,1806,2.1554017,2025-11-18T13:40:07.669443
2,807,1807,2.15518498,2025-11-18T13:40:07.669443
2,808,1808,2.15524721,2025-11-18T13:40:07.669443
2,809,1809,2.15534067,2025-11-18T13:40:07.669443
2,810,1810,2.15515851,2025-11-18T13:40:07.669443
2,811,1811,2.15533041,2025-11-18T13:40:07.669443
2,812,1812,2.1555314,2025-11-18T13:40:07.669443
2,813,1813,2.15571832,2025-11-18T13:40:07.669443
2,814,1814,2.15574574,2025-11-18T13:40:07.669443
2,815,1815,2.15589165,2025-11-18T13:40:07.669443
2,816,1816,2.15588688,2025-11-18T13:40:07.669443
2,817,1817,2.15580368,2025-11-18T13:40:07.669443
2,818,1818,2.1558845,2025-11-18T13:40:07.669443
2,819,1819,2.15592241,2025-11-18T13:40:07.669443
2,820,1820,2.15580701,2025-11-18T13:40:07.669443
2,821,1821,2.15626645,2025-11-18T13:40:07.669443
2,822,1822,2.15570402,2025-11-18T13:40:07.669443
2,823,1823,2.15587973,2025-11-18T13:40:07.669443
2,824,1824,2.15575909,2025-11-18T13:40:07.669443
2,825,1825,2.15580821,2025-11-18T13:40:07.669443
2,826,1826,2.15568518,2025-11-18T13:40:07.669443
2,827,1827,2.15565967,2025-11-18T13:40:07.669443
2,828,1828,2.15562844,2025-11-18T13:40:07.669443
2,829,1829,2.15561223,2025-11-18T13:40:07.669443
2,830,1830,2.15567111,2025-11-18T13:40:07.669443
2,831,1831,2.15568327,2025-11-18T13:40:07.669443
2,832,1832,2.15561842,2025-11-18T13:40:07.669443
2,833,1833,2.15551805,2025-11-18T13:40:07.669443
2,834,1834,2.15547728,2025-11-18T13:40:07.669443
2,835,1835,2.15544843,2025-11-18T13:40:07.669443
2,836,1836,2.15542292,2025-11-18T13:40:07.669443
2,837,1837,2.15550804,2025-11-18T13:40:07.669443
2,838,1838,2.15541458,2025-11-18T13:40:07.669443
2,839,1839,2.15534424,2025-11-18T13:40:07.669443
2,840,1840,2.15541172,2025-11-18T13:40:07.669443
2,841,1841,2.15526509,2025-11-18T13:40:07.669443
2,842,1842,2.15499448,2025-11-18T13:40:07.669443
2,843,1843,2.15508008,2025-11-18T13:40:07.669443
2,844,1844,2.15515375,2025-11-18T13:40:07.669443
2,845,1845,2.1549189,2025-11-18T13:40:07.669443
2,846,1846,2.15465807,2025-11-18T13:40:07.669443
2,847,1847,2.15479445,2025-11-18T13:40:07.669443
2,848,1848,2.15506577,2025-11-18T13:40:07.669443
2,849,1849,2.15513014,2025-11-18T13:40:07.669443
2,850,1850,2.1552751,2025-11-18T13:40:07.669443
2,851,1851,2.15521097,2025-11-18T13:40:07.669443
2,852,1852,2.15519189,2025-11-18T13:40:07.669443
2,853,1853,2.1552174,2025-11-18T13:40:07.669443
2,854,1854,2.15519666,2025-11-18T13:40:07.669443
2,855,1855,2.15513777,2025-11-18T13:40:07.669443
2,856,1856,2.15502715,2025-11-18T13:40:07.669443
2,857,1857,2.1548767,2025-11-18T13:40:07.669443
2,858,1858,2.15505385,2025-11-18T13:40:07.669443
2,859,1859,2.15476036,2025-11-18T13:40:07.669443
2,860,1860,2.15445327,2025-11-18T13:40:07.669443
2,861,1861,2.15427136,2025-11-18T13:40:07.669443
2,862,1862,2.1546626,2025-11-18T13:40:07.669443
2,863,1863,2.15447854,2025-11-18T13:40:07.669443
2,864,1864,2.15468692,2025-11-18T13:40:07.669443
2,865,1865,2.15455675,2025-11-18T13:40:07.669443
2,866,1866,2.15455198,2025-11-18T13:40:07.669443
2,867,1867,2.15498995,2025-11-18T13:40:07.669443
2,868,1868,2.15470552,2025-11-18T13:40:07.669443
2,869,1869,2.1549046,2025-11-18T13:40:07.669443
2,870,1870,2.15484499,2025-11-18T13:40:07.669443
2,871,1871,2.15487766,2025-11-18T13:40:07.669443
2,872,1872,2.1547017,2025-11-18T13:40:07.669443
2,873,1873,2.15501141,2025-11-18T13:40:07.669443
2,874,1874,2.15565347,2025-11-18T13:40:07.669443
2,875,1875,2.15597057,2025-11-18T13:40:07.669443
2,876,1876,2.15557861,2025-11-18T13:40:07.669443
2,877,1877,2.15521764,2025-11-18T13:40:07.669443
2,878,1878,2.1552124,2025-11-18T13:40:07.669443
2,879,1879,2.15507626,2025-11-18T13:40:07.669443
2,880,1880,2.15520071,2025-11-18T13:40:07.669443
2,881,1881,2.15503144,2025-11-18T13:40:07.669443
2,882,1882,2.15453505,2025-11-18T13:40:07.669443
2,883,1883,2.15442752,2025-11-18T13:40:07.669443
2,884,1884,2.15427017,2025-11-18T13:40:07.669443
2,885,1885,2.1449716,2025-11-18T13:40:07.669443
2,886,1886,2.12958478,2025-11-18T13:40:07.669443
2,887,1887,2.12779664,2025-11-18T13:40:07.669443
2,888,1888,2.12754487,2025-11-18T13:40:07.669443
2,889,1889,2.1282227,2025-11-18T13:40:07.669443
2,890,1890,2.12846875,2025-11-18T13:40:07.669443
2,891,1891,2.12843585,2025-11-18T13:40:07.669443
2,892,1892,2.1285212,2025-11-18T13:40:07.669443
2,893,1893,2.12838053,2025-11-18T13:40:07.669443
2,894,1894,2.12840461,2025-11-18T13:40:07.669443
2,895,1895,2.1284306,2025-11-18T13:40:07.669443
2,896,1896,2.12824726,2025-11-18T13:40:07.669443
2,897,1897,2.12830781,2025-11-18T13:40:07.669443
2,898,1898,2.14171338,2025-11-18T13:40:07.669443
2,899,1899,2.14176225,2025-11-18T13:40:07.669443
2,900,1900,2.14160609,2025-11-18T13:40:07.669443
2,901,1901,2.14187455,2025-11-18T13:40:07.669443
2,902,1902,2.14158153,2025-11-18T13:40:07.669443
2,903,1903,2.14210653,2025-11-18T13:40:07.669443
2,904,1904,2.14277935,2025-11-18T13:40:07.669443
2,905,1905,2.14268803,2025-11-18T13:40:07.669443
2,906,1906,2.14270973,2025-11-18T13:40:07.669443
2,907,1907,2.1424961,2025-11-18T13:40:07.669443
2,908,1908,2.14242935,2025-11-18T13:40:07.669443
2,909,1909,2.14330625,2025-11-18T13:40:07.669443
2,910,1910,2.14417815,2025-11-18T13:40:07.669443
2,911,1911,2.14467215,2025-11-18T13:40:07.669443
2,912,1912,2.14473819,2025-11-18T13:40:07.669443
2,913,1913,2.14506173,2025-11-18T13:40:07.669443
2,914,1914,2.14498543,2025-11-18T13:40:07.669443
2,915,1915,2.14462637,2025-11-18T13:40:07.669443
2,916,1916,2.14493012,2025-11-18T13:40:07.669443
2,917,1917,2.14527034,2025-11-18T13:40:07.669443
2,918,1918,2.14597582,2025-11-18T13:40:07.669443
2,919,1919,2.14628982,2025-11-18T13:40:07.669443
2,920,1920,2.1466906,2025-11-18T13:40:07.669443
2,921,1921,2.14657545,2025-11-18T13:40:07.669443
2,922,1922,2.14665031,2025-11-18T13:40:07.669443
2,923,1923,2.14607262,2025-11-18T13:40:07.669443
2,924,1924,2.1459043,2025-11-18T13:40:07.669443
2,925,1925,2.14680314,2025-11-18T13:40:07.669443
2,926,1926,2.14692211,2025-11-18T13:40:07.669443
2,927,1927,2.14682149,2025-11-18T13:40:07.669443
2,928,1928,2.14699316,2025-11-18T13:40:07.669443
2,929,1929,2.1471703,2025-11-18T13:40:07.669443
2,930,1930,2.14724373,2025-11-18T13:40:07.669443
2,931,1931,2.14700102,2025-11-18T13:40:07.669443
2,932,1932,2.1472814,2025-11-18T13:40:07.669443
2,933,1933,2.14693808,2025-11-18T13:40:07.669443
2,934,1934,2.14579319,2025-11-18T13:40:07.669443
2,935,1935,2.14697718,2025-11-18T13:40:07.669443
2,936,1936,2.14688467,2025-11-18T13:40:07.669443
2,937,1937,2.14643335,2025-11-18T13:40:07.669443
2,938,1938,2.14718914,2025-11-18T13:40:07.669443
2,939,1939,2.1472125,2025-11-18T13:40:07.669443
2,940,1940,2.14742922,2025-11-18T13:40:07.669443
2,941,1941,2.14765477,2025-11-18T13:40:07.669443
2,942,1942,2.14758205,2025-11-18T13:40:07.669443
2,943,1943,2.14815282,2025-11-18T13:40:07.669443
2,944,1944,2.14843511,2025-11-18T13:40:07.669443
2,945,1945,2.1482613,2025-11-18T13:40:07.669443
2,946,1946,2.14795923,2025-11-18T13:40:07.669443
2,947,1947,2.14748644,2025-11-18T13:40:07.669443
2,948,1948,2.14717245,2025-11-18T13:40:07.669443
2,949,1949,2.14721179,2025-11-18T13:40:07.669443
2,950,1950,2.146806,2025-11-18T13:40:07.669443
2,951,1951,2.14759659,2025-11-18T13:40:07.669443
2,952,1952,2.14665532,2025-11-18T13:40:07.669443
2,953,1953,2.14675712,2025-11-18T13:40:07.669443
2,954,1954,2.14660906,2025-11-18T13:40:07.669443
2,955,1955,2.14659094,2025-11-18T13:40:07.669443
2,956,1956,2.14623665,2025-11-18T13:40:07.669443
2,957,1957,2.14617943,2025-11-18T13:40:07.669443
2,958,1958,2.14600062,2025-11-18T13:40:07.669443
2,959,1959,2.14291453,2025-11-18T13:40:07.669443
2,960,1960,2.1292212,2025-11-18T13:40:07.669443
2,961,1961,2.12922906,2025-11-18T13:40:07.669443
2,962,1962,2.1414957,2025-11-18T13:40:07.669443
2,963,1963,2.14528679,2025-11-18T13:40:07.669443
2,964,1964,2.1290729,2025-11-18T13:40:07.669443
2,965,1965,2.13413763,2025-11-18T13:40:07.669443
2,966,1966,2.14318513,2025-11-18T13:40:07.669443
2,967,1967,2.141047,2025-11-18T13:40:07.669443
2,968,1968,2.12818527,2025-11-18T13:40:07.669443
2,969,1969,2.1290853,2025-11-18T13:40:07.669443
2,970,1970,2.12878894,2025-11-18T13:40:07.669443
2,971,1971,2.12892842,2025-11-18T13:40:07.669443
2,972,1972,2.12947797,2025-11-18T13:40:07.669443
2,973,1973,2.12984275,2025-11-18T13:40:07.669443
2,974,1974,2.12950372,2025-11-18T13:40:07.669443
2,975,1975,2.12944269,2025-11-18T13:40:07.669443
2,976,1976,2.12906479,2025-11-18T13:40:07.669443
2,977,1977,2.12919735,2025-11-18T13:40:07.669443
2,978,1978,2.1288259,2025-11-18T13:40:07.669443
2,979,1979,2.12827086,2025-11-18T13:40:07.669443
2,980,1980,2.12869,2025-11-18T13:40:07.669443
2,981,1981,2.12868499,2025-11-18T13:40:07.669443
2,982,1982,2.12924814,2025-11-18T13:40:07.669443
2,983,1983,2.1286931,2025-11-18T13:40:07.669443
2,984,1984,2.12911844,2025-11-18T13:40:07.669443
2,985,1985,2.12923884,2025-11-18T13:40:07.669443
2,986,1986,2.128901,2025-11-18T13:40:07.669443
2,987,1987,2.12888264,2025-11-18T13:40:07.669443
2,988,1988,2.12921118,2025-11-18T13:40:07.669443
2,989,1989,2.12916827,2025-11-18T13:40:07.669443
2,990,1990,2.1296606,2025-11-18T13:40:07.669443
2,991,1991,2.13111376,2025-11-18T13:40:07.669443
2,992,1992,2.12951159,2025-11-18T13:40:07.669443
2,993,1993,2.12951612,2025-11-18T13:40:07.669443
2,994,1994,2.12913966,2025-11-18T13:40:07.669443
2,995,1995,2.12896656,2025-11-18T13:40:07.669443
2,996,1996,2.12880015,2025-11-18T13:40:07.669443
2,997,1997,2.12859916,2025-11-18T13:40:07.669443
2,998,1998,2.12763285,2025-11-18T13:40:07.669443
2,999,1999,2.12740921,2025-11-18T13:40:07.669443
2,1000,2000,2.12697696,2025-11-18T13:40:07.669443
