Muestra,Tiempo (s),Voltaje (V),Temperatura (°C)
0,0.000660,-133669720.000000,807458.000
1,0.002907,-133607168.000000,807458.000
2,0.005282,-124541776.000000,808536.000
3,0.007417,-113306344.000000,808536.000
4,0.009682,-106379680.000000,808459.000
5,0.011758,-100564096.000000,808459.000
6,0.014562,-95445032.000000,810109.000
7,0.016999,-91206840.000000,810109.000
8,0.019113,-87233864.000000,810241.000
9,0.023685,-87885968.000000,810262.000
10,0.025870,-96297592.000000,810262.000
11,0.028348,-106631200.000000,808885.000
12,0.030253,-117219280.000000,808885.000
13,0.032073,-125676576.000000,807491.000
14,0.033992,-131867728.000000,807491.000
15,0.036176,-136650688.000000,805527.000
16,0.038196,-140155808.000000,805527.000
17,0.040630,-137504352.000000,805421.000
18,0.043636,-126413424.000000,805421.000
19,0.046227,-115190304.000000,805837.000
20,0.048735,-108001088.000000,807291.000
21,0.050791,-102114768.000000,807291.000
22,0.052574,-97052424.000000,808140.000
23,0.054597,-92686824.000000,808140.000
24,0.058614,-88434056.000000,809156.000
25,0.060809,-85418720.000000,809156.000
26,0.062732,-87939400.000000,809787.000
27,0.064813,-95663176.000000,809787.000
28,0.066624,-104799184.000000,808505.000
29,0.068339,-113438424.000000,808505.000
30,0.070069,-120473600.000000,808851.000
31,0.071974,-126254944.000000,808851.000
32,0.075414,-130910736.000000,807902.000
33,0.077998,-134572912.000000,807902.000
34,0.079814,-131725176.000000,806513.000
35,0.081648,-121333008.000000,806513.000
36,0.083387,-111738544.000000,807672.000
37,0.085461,-104904352.000000,807672.000
38,0.087211,-99061528.000000,809669.000
39,0.133913,-94222264.000000,809669.000
40,0.185805,-90104112.000000,809057.000
41,0.238177,-86111408.000000,809621.000
42,0.290413,-84901224.000000,809621.000
43,0.342118,-89726704.000000,810344.000
44,0.394299,-98641744.000000,810344.000
45,0.446608,-109253432.000000,809398.000
46,0.498910,-119587168.000000,809398.000
47,0.550962,-127519592.000000,807397.000
48,0.602804,-133188984.000000,807397.000
49,0.654998,-137932720.000000,807477.000
50,0.707051,-140788832.000000,807477.000
51,0.759197,-134829360.000000,808322.000
52,0.811447,-122631072.000000,808322.000
53,0.863612,-113243152.000000,808474.000
54,0.915717,-106460200.000000,808474.000
55,0.967994,-100602224.000000,809527.000
56,1.020195,-95751568.000000,809527.000
57,1.072230,-91565424.000000,809557.000
58,1.124237,-87446608.000000,809557.000
59,1.176314,-85683096.000000,810661.000
60,1.228719,-89525480.000000,810661.000
61,1.280506,-97661256.000000,809923.000
62,1.333044,-106928112.000000,809923.000
63,1.384823,-115227832.000000,808026.000
64,1.437181,-121943800.000000,807034.000
65,1.489430,-127574048.000000,807034.000
66,1.541283,-132099752.000000,806497.000
67,1.593238,-135538352.000000,806497.000
68,1.645777,-130304120.000000,806952.000
69,1.697823,-118460456.000000,806952.000
70,1.750018,-110007592.000000,808503.000
71,1.802027,-103476920.000000,808503.000
72,1.854201,-97738736.000000,809045.000
73,1.906169,-93200096.000000,809045.000
74,1.958350,-89223520.000000,809485.000
75,2.010689,-85230936.000000,809485.000
76,2.062604,-85351480.000000,810119.000
77,2.114742,-91679072.000000,810119.000
78,2.166960,-101202920.000000,809840.000
79,2.219193,-111876784.000000,809840.000
80,2.271132,-121509048.000000,808783.000
81,2.323399,-128889768.000000,808783.000
82,2.375336,-134212632.000000,807324.000
83,2.427721,-138534736.000000,807324.000
84,2.479926,-140797536.000000,806756.000
85,2.531753,-132635216.000000,806756.000
86,2.584251,-119540704.000000,808663.000
87,2.636112,-111666672.000000,809632.000
88,2.688090,-105180256.000000,809632.000
89,2.740381,-99217440.000000,810135.000
90,2.792513,-94557928.000000,810135.000
91,2.844554,-90416600.000000,811939.000
92,2.896720,-86260192.000000,811939.000
93,2.948949,-85757152.000000,811592.000
94,3.001042,-91207672.000000,811592.000
95,3.053335,-99765872.000000,811516.000
96,3.105327,-108829848.000000,811516.000
97,3.157528,-116969720.000000,810711.000
98,3.209634,-123433064.000000,810711.000
99,3.261692,-128462128.000000,806489.000
100,3.313803,-132584992.000000,806489.000
101,3.365826,-135007952.000000,806557.000
102,3.418022,-127510080.000000,806557.000
103,3.470125,-115212504.000000,807053.000
104,3.522234,-108010848.000000,807053.000
105,3.574405,-101941672.000000,808663.000
106,3.626532,-96571776.000000,808663.000
107,3.678791,-92234408.000000,808711.000
108,3.730993,-88120032.000000,808711.000
109,3.783217,-84421312.000000,809732.000
110,3.835226,-86065744.000000,809239.000
111,3.887398,-93662976.000000,809239.000
112,3.939643,-103526520.000000,808512.000
113,3.991544,-114309504.000000,808512.000
114,4.095790,-130396936.000000,808461.000
115,4.148035,-135544208.000000,808264.000
116,4.200345,-139361264.000000,808264.000
117,4.304204,-129736544.000000,808026.000
118,4.356745,-116868600.000000,809899.000
119,4.408640,-109458848.000000,809899.000
120,4.460703,-103455488.000000,810002.000
121,4.512812,-98044640.000000,810002.000
122,4.564978,-93556760.000000,810330.000
123,4.617184,-89445888.000000,810330.000
124,4.669384,-85749368.000000,810099.000
125,4.721587,-86547872.000000,810099.000
126,4.773956,-93099504.000000,809855.000
127,4.825827,-101958232.000000,809855.000
128,4.877811,-110883680.000000,808674.000
129,4.930187,-118365008.000000,808674.000
130,4.982213,-124548432.000000,807788.000
131,5.034473,-129587752.000000,807185.000
132,5.086230,-133494056.000000,807185.000
133,5.138603,-133809784.000000,807961.000
134,5.190523,-124861992.000000,807961.000
135,5.242929,-113344944.000000,809287.000
136,5.294919,-106415656.000000,809287.000
137,5.347163,-100584696.000000,810618.000
138,5.399340,-95417880.000000,810618.000
139,5.451216,-91118864.000000,809336.000
140,5.503655,-87060576.000000,809336.000
141,5.555737,-84292264.000000,810347.000
142,5.607666,-87401832.000000,810347.000
143,5.660183,-95860160.000000,809818.000
144,5.712053,-106198088.000000,809818.000
145,5.764254,-116897512.000000,808498.000
146,5.816351,-125598424.000000,808498.000
147,5.868521,-131845104.000000,808161.000
148,5.920658,-136625168.000000,808161.000
149,5.972789,-140125968.000000,806502.000
150,6.024753,-137610480.000000,806502.000
151,6.076916,-126559520.000000,806908.000
152,6.129294,-115196256.000000,808026.000
153,6.181178,-108074288.000000,808026.000
154,6.233340,-102162344.000000,809074.000
155,6.285504,-97005552.000000,809074.000
156,6.337550,-92701664.000000,809345.000
157,6.389783,-88579176.000000,809345.000
158,6.441688,-85623032.000000,810047.000
159,6.494259,-87945808.000000,810047.000
160,6.546069,-95387344.000000,809686.000
161,6.598344,-104420432.000000,809686.000
162,6.650546,-113109928.000000,808232.000
163,6.702665,-120188144.000000,808232.000
164,6.754656,-125964784.000000,807858.000
165,6.806745,-130599424.000000,807858.000
166,6.911276,-131771296.000000,807285.000
167,6.963300,-121574984.000000,807436.000
168,7.015267,-111826912.000000,807436.000
169,7.067514,-105024144.000000,807829.000
170,7.119499,-99186216.000000,807829.000
171,7.171980,-94357352.000000,809133.000
172,7.223897,-90228848.000000,809133.000
173,7.276045,-85956064.000000,809392.000
174,7.328284,-84238304.000000,809820.000
175,7.380496,-88864112.000000,809820.000
176,7.432581,-97837760.000000,809572.000
177,7.484363,-108589176.000000,809572.000
178,7.536633,-119325888.000000,808458.000
179,7.588617,-127670680.000000,808458.000
180,7.640984,-133888368.000000,807398.000
181,7.693193,-138466704.000000,807398.000
182,7.745522,-140754000.000000,807828.000
183,7.797426,-135172000.000000,807828.000
184,7.849664,-123250536.000000,809008.000
185,7.901827,-113697296.000000,809008.000
186,7.953954,-106694152.000000,810490.000
187,8.006284,-100830328.000000,810490.000
188,8.058202,-96110880.000000,810566.000
189,8.110289,-91808120.000000,810566.000
190,8.162311,-87622256.000000,811809.000
191,8.214721,-85683736.000000,811809.000
192,8.266521,-89387240.000000,810718.000
193,8.318568,-97488120.000000,810718.000
194,8.371001,-106656240.000000,808829.000
195,8.422815,-115049200.000000,808829.000
196,8.475061,-122068008.000000,808033.000
197,8.527237,-128028656.000000,807838.000
198,8.579408,-132718288.000000,807838.000
199,8.631606,-135903104.000000,807311.000
200,8.683427,-130329752.000000,807311.000
201,8.735592,-118632232.000000,808976.000
202,8.787783,-110413776.000000,808976.000
203,8.892004,-98178048.000000,809876.000
204,8.944171,-93659872.000000,809691.000
205,8.996249,-89585424.000000,809691.000
206,9.048768,-85718336.000000,810383.000
207,9.100553,-85547448.000000,810383.000
208,9.152743,-91299208.000000,810684.000
209,9.204947,-100621272.000000,810684.000
210,9.257024,-111562616.000000,809078.000
211,9.309354,-121800912.000000,809078.000
212,9.361226,-129512800.000000,807686.000
213,9.413593,-135270368.000000,807686.000
214,9.465460,-139245872.000000,807284.000
215,9.517744,-140738384.000000,807284.000
216,9.569764,-132931680.000000,808048.000
217,9.622319,-120006872.000000,808048.000
218,9.674158,-111780168.000000,809321.000
219,9.726177,-105443112.000000,809729.000
220,9.778470,-99723744.000000,809729.000
221,9.830753,-95054608.000000,810616.000
222,9.882555,-90941336.000000,810616.000
223,9.934733,-86817328.000000,810924.000
224,9.986989,-86124256.000000,810924.000
225,10.039436,-91435872.000000,810798.000
226,10.091074,-99908808.000000,810798.000
227,10.143328,-108867584.000000,809131.000
228,10.195467,-116886224.000000,809131.000
229,10.247676,-123634456.000000,808741.000
230,10.299823,-129226944.000000,808741.000
231,10.351888,-133567960.000000,807425.000
232,10.404197,-135933568.000000,807425.000
233,10.456071,-128359088.000000,807162.000
234,10.508245,-116009840.000000,807162.000
235,10.560566,-108953136.000000,809084.000
236,10.612707,-102780768.000000,809084.000
237,10.664912,-96961752.000000,808968.000
238,10.716834,-92541552.000000,808968.000
239,10.768876,-88508128.000000,810259.000
240,10.925118,-93538392.000000,810013.000
241,10.977610,-103289664.000000,810013.000
242,11.081937,-124012520.000000,808414.000
243,11.134373,-130932968.000000,809091.000
244,11.186103,-136165760.000000,809091.000
245,11.238189,-139641920.000000,806263.000
246,11.290153,-139809520.000000,806263.000
247,11.342521,-130448248.000000,807670.000
248,11.394794,-117513656.000000,807670.000
249,11.446684,-110111024.000000,808669.000
250,11.499028,-104035552.000000,808669.000
251,11.551130,-98450128.000000,809495.000
252,11.603213,-93930120.000000,809495.000
253,11.655002,-89852256.000000,810707.000
254,11.707243,-86012400.000000,810707.000
255,11.759333,-86701512.000000,810759.000
256,11.811420,-93200592.000000,810759.000
257,11.863829,-101982320.000000,810433.000
258,11.915948,-110896168.000000,810433.000
259,11.968063,-118557336.000000,809307.000
260,12.020037,-125075088.000000,808469.000
261,12.072114,-130373824.000000,808469.000
262,12.124279,-134307072.000000,807471.000
263,12.176546,-134609568.000000,807471.000
264,12.228671,-125616176.000000,807543.000
265,12.281005,-113913680.000000,807543.000
266,12.332933,-106952296.000000,809104.000
267,12.385100,-101179176.000000,809104.000
268,12.437054,-95980160.000000,810337.000
269,12.489275,-91599792.000000,810337.000
270,12.541609,-87506152.000000,810515.000
271,12.593625,-84564432.000000,810515.000
272,12.645632,-87376696.000000,811112.000
273,12.698061,-95614864.000000,811112.000
274,12.749966,-105878312.000000,811571.000
275,12.802160,-116793696.000000,811571.000
276,12.854292,-125767800.000000,810064.000
277,12.906302,-132317056.000000,810064.000
278,12.958632,-137325440.000000,808713.000
279,13.010690,-140066368.000000,808713.000
280,13.062933,-137709280.000000,808554.000
281,13.115294,-127220488.000000,808554.000
282,13.167038,-115463720.000000,808945.000
283,13.219263,-108352336.000000,810160.000
284,13.271609,-102465832.000000,810160.000
285,13.323520,-97259128.000000,810520.000
286,13.375414,-92848376.000000,810520.000
287,13.427540,-88665712.000000,811587.000
288,13.480059,-85439784.000000,811587.000
289,13.532030,-87475856.000000,810874.000
290,13.584258,-94919176.000000,810874.000
291,13.636221,-103872624.000000,810834.000
292,13.688635,-112509784.000000,810834.000
293,13.740502,-119908600.000000,809463.000
294,13.792837,-126224696.000000,809463.000
295,13.845043,-131221512.000000,808626.000
296,13.897018,-134858496.000000,808626.000
297,13.949273,-132555984.000000,808122.000
298,14.001010,-122413344.000000,808122.000
299,14.053238,-112413336.000000,808533.000
300,14.105230,-105490616.000000,808533.000
301,14.157509,-99513752.000000,809093.000
302,14.209599,-94686720.000000,809093.000
303,14.261791,-90630864.000000,809295.000
304,14.313982,-86615744.000000,809295.000
305,14.366209,-84848696.000000,810380.000
306,14.418360,-89161872.000000,809512.000
307,14.470561,-97991152.000000,809512.000
308,14.522418,-108562880.000000,808728.000
309,14.574703,-119182592.000000,808728.000
310,14.626903,-127590464.000000,807038.000
311,14.679136,-133694856.000000,807038.000
312,14.731148,-138145920.000000,807134.000
313,14.783226,-140491488.000000,807134.000
314,14.835438,-135389008.000000,806909.000
315,14.887441,-123794152.000000,806909.000
316,14.939419,-114007104.000000,807420.000
317,14.991560,-107088504.000000,807420.000
318,15.095907,-96248216.000000,807765.000
319,15.148284,-92221576.000000,809139.000
320,15.200303,-88103344.000000,809139.000
321,15.252451,-85795496.000000,809850.000
322,15.305186,-89349512.000000,809850.000
323,15.356653,-97409960.000000,809381.000
324,15.408852,-106526680.000000,809381.000
325,15.461001,-114908256.000000,809255.000
326,15.513008,-121871960.000000,809255.000
327,15.565153,-127639992.000000,807669.000
328,15.669310,-135520496.000000,807497.000
329,15.721360,-130423600.000000,807825.000
330,15.773537,-118924184.000000,807825.000
331,15.825713,-110599128.000000,808733.000
332,15.877836,-104064288.000000,808733.000
333,15.929986,-98326336.000000,809795.000
334,15.982042,-93779664.000000,809795.000
335,16.034717,-89710328.000000,809939.000
336,16.086651,-85618480.000000,809939.000
337,16.138478,-85529680.000000,810181.000
338,16.190838,-91290696.000000,810181.000
339,16.243126,-100218888.000000,809594.000
340,16.294919,-111037520.000000,809594.000
341,16.347353,-121255712.000000,808181.000
342,16.399361,-128989376.000000,808181.000
343,16.451350,-134756016.000000,806931.000
344,16.503673,-138754672.000000,806931.000
345,16.555518,-140472256.000000,806126.000
346,16.607975,-132989912.000000,806126.000
347,16.660131,-120293184.000000,806463.000
348,16.712132,-112127968.000000,806760.000
349,16.764675,-105731664.000000,806760.000
350,16.816395,-99904432.000000,807891.000
351,16.868546,-95207408.000000,807891.000
352,16.920898,-91141672.000000,809646.000
353,16.972806,-87010800.000000,809646.000
354,17.025004,-86042600.000000,809490.000
355,17.077040,-90981656.000000,809490.000
356,17.129314,-99396840.000000,808338.000
357,17.181303,-108453864.000000,808338.000
358,17.233389,-116507936.000000,807531.000
359,17.285614,-123254856.000000,807531.000
360,17.338164,-128898504.000000,807498.000
361,17.390189,-133287392.000000,807498.000
362,17.442135,-135807984.000000,807399.000
363,17.546210,-116168448.000000,807864.000
364,17.598288,-108863096.000000,807864.000
365,17.650660,-102748328.000000,808789.000
366,17.702962,-97112288.000000,808789.000
367,17.754767,-92683424.000000,807605.000
368,17.806870,-88741776.000000,807605.000
369,17.859001,-84914856.000000,808320.000
370,17.911241,-86185968.000000,808610.000
371,17.963399,-93289112.000000,808610.000
372,18.015413,-102655560.000000,807722.000
373,18.067543,-113516960.000000,807722.000
374,18.119768,-123232584.000000,806840.000
375,18.171715,-130384016.000000,806840.000
376,18.224201,-135776928.000000,806369.000
377,18.276002,-139305184.000000,806369.000
378,18.328113,-139773120.000000,805948.000
379,18.380244,-130642960.000000,805948.000
380,18.432588,-117715440.000000,807790.000
381,18.484471,-110262344.000000,807790.000
382,18.536748,-104240448.000000,808571.000
383,18.588776,-98761208.000000,808571.000
384,18.641119,-94163104.000000,808892.000
385,18.693251,-90001472.000000,808892.000
386,18.745082,-86169560.000000,808862.000
387,18.797244,-86718664.000000,808862.000
388,18.849649,-92980392.000000,809102.000
389,18.901727,-101605408.000000,809102.000
390,18.954130,-110548528.000000,808534.000
391,19.006026,-118327256.000000,808534.000
392,19.058127,-124781128.000000,806859.000
393,19.110202,-129916256.000000,806932.000
394,19.162400,-133814024.000000,806932.000
395,19.214733,-134606800.000000,806905.000
396,19.266389,-125913448.000000,806905.000
397,19.318567,-114070328.000000,807994.000
398,19.370641,-107116160.000000,807994.000
399,19.422855,-101299872.000000,808476.000
400,19.474953,-96118776.000000,808476.000
401,19.527094,-91910552.000000,809145.000
402,19.579327,-87879712.000000,809145.000
403,19.631317,-84695936.000000,809061.000
404,19.683618,-87147680.000000,809061.000
405,19.735755,-95176808.000000,809431.000
406,19.787776,-105405936.000000,809431.000
407,19.840124,-116253440.000000,808948.000
408,19.892365,-125222448.000000,808948.000
409,19.944117,-131885024.000000,807482.000
410,19.996502,-137016064.000000,807482.000
411,20.048446,-140031072.000000,806056.000
412,20.100613,-138154976.000000,806056.000
413,20.152720,-127860520.000000,806229.000
414,20.204772,-115900112.000000,806229.000
415,20.257030,-108718088.000000,808034.000
416,20.309379,-102980496.000000,808990.000
417,20.361518,-97708896.000000,808990.000
418,20.413666,-93076672.000000,809432.000
419,20.465794,-88915304.000000,809432.000
420,20.518089,-85656704.000000,809368.000
421,20.570261,-87556552.000000,809368.000
422,20.622078,-94875840.000000,808887.000
423,20.674336,-103789776.000000,808887.000
424,20.726151,-112493952.000000,807982.000
425,20.778564,-120182560.000000,807982.000
426,20.830698,-126401864.000000,806174.000
427,20.882838,-131006328.000000,806174.000
428,20.935255,-134633920.000000,806449.000
429,20.986772,-132681864.000000,806449.000
430,21.039146,-122756528.000000,807287.000
431,21.091303,-112519824.000000,807287.000
432,21.143390,-105739328.000000,808190.000
433,21.195508,-99968112.000000,808190.000
434,21.247698,-95021080.000000,808310.000
435,21.299916,-91066216.000000,808310.000
436,21.351798,-86918192.000000,808868.000
437,21.403985,-84663344.000000,808868.000
438,21.456064,-88749304.000000,809962.000
439,21.508518,-97505248.000000,809493.000
440,21.560633,-108032560.000000,809493.000
441,21.612764,-118718328.000000,807703.000
442,21.664774,-127176192.000000,807703.000
443,21.716978,-133362664.000000,806184.000
444,21.768864,-138165344.000000,806184.000
445,21.820841,-140681536.000000,805379.000
446,21.873138,-135762832.000000,805379.000
447,21.925225,-124225472.000000,806569.000
448,21.977551,-114220640.000000,806569.000
449,22.029470,-107343264.000000,807213.000
450,22.081603,-101511976.000000,807213.000
451,22.133792,-96592752.000000,808104.000
452,22.185788,-92294624.000000,808104.000
453,22.237990,-88061784.000000,808168.000
454,22.342394,-89273776.000000,808749.000
455,22.394318,-96878848.000000,808749.000
456,22.446486,-106033960.000000,808234.000
457,22.498690,-114580936.000000,808234.000
458,22.550850,-121682904.000000,806844.000
459,22.603006,-127646744.000000,806543.000
460,22.655069,-132362464.000000,806543.000
461,22.707127,-135740768.000000,806031.000
462,22.759392,-131030504.000000,806031.000
463,22.811547,-119872912.000000,806710.000
464,22.863692,-111183448.000000,806710.000
465,22.915832,-104387984.000000,807245.000
466,22.967947,-98613848.000000,807245.000
467,23.020078,-93959208.000000,808797.000
468,23.072128,-89841056.000000,808797.000
469,23.124312,-85726920.000000,809708.000
470,23.176405,-85240936.000000,809708.000
471,23.228680,-90927288.000000,809537.000
472,23.280995,-100362304.000000,809537.000
473,23.333144,-111151840.000000,808039.000
474,23.385027,-121112064.000000,808039.000
475,23.437086,-128808952.000000,806991.000
476,23.489241,-134517344.000000,806991.000
477,23.541592,-138707888.000000,806217.000
478,23.593548,-140699072.000000,806217.000
479,23.645848,-133509024.000000,806112.000
480,23.698020,-120920576.000000,806112.000
481,23.750141,-112550464.000000,807093.000
482,23.802185,-106186536.000000,807906.000
483,23.854117,-100284896.000000,807906.000
484,23.906322,-95370136.000000,808561.000
485,24.010850,-87085344.000000,808394.000
486,24.062719,-85912736.000000,808394.000
487,24.115032,-90667728.000000,809103.000
488,24.167172,-98963592.000000,809103.000
489,24.219049,-108011352.000000,807457.000
490,24.271276,-116263072.000000,807457.000
491,24.323429,-123148248.000000,807264.000
492,24.375598,-128899112.000000,807264.000
493,24.427520,-133284144.000000,806391.000
494,24.480248,-135986800.000000,806391.000
495,24.531955,-129036432.000000,806517.000
496,24.584387,-116791152.000000,806517.000
497,24.636122,-109389232.000000,807634.000
498,24.688273,-103191592.000000,807634.000
499,24.740462,-97503432.000000,808930.000
500,24.792551,-93062176.000000,808930.000
501,24.844777,-89075728.000000,809078.000
502,24.896864,-85275544.000000,809078.000
503,24.949167,-86274504.000000,809260.000
504,25.001342,-93228560.000000,808043.000
505,25.053260,-102762608.000000,808043.000
506,25.105444,-113610968.000000,807276.000
507,25.157709,-123351576.000000,807276.000
508,25.209906,-130473392.000000,806069.000
509,25.262161,-135861504.000000,806069.000
510,25.313970,-139367568.000000,806467.000
511,25.366023,-140061312.000000,806467.000
512,25.418250,-131266168.000000,805748.000
513,25.470194,-118283584.000000,805748.000
514,25.522697,-110799328.000000,808018.000
515,25.575050,-104754704.000000,808018.000
516,25.626872,-99110296.000000,808227.000
517,25.678932,-94487232.000000,808227.000
518,25.731190,-90460168.000000,809351.000
519,25.783344,-86597552.000000,809351.000
520,25.835603,-86896104.000000,809108.000
521,25.887576,-92921024.000000,809108.000
522,25.939410,-101528728.000000,808910.000
523,25.991800,-110583944.000000,808910.000
524,26.044036,-118451424.000000,808487.000
525,26.096113,-125061152.000000,808487.000
526,26.148204,-130466224.000000,807361.000
527,26.200400,-134509104.000000,806544.000
528,26.252603,-135530432.000000,806544.000
529,26.304739,-126943144.000000,806709.000
530,26.356712,-114858688.000000,806709.000
531,26.408911,-107807152.000000,807745.000
532,26.460860,-102034320.000000,807745.000
533,26.513237,-96707440.000000,807994.000
534,26.565232,-92275280.000000,807994.000
535,26.617347,-88207456.000000,809518.000
536,26.669255,-84948448.000000,809518.000
537,26.721698,-87328344.000000,809985.000
538,26.774192,-95317856.000000,809985.000
539,26.825797,-105285960.000000,809385.000
540,26.877769,-116102808.000000,809385.000
541,26.930323,-125254080.000000,808072.000
542,26.982234,-132149656.000000,808072.000
543,27.034460,-137193936.000000,807259.000
544,27.086416,-139876272.000000,807259.000
545,27.139012,-138300832.000000,807111.000
546,27.190884,-128245016.000000,807111.000
547,27.243088,-116213528.000000,808237.000
548,27.295037,-109098520.000000,809052.000
549,27.347372,-103328552.000000,809052.000
550,27.399482,-98025728.000000,809807.000
551,27.451879,-93566016.000000,809807.000
552,27.503601,-89526128.000000,810032.000
553,27.555727,-86067256.000000,810032.000
554,27.607846,-87659456.000000,809850.000
555,27.660155,-94843440.000000,809850.000
556,27.712246,-103756096.000000,808664.000
557,27.764592,-112482072.000000,808664.000
558,27.816464,-119898640.000000,806792.000
559,27.868866,-126192552.000000,806792.000
560,27.920551,-131133584.000000,807123.000
561,27.972965,-134912768.000000,807123.000
562,28.024884,-133366680.000000,806960.000
563,28.076983,-123445120.000000,806960.000
564,28.129117,-112878432.000000,808009.000
565,28.181422,-106011488.000000,808009.000
566,28.233518,-100258768.000000,809540.000
567,28.285502,-95311200.000000,809540.000
568,28.337900,-91098232.000000,809937.000
569,28.390198,-86933712.000000,809937.000
570,28.441821,-84766832.000000,809868.000
571,28.493985,-88601968.000000,809492.000
572,28.546080,-97233064.000000,809492.000
573,28.598366,-107724152.000000,808859.000
574,28.650736,-118371104.000000,808859.000
575,28.702550,-126905264.000000,808045.000
576,28.755194,-133179992.000000,808045.000
577,28.807058,-137900864.000000,806794.000
578,28.859297,-140430128.000000,806794.000
579,28.911084,-136098544.000000,806531.000
580,28.963298,-124852360.000000,806531.000
581,29.015364,-114501248.000000,808018.000
582,29.067547,-107533552.000000,808018.000
583,29.119664,-101761520.000000,809208.000
584,29.172030,-96755952.000000,809208.000
585,29.224120,-92455184.000000,808928.000
586,29.276194,-88435560.000000,808928.000
587,29.328107,-86009200.000000,809128.000
588,29.380214,-89062880.000000,809128.000
589,29.432732,-96915024.000000,808639.000
590,29.485348,-105908768.000000,808639.000
591,29.536865,-114388224.000000,808380.000
592,29.589111,-121554744.000000,808380.000
593,29.641181,-127510088.000000,807438.000
594,29.693335,-132162272.000000,807188.000
595,29.745383,-135551232.000000,807188.000
596,29.797549,-131288544.000000,806260.000
597,29.849537,-120244424.000000,806260.000
598,29.901810,-111383176.000000,808662.000
599,29.953678,-104709376.000000,808662.000
600,30.005913,-98926832.000000,809386.000
601,30.058074,-94308720.000000,809386.000
602,30.110209,-90243872.000000,808994.000
603,30.162287,-86132504.000000,808994.000
604,30.214462,-85174624.000000,809139.000
605,30.266580,-90315592.000000,809139.000
606,30.318752,-99413336.000000,809216.000
607,30.371063,-110238760.000000,809216.000
608,30.423217,-120671480.000000,807608.000
609,30.475059,-128600248.000000,807608.000
610,30.527343,-134246864.000000,806183.000
611,30.579588,-138482752.000000,806183.000
612,30.631733,-140627280.000000,805368.000
613,30.683942,-133799760.000000,805368.000
614,30.735846,-121412592.000000,806547.000
615,30.788166,-112760112.000000,806547.000
616,30.840358,-106219888.000000,808150.000
617,30.892195,-100582640.000000,809068.000
618,30.944764,-95840080.000000,809068.000
619,30.996521,-91532784.000000,809121.000
620,31.048754,-87501352.000000,809121.000
621,31.100765,-86261648.000000,810000.000
622,31.153002,-90627344.000000,810000.000
623,31.205048,-98837800.000000,809208.000
624,31.257233,-107918888.000000,809208.000
625,31.309350,-116065640.000000,807644.000
626,31.361418,-122852144.000000,807644.000
627,31.518092,-135959072.000000,805599.000
628,31.570133,-129266928.000000,805599.000
629,31.622685,-117131784.000000,806036.000
630,31.674321,-109574832.000000,806036.000
631,31.726423,-103343856.000000,807477.000
632,31.778498,-97658208.000000,807477.000
633,31.830817,-93162336.000000,807756.000
634,31.882863,-89131824.000000,807756.000
635,31.934693,-85187424.000000,808352.000
636,31.987395,-85901712.000000,808352.000
637,32.039318,-92713864.000000,808936.000
638,32.091382,-102204440.000000,807586.000
639,32.143582,-113073624.000000,807586.000
640,32.195525,-122933768.000000,806167.000
641,32.247667,-130178120.000000,806167.000
642,32.299739,-135628304.000000,805821.000
643,32.351804,-139220560.000000,805821.000
644,32.403999,-140173760.000000,805448.000
645,32.456110,-131515384.000000,805448.000
646,32.508248,-118447936.000000,806699.000
647,32.560347,-110911672.000000,806699.000
648,32.612456,-104854336.000000,807263.000
649,32.664705,-99202704.000000,807263.000
650,32.716798,-94608432.000000,808054.000
651,32.768960,-90504424.000000,808054.000
652,32.821209,-86471304.000000,809030.000
653,32.873245,-86532080.000000,809030.000
654,32.925343,-92407904.000000,809461.000
655,32.977566,-101030416.000000,809461.000
656,33.029908,-110061000.000000,809152.000
657,33.081767,-117877024.000000,809152.000
658,33.134527,-124470720.000000,807606.000
659,33.186179,-129855888.000000,807205.000
660,33.238278,-133920104.000000,807205.000
661,33.290633,-135373584.000000,806753.000
662,33.342614,-127119584.000000,806753.000
663,33.395175,-114971032.000000,808493.000
664,33.446687,-107905616.000000,808493.000
665,33.498940,-102014696.000000,808966.000
666,33.550983,-96655240.000000,808966.000
667,33.603095,-92408168.000000,809024.000
668,33.655262,-88430752.000000,809024.000
669,33.707647,-85017336.000000,808641.000
670,33.759765,-87128592.000000,808641.000
671,33.811775,-94961640.000000,808325.000
672,33.864179,-104830192.000000,808325.000
673,33.916092,-115584944.000000,806557.000
674,33.968055,-124782304.000000,806557.000
675,34.020373,-131473872.000000,806552.000
676,34.072556,-136645248.000000,806552.000
677,34.124698,-139767600.000000,806138.000
678,34.176795,-138589712.000000,806138.000
679,34.228970,-128629936.000000,806291.000
680,34.281121,-116380608.000000,806291.000
681,34.333017,-109283280.000000,805748.000
682,34.385082,-103550032.000000,806756.000
683,34.437234,-98287688.000000,806756.000
684,34.489632,-93796224.000000,808224.000
685,34.541695,-89631424.000000,808224.000
686,34.593927,-86001040.000000,808399.000
687,34.645976,-87411896.000000,808399.000
688,34.698191,-94437728.000000,808273.000
689,34.750470,-103262320.000000,808273.000
690,34.802310,-112081320.000000,806883.000
691,34.854290,-119605344.000000,806883.000
692,34.906430,-125815112.000000,806246.000
693,34.958848,-130722800.000000,806246.000
694,35.010718,-134391888.000000,806208.000
695,35.063119,-133317344.000000,806208.000
696,35.115473,-123818032.000000,805467.000
697,35.167264,-113131880.000000,805467.000
698,35.219418,-106323680.000000,806738.000
699,35.271410,-100470912.000000,806738.000
700,35.323430,-95421152.000000,808014.000
701,35.375572,-91182072.000000,808014.000
702,35.427702,-87083736.000000,809037.000
703,35.480013,-84714168.000000,809037.000
704,35.532057,-88283712.000000,809101.000
705,35.584217,-96810416.000000,808471.000
706,35.636628,-107224696.000000,808471.000
707,35.688541,-118020552.000000,806828.000
708,35.740581,-126630072.000000,806828.000
709,35.793117,-132888816.000000,805565.000
710,35.845014,-137686816.000000,805565.000
711,35.897086,-140261344.000000,805671.000
712,35.949400,-136310176.000000,805671.000
713,36.001301,-125224056.000000,807359.000
714,36.053606,-114621072.000000,807359.000
715,36.105419,-107629896.000000,807479.000
716,36.157820,-101815712.000000,807479.000
717,36.210159,-96813424.000000,807981.000
718,36.262118,-92573656.000000,807981.000
719,36.314200,-88518336.000000,808779.000
720,36.366575,-85835560.000000,808779.000
721,36.418508,-88600680.000000,810006.000
722,36.470636,-96333920.000000,810006.000
723,36.522821,-105349128.000000,808130.000
724,36.574710,-113773136.000000,808130.000
725,36.627007,-121180944.000000,807335.000
726,36.679319,-127215840.000000,807335.000
727,36.731327,-131631928.000000,806728.000
728,36.783603,-135120864.000000,805658.000
729,36.835503,-131238272.000000,805658.000
730,36.887575,-120381016.000000,806702.000
731,36.939615,-111326736.000000,806702.000
732,36.991942,-104611408.000000,807810.000
733,37.043921,-98886072.000000,807810.000
734,37.096074,-94314088.000000,808993.000
735,37.148481,-90328520.000000,808993.000
736,37.200297,-86029184.000000,809623.000
737,37.252686,-84789288.000000,809623.000
738,37.305217,-89945256.000000,808531.000
739,37.356896,-98956816.000000,808531.000
740,37.409030,-109661032.000000,808280.000
741,37.461020,-120089152.000000,808280.000
742,37.513368,-128045656.000000,806656.000
743,37.565372,-133825528.000000,806656.000
744,37.617449,-138420944.000000,805687.000
745,37.669813,-140585168.000000,805687.000
746,37.721964,-133692976.000000,805107.000
747,37.773882,-121395896.000000,805107.000
748,37.826236,-112663240.000000,807157.000
749,37.878336,-106079176.000000,807738.000
750,37.930162,-100192784.000000,807738.000
751,37.982523,-95368024.000000,809019.000
752,38.034447,-91206368.000000,809019.000
753,38.086993,-87136328.000000,809942.000
754,38.191056,-90246528.000000,809344.000
755,38.243272,-98086184.000000,809344.000
756,38.295485,-107162056.000000,808593.000
757,38.347426,-115380192.000000,808593.000
758,38.399354,-122257728.000000,807584.000
759,38.451695,-128069824.000000,807584.000
760,38.503675,-132563096.000000,807305.000
761,38.555949,-135524496.000000,807305.000
762,38.608031,-129312544.000000,807104.000
763,38.660131,-117413648.000000,807104.000
764,38.712401,-109476784.000000,808046.000
765,38.764386,-102955568.000000,808046.000
766,38.816394,-97325952.000000,808777.000
767,38.868771,-92880456.000000,808777.000
768,38.921023,-88833688.000000,809148.000
769,38.973097,-84794520.000000,809148.000
770,39.025114,-85205192.000000,809543.000
771,39.077238,-91813888.000000,808716.000
772,39.129585,-101764992.000000,808716.000
773,39.181412,-112555264.000000,806299.000
774,39.233550,-121947472.000000,806299.000
775,39.285701,-129394472.000000,805498.000
776,39.338019,-134994160.000000,805498.000
777,39.390229,-138818688.000000,805574.000
778,39.441970,-139918992.000000,805574.000
779,39.494777,-131317168.000000,806279.000
780,39.546564,-118323552.000000,806279.000
781,39.598523,-110689776.000000,807607.000
782,39.650597,-104714232.000000,807607.000
783,39.703041,-98892464.000000,808814.000
784,39.755176,-93993976.000000,808814.000
785,39.807013,-90021464.000000,809938.000
786,39.859422,-86148072.000000,809938.000
787,39.911473,-86030608.000000,810434.000
788,39.963682,-91682928.000000,810434.000
789,40.015649,-100218712.000000,809243.000
790,40.067830,-109240376.000000,809243.000
791,40.120143,-117321768.000000,807981.000
792,40.172294,-123890976.000000,807981.000
793,40.224111,-129072736.000000,806453.000
794,40.276349,-133220832.000000,806441.000
795,40.328540,-134992848.000000,806441.000
796,40.380669,-126940624.000000,806908.000
797,40.432738,-114753032.000000,806908.000
798,40.484967,-107665584.000000,807437.000
799,40.537058,-101702088.000000,807437.000
800,40.589051,-96263352.000000,809060.000
801,40.641083,-91886392.000000,809060.000
802,40.693345,-87780872.000000,809614.000
803,40.745449,-84188960.000000,809614.000
804,40.797630,-86054040.000000,809470.000
805,40.849842,-93769160.000000,809470.000
806,40.902039,-103735424.000000,809034.000
807,40.954025,-114628344.000000,809034.000
808,41.006171,-123902336.000000,808258.000
809,41.058292,-130625904.000000,808258.000
810,41.110333,-135835216.000000,806323.000
811,41.162480,-139249440.000000,806323.000
812,41.214755,-138557296.000000,805186.000
813,41.267292,-128678912.000000,805186.000
814,41.319002,-116149664.000000,807205.000
815,41.371323,-108871696.000000,807205.000
816,41.423200,-103012880.000000,809276.000
817,41.475498,-97661728.000000,809315.000
818,41.527362,-93168928.000000,809315.000
819,41.579497,-89001984.000000,809803.000
820,41.631777,-85384104.000000,809803.000
821,41.683806,-86733064.000000,810224.000
822,41.736140,-93624464.000000,810224.000
823,41.788389,-102371848.000000,809062.000
824,41.840114,-111232016.000000,809062.000
825,41.892555,-118743464.000000,807172.000
826,41.944888,-125020192.000000,807172.000
827,41.996683,-130296344.000000,806646.000
828,42.048829,-134142952.000000,806646.000
829,42.101091,-133288128.000000,808014.000
830,42.153346,-123834528.000000,808014.000
831,42.205179,-112799616.000000,807586.000
832,42.257452,-105888768.000000,807586.000
833,42.309415,-100086104.000000,808677.000
834,42.361837,-95108808.000000,808677.000
835,42.413857,-90965872.000000,808725.000
836,42.465876,-86849368.000000,808725.000
837,42.518192,-84380280.000000,810055.000
838,42.570349,-87757160.000000,810055.000
839,42.622351,-96054032.000000,809655.000
840,42.674815,-106368312.000000,809524.000
841,42.726797,-117138304.000000,809524.000
842,42.778918,-125820888.000000,807282.000
843,42.831066,-132023248.000000,807282.000
844,42.882794,-136810064.000000,807648.000
845,42.935251,-139757760.000000,807648.000
846,42.987353,-136419712.000000,806756.000
847,43.039478,-125434104.000000,806756.000
848,43.091565,-114481896.000000,807321.000
849,43.143866,-107407936.000000,807321.000
850,43.195872,-101648048.000000,809508.000
851,43.248046,-96600056.000000,809508.000
852,43.300004,-92162192.000000,810281.000
853,43.352403,-88004368.000000,810281.000
854,43.404305,-85258352.000000,810515.000
855,43.456463,-87915656.000000,810515.000
856,43.508501,-95649496.000000,809878.000
857,43.560666,-104627096.000000,809878.000
858,43.612980,-112993600.000000,808832.000
859,43.665217,-120080832.000000,808832.000
860,43.717174,-126157720.000000,807774.000
861,43.769430,-130987864.000000,807390.000
862,43.821470,-134553792.000000,807390.000
863,43.873721,-131130488.000000,807931.000
864,43.925841,-120487416.000000,807931.000
865,43.977917,-111142144.000000,809412.000
866,44.030120,-104413800.000000,809412.000
867,44.082034,-98619928.000000,809930.000
868,44.134353,-93844848.000000,809930.000
869,44.238614,-85492512.000000,809527.000
870,44.290554,-84346624.000000,809443.000
871,44.342647,-89342576.000000,809443.000
872,44.394863,-98363968.000000,809086.000
873,44.446983,-109066864.000000,809086.000
874,44.499104,-119592192.000000,808158.000
875,44.551408,-127664856.000000,808158.000
876,44.603288,-133471968.000000,807445.000
877,44.655497,-137879888.000000,807445.000
878,44.707564,-140163440.000000,805629.000
879,44.759981,-133985280.000000,805629.000
880,44.811957,-121891616.000000,807067.000
881,44.864218,-112868920.000000,807067.000
882,44.916160,-106191984.000000,808870.000
883,44.968457,-100311208.000000,808352.000
884,45.020487,-95415360.000000,808352.000
885,45.072721,-91215584.000000,810386.000
886,45.125196,-87175792.000000,810386.000
887,45.176728,-85583224.000000,810878.000
888,45.228928,-89652296.000000,810878.000
889,45.281143,-97821720.000000,809631.000
890,45.333248,-106889424.000000,809631.000
891,45.385362,-115180728.000000,808606.000
892,45.437515,-122096176.000000,808606.000
893,45.593850,-135428480.000000,806578.000
894,45.646115,-129393896.000000,806578.000
895,45.698206,-117530200.000000,808308.000
896,45.750420,-109775968.000000,808308.000
897,45.802635,-103483616.000000,810009.000
898,45.854803,-97747968.000000,810009.000
899,45.906574,-93268688.000000,810679.000
900,45.958829,-89289880.000000,810679.000
901,46.010825,-85208088.000000,809563.000
902,46.062963,-85392224.000000,809563.000
903,46.115138,-91708048.000000,809723.000
904,46.167223,-100957040.000000,808515.000
905,46.219751,-111750296.000000,808515.000
906,46.271744,-121801920.000000,807913.000
907,46.323991,-129238472.000000,807913.000
908,46.428143,-138635776.000000,806646.000
909,46.480321,-140061920.000000,805827.000
910,46.532295,-131786864.000000,805827.000
911,46.584526,-118801728.000000,806964.000
912,46.636691,-111059752.000000,806964.000
913,46.688831,-104812992.000000,808175.000
914,46.740770,-99317712.000000,808175.000
915,46.793015,-94679088.000000,809534.000
916,46.845146,-90318968.000000,809534.000
917,46.897229,-86308056.000000,810908.000
918,46.949484,-85985920.000000,810908.000
919,47.001597,-91441656.000000,810529.000
920,47.053952,-99943304.000000,810529.000
921,47.105718,-109008784.000000,810026.000
922,47.157883,-116904528.000000,810026.000
923,47.210340,-123441392.000000,809935.000
924,47.262261,-128920376.000000,809935.000
925,47.315286,-132997208.000000,809116.000
926,47.366385,-134828000.000000,808873.000
927,47.418720,-127039632.000000,808873.000
928,47.470604,-114896824.000000,809181.000
929,47.522960,-107832656.000000,809181.000
930,47.575014,-101903984.000000,810379.000
931,47.627123,-96478496.000000,810379.000
932,47.679210,-92042448.000000,809808.000
933,47.731305,-88153552.000000,809808.000
934,47.783633,-84606176.000000,810956.000
935,47.835682,-86181576.000000,810956.000
936,47.887912,-93719928.000000,811832.000
937,47.940150,-103449328.000000,811832.000
938,47.992077,-114331392.000000,810178.000
939,48.044373,-123866976.000000,810178.000
940,48.096440,-130773712.000000,809027.000
941,48.148454,-136008208.000000,809027.000
942,48.200784,-139378752.000000,808083.000
943,48.252923,-139315264.000000,808083.000
944,48.304929,-129649840.000000,808187.000
945,48.357172,-116647104.000000,808187.000
946,48.409334,-109343984.000000,810357.000
947,48.461354,-103498544.000000,810357.000
948,48.513569,-98120088.000000,811672.000
949,48.565499,-93508024.000000,811322.000
950,48.617813,-89373744.000000,811322.000
951,48.669686,-85725360.000000,811919.000
952,48.721939,-86827712.000000,811919.000
953,48.774001,-93600496.000000,811397.000
954,48.826100,-102223056.000000,811397.000
955,48.878459,-110904880.000000,808760.000
956,48.930755,-118522160.000000,808760.000
957,48.982645,-124892288.000000,808267.000
958,49.035149,-129990080.000000,808267.000
959,49.086905,-133863440.000000,807811.000
960,49.139015,-133660736.000000,807811.000
961,49.191132,-124522816.000000,807443.000
962,49.243252,-113447200.000000,807443.000
963,49.295397,-106486920.000000,808876.000
964,49.347475,-100389672.000000,808876.000
965,49.399588,-95222248.000000,809565.000
966,49.451749,-91009808.000000,809565.000
967,49.503857,-87018288.000000,810454.000
968,49.556294,-84355208.000000,810454.000
969,49.608269,-87530392.000000,811161.000
970,49.660333,-95881432.000000,810071.000
971,49.712633,-106130912.000000,810071.000
972,49.764679,-117034768.000000,808505.000
973,49.816674,-125795760.000000,808505.000
974,49.869121,-131938128.000000,807869.000
975,49.921069,-136854048.000000,807869.000
976,49.973167,-139851136.000000,807942.000
977,50.025180,-136830784.000000,807942.000
978,50.077436,-126007472.000000,809022.000
979,50.129461,-114874744.000000,809022.000
980,50.181566,-107836296.000000,810117.000
981,50.233760,-102140464.000000,810117.000
982,50.285858,-96988304.000000,810514.000
983,50.338243,-92351696.000000,810514.000
984,50.390319,-88186592.000000,811746.000
985,50.442487,-85316824.000000,811746.000
986,50.494864,-87802064.000000,812200.000
987,50.547142,-95370528.000000,812200.000
988,50.598591,-104313568.000000,811907.000
989,50.651019,-112875664.000000,811907.000
990,50.702896,-120043744.000000,809642.000
991,50.755316,-126368472.000000,809642.000
992,50.807284,-131198144.000000,808744.000
993,50.859262,-134568000.000000,808443.000
994,50.911731,-131577480.000000,808443.000
995,50.963757,-121125704.000000,809606.000
996,51.015784,-111551520.000000,809606.000
997,51.068263,-104762376.000000,810394.000
998,51.120445,-98989856.000000,810394.000
999,51.171972,-94262952.000000,811460.000
1000,51.224194,-90179688.000000,811460.000
1001,51.276240,-86098312.000000,811333.000
1002,51.328443,-84655176.000000,811333.000
1003,51.380612,-89264544.000000,811731.000
1004,51.432790,-98091976.000000,811731.000
1005,51.485081,-108726568.000000,810326.000
1006,51.537252,-119300800.000000,810326.000
1007,51.589347,-127518104.000000,808872.000
1008,51.641336,-133535312.000000,808872.000
1009,51.694018,-138051520.000000,808738.000
1010,51.745655,-140525856.000000,808738.000
1011,51.797734,-134726640.000000,808366.000
1012,51.850010,-122617088.000000,808366.000
1013,51.901964,-113266624.000000,808222.000
1014,51.954518,-106447080.000000,808222.000
1015,52.006417,-100502400.000000,809097.000
1016,52.058482,-95608440.000000,811006.000
1017,52.110641,-91386560.000000,811006.000
1018,52.162904,-87233184.000000,811637.000
1019,52.214744,-85366664.000000,811637.000
1020,52.267122,-89204304.000000,812270.000
1021,52.319156,-97266600.000000,812270.000
1022,52.371375,-106218632.000000,811162.000
1023,52.423563,-114362240.000000,811162.000
1024,52.475491,-121383904.000000,809810.000
1025,52.527782,-127358064.000000,809810.000
1026,52.580113,-131963616.000000,808701.000
1027,52.632058,-135252480.000000,808701.000
1028,52.684450,-129635600.000000,809218.000
1029,52.736298,-117876736.000000,809218.000
1030,52.788498,-109833408.000000,810398.000
1031,52.840889,-103445168.000000,810398.000
1032,52.892609,-97659544.000000,811321.000
1033,52.944643,-93041072.000000,811321.000
1034,52.996756,-88986856.000000,811726.000
1035,53.049159,-84930512.000000,811726.000
1036,53.101310,-84984608.000000,811527.000
1037,53.153323,-91195920.000000,811527.000
1038,53.205248,-100442816.000000,811335.000
1039,53.309874,-121444584.000000,811029.000
1040,53.362036,-129000832.000000,809215.000
1041,53.413912,-134480256.000000,809215.000
1042,53.466167,-138567088.000000,809218.000
1043,53.518256,-140402800.000000,809218.000
1044,53.570288,-132313528.000000,809083.000
1045,53.622424,-119254000.000000,809083.000
1046,53.674647,-111258552.000000,810018.000
1047,53.726560,-104924032.000000,810018.000
1048,53.778847,-99182912.000000,810218.000
1049,53.830918,-94516712.000000,810218.000
1050,53.883329,-90322112.000000,811105.000
1051,53.935236,-86164880.000000,811105.000
1052,53.987351,-85651584.000000,811153.000
1053,54.039621,-91027840.000000,811153.000
1054,54.091652,-99464672.000000,810301.000
1055,54.143832,-108489232.000000,810301.000
1056,54.196211,-116435792.000000,808960.000
1057,54.247983,-123054768.000000,808960.000
1058,54.300374,-128549904.000000,808746.000
1059,54.352509,-132800328.000000,808278.000
1060,54.404687,-135119680.000000,808278.000
1061,54.456702,-127511488.000000,808694.000
1062,54.508906,-115172472.000000,808694.000
1063,54.561115,-107999984.000000,808873.000
1064,54.612996,-102000064.000000,808873.000
1065,54.717259,-92048256.000000,810077.000
1066,54.769326,-87981792.000000,810528.000
1067,54.821782,-84400560.000000,810528.000
1068,54.874161,-86000232.000000,810542.000
1069,54.925794,-93438928.000000,810542.000
1070,54.977827,-103170064.000000,810011.000
1071,55.030114,-114068160.000000,810011.000
1072,55.082311,-123599568.000000,809040.000
1073,55.134646,-130499184.000000,809040.000
1074,55.186448,-135803712.000000,808413.000
1075,55.238830,-139295104.000000,808413.000
1076,55.290697,-139298096.000000,807803.000
1077,55.343109,-129868944.000000,807803.000
1078,55.395506,-117097656.000000,808493.000
1079,55.446966,-109790848.000000,808493.000
1080,55.499251,-103914368.000000,808853.000
1081,55.551266,-98422176.000000,809018.000
1082,55.603447,-93700760.000000,809018.000
1083,55.655562,-89528864.000000,809891.000
1084,55.707893,-85862992.000000,809891.000
1085,55.759927,-86751664.000000,810269.000
1086,55.812334,-93183200.000000,810269.000
1087,55.864334,-101800728.000000,808431.000
1088,55.916328,-110664960.000000,808431.000
1089,55.968676,-118244224.000000,807716.000
1090,56.020565,-124669824.000000,807716.000
1091,56.072672,-129946672.000000,808053.000
1092,56.125031,-133908480.000000,808053.000
1093,56.177195,-133991496.000000,806953.000
1094,56.229320,-125337920.000000,806953.000
1095,56.281343,-113758224.000000,807870.000
1096,56.333623,-106279288.000000,807870.000
1097,56.385382,-100471368.000000,808856.000
1098,56.437743,-95390240.000000,808856.000
1099,56.489682,-91138272.000000,809707.000
1100,56.541912,-86963592.000000,809707.000
1101,56.594008,-84056552.000000,809496.000
1102,56.646210,-87106208.000000,809496.000
1103,56.698236,-95458888.000000,809559.000
1104,56.750382,-105805264.000000,809553.000
1105,56.802878,-116562056.000000,809553.000
1106,56.854974,-125358200.000000,807152.000
1107,56.906852,-131989280.000000,807152.000
1108,56.959271,-136989376.000000,806285.000
1109,57.011031,-139826608.000000,806285.000
1110,57.063157,-137237376.000000,806381.000
1111,57.115441,-126614088.000000,806381.000
1112,57.167645,-115135896.000000,807958.000
1113,57.219879,-108148176.000000,807958.000
1114,57.271906,-102235416.000000,809906.000
1115,57.324128,-96877600.000000,809906.000
1116,57.376584,-92477216.000000,814121.000
1117,57.428579,-88397488.000000,814121.000
1118,57.480504,-85366224.000000,815088.000
1119,57.532636,-87679104.000000,815088.000
1120,57.584934,-95193560.000000,814862.000
1121,57.637016,-104078992.000000,814862.000
1122,57.689145,-112618136.000000,814773.000
1123,57.741267,-119853920.000000,814773.000
1124,57.793160,-125985608.000000,813471.000
1125,57.845231,-130864584.000000,813471.000
1126,57.897434,-134512368.000000,812812.000
1127,57.949936,-131830056.000000,813416.000
1128,58.001904,-121533960.000000,813416.000
1129,58.054427,-111769560.000000,814444.000
1130,58.106149,-105029304.000000,814444.000
1131,58.158257,-99194448.000000,815920.000
1132,58.210442,-94328512.000000,815920.000
1133,58.262294,-90219480.000000,816451.000
1134,58.314767,-86065408.000000,816451.000
1135,58.366756,-84440192.000000,816100.000
1136,58.418741,-88907104.000000,816100.000
1137,58.471204,-97649664.000000,815453.000
1138,58.523103,-108256408.000000,815453.000
1139,58.575541,-118906344.000000,814422.000
1140,58.627311,-127342520.000000,814422.000
1141,58.679478,-133248896.000000,813793.000
1142,58.731649,-137565984.000000,813793.000
1143,58.783844,-140070480.000000,814004.000
1144,58.835739,-134670416.000000,814004.000
1145,58.888119,-122877048.000000,814529.000
1146,58.940249,-113355472.000000,814529.000
1147,58.992476,-106534520.000000,815313.000
1148,59.044254,-100663536.000000,815313.000
1149,59.096512,-95770112.000000,816356.000
1150,59.148638,-91543904.000000,817115.000
1151,59.200789,-87338920.000000,817115.000
1152,59.252773,-85185312.000000,818050.000
1153,59.305011,-88810512.000000,818050.000
1154,59.357203,-96852424.000000,816835.000
1155,59.409326,-105942744.000000,816835.000
1156,59.461748,-114313968.000000,816131.000
1157,59.513664,-121348720.000000,816131.000
1158,59.565626,-127368592.000000,814896.000
1159,59.617808,-132140280.000000,814896.000
1160,59.670204,-135313280.000000,814897.000
1161,59.722108,-129728344.000000,814897.000
1162,59.774177,-118132488.000000,814812.000
1163,59.826549,-109968440.000000,814812.000
1164,59.878628,-103514680.000000,815888.000
1165,59.930750,-97818504.000000,815888.000
1166,59.982734,-93259536.000000,816941.000
1167,60.034957,-89229312.000000,816941.000

--- RESUMEN ---
Muestras totales,1168
Tiempo total (s),60.037
Frecuencia (Hz),19.45
Voltaje promedio (V),-110000806.890411
Voltaje desv. std,17511770.893706
Temperatura promedio (°C),808863.455
Temperatura desv. std,2010.177
