Sample Number,Time (s),TIVA Raw,TIVA Filtered,TIVA Temp
1,0.0005,-0.00717,-0.007168000000000001,29.97
2,0.0008,-0.007171,-0.007168000000000001,29.97
3,0.0011,-0.00717,-0.007168000000000001,29.97
4,0.0014,-0.007169000000000001,-0.007168000000000001,29.97
5,0.0016,-0.007169000000000001,-0.007168000000000001,29.97
6,0.0020,-0.007169000000000001,-0.007168000000000001,29.97
7,0.0022,-0.00717,-0.007169000000000001,29.97
8,0.0025,-0.00717,-0.007169000000000001,29.97
9,0.0027,-0.007172,-0.007169000000000001,29.97
10,0.0030,-0.007171,-0.007169000000000001,29.97
11,0.0032,-0.00717,-0.007169000000000001,29.97
12,0.0034,-0.007169000000000001,-0.007169000000000001,29.97
13,0.0037,-0.007168000000000001,-0.007169000000000001,29.97
14,0.0039,-0.007167000000000001,-0.007169000000000001,29.97
15,0.0041,-0.0071660000000000005,-0.007169000000000001,29.97
16,0.0043,-0.0071660000000000005,-0.007168000000000001,29.97
17,0.0045,-0.007167000000000001,-0.007168000000000001,29.97
18,0.0047,-0.0071660000000000005,-0.007168000000000001,29.97
19,0.0049,-0.0071660000000000005,-0.007168000000000001,29.97
20,0.0051,-0.0071660000000000005,-0.007168000000000001,29.97
21,0.0188,-0.007167000000000001,-0.007168000000000001,29.97
22,0.0190,-0.007168000000000001,-0.007168000000000001,29.97
23,0.0193,-0.007169000000000001,-0.007168000000000001,29.97
24,0.0195,-0.00717,-0.007168000000000001,29.97
25,0.0197,-0.00717,-0.007168000000000001,29.97
26,0.0200,-0.007169000000000001,-0.007168000000000001,29.97
27,0.0202,-0.007168000000000001,-0.007168000000000001,29.97
28,0.0204,-0.007167000000000001,-0.007168000000000001,29.97
29,0.0207,-0.007167000000000001,-0.007168000000000001,29.97
30,0.0209,-0.007168000000000001,-0.007168000000000001,29.97
31,0.0212,-0.007168000000000001,-0.007168000000000001,29.97
32,0.0214,-0.007168000000000001,-0.007168000000000001,29.97
33,0.0216,-0.007167000000000001,-0.007168000000000001,29.97
34,0.0218,-0.007167000000000001,-0.007168000000000001,29.97
35,0.0220,-0.007167000000000001,-0.007168000000000001,29.97
36,0.0223,-0.007167000000000001,-0.007168000000000001,29.97
37,0.0225,-0.007167000000000001,-0.007168000000000001,29.97
38,0.0227,-0.007168000000000001,-0.007168000000000001,29.97
39,0.0229,-0.007167000000000001,-0.007168000000000001,29.97
40,0.0232,-0.007167000000000001,-0.007168000000000001,29.97
41,0.0366,-0.007167000000000001,-0.007167000000000001,29.97
42,0.0868,-0.007167000000000001,-0.007167000000000001,29.97
43,0.1372,-0.007167000000000001,-0.007167000000000001,29.97
44,0.1875,-0.0071660000000000005,-0.007167000000000001,29.97
45,0.2378,-0.007165,-0.007167000000000001,29.97
46,0.2881,-0.0071660000000000005,-0.007167000000000001,29.97
47,0.3384,-0.007168000000000001,-0.007167000000000001,29.97
48,0.3887,-0.007168000000000001,-0.007167000000000001,29.97
49,0.4391,-0.007168000000000001,-0.007167000000000001,29.97
50,0.4894,-0.007167000000000001,-0.007167000000000001,29.97
51,0.5398,-0.007168000000000001,-0.007167000000000001,29.97
52,0.5903,-0.007168000000000001,-0.007167000000000001,29.97
53,0.6403,-0.007167000000000001,-0.007167000000000001,29.97
54,0.6903,-0.007167000000000001,-0.007167000000000001,29.97
55,0.7403,-0.007168000000000001,-0.007167000000000001,29.97
56,0.7906,-0.007167000000000001,-0.007167000000000001,29.97
57,0.8409,-0.0071660000000000005,-0.007167000000000001,29.97
58,0.8915,-0.007165,-0.007167000000000001,29.97
59,0.9419,-0.0071660000000000005,-0.007167000000000001,29.97
60,0.9917,-0.0071660000000000005,-0.007167000000000001,29.97
61,1.0421,-0.007167000000000001,-0.007167000000000001,29.97
62,1.0928,-0.007167000000000001,-0.007167000000000001,29.97
63,1.1427,-0.007167000000000001,-0.007167000000000001,29.97
64,1.1929,-0.0071660000000000005,-0.007167000000000001,29.97
65,1.2432,-0.0071660000000000005,-0.007167000000000001,29.97
66,1.2933,-0.0071660000000000005,-0.007167000000000001,29.97
67,1.3440,-0.0071660000000000005,-0.007167000000000001,29.97
68,1.3943,-0.0071660000000000005,-0.007167000000000001,29.97
69,1.4443,-0.0071660000000000005,-0.0071660000000000005,29.97
70,1.4946,-0.0071660000000000005,-0.0071660000000000005,29.97
71,1.5453,-0.0071660000000000005,-0.0071660000000000005,29.97
72,1.5955,-0.0071660000000000005,-0.0071660000000000005,29.97
73,1.6453,-0.0071660000000000005,-0.0071660000000000005,29.97
74,1.6960,-0.0071660000000000005,-0.0071660000000000005,29.97
75,1.7463,-0.0071660000000000005,-0.0071660000000000005,29.97
76,1.7962,-0.007167000000000001,-0.0071660000000000005,29.97
77,1.8473,-0.0071660000000000005,-0.0071660000000000005,29.97
78,1.8969,-0.007165,-0.0071660000000000005,29.97
79,1.9475,-0.007165,-0.0071660000000000005,29.97
80,1.9975,-0.007165,-0.0071660000000000005,29.97
81,2.0478,-0.007165,-0.0071660000000000005,29.97
82,2.0980,-0.007164,-0.0071660000000000005,29.97
83,2.1484,-0.007164,-0.0071660000000000005,29.97
84,2.1985,-0.007163000000000001,-0.007165,29.97
85,2.2487,-0.007163000000000001,-0.007165,29.97
86,2.2992,-0.007164,-0.007165,29.97
87,2.3493,-0.007167000000000001,-0.007165,29.97
88,2.3997,-0.007168000000000001,-0.007165,29.97
89,2.4501,-0.007168000000000001,-0.0071660000000000005,29.97
90,2.5002,-0.007167000000000001,-0.0071660000000000005,29.97
91,2.5506,-0.0071660000000000005,-0.0071660000000000005,29.97
92,2.6006,-0.0071660000000000005,-0.0071660000000000005,29.97
93,2.6511,-0.0071660000000000005,-0.0071660000000000005,29.97
94,2.7013,-0.007165,-0.0071660000000000005,29.97
95,2.7515,-0.007164,-0.0071660000000000005,29.97
96,2.8018,-0.007165,-0.0071660000000000005,29.97
97,2.8523,-0.007167000000000001,-0.0071660000000000005,29.97
98,2.9025,-0.007167000000000001,-0.0071660000000000005,29.97
99,2.9527,-0.007167000000000001,-0.0071660000000000005,29.97
100,3.0031,-0.007168000000000001,-0.0071660000000000005,29.97
101,3.0534,-0.007169000000000001,-0.0071660000000000005,29.97
102,3.1034,-0.007169000000000001,-0.007167000000000001,29.97
103,3.1540,-0.007168000000000001,-0.007167000000000001,29.97
104,3.2045,-0.007167000000000001,-0.007167000000000001,29.97
105,3.2546,-0.007167000000000001,-0.007167000000000001,29.98
106,3.3050,-0.007168000000000001,-0.007167000000000001,29.98
107,3.3553,-0.007167000000000001,-0.007167000000000001,29.97
108,3.4052,-0.007167000000000001,-0.007167000000000001,29.97
109,3.4555,-0.007167000000000001,-0.007167000000000001,29.97
110,3.5058,-0.007168000000000001,-0.007167000000000001,29.97
111,3.5560,-0.007168000000000001,-0.007167000000000001,29.97
112,3.6067,-0.007167000000000001,-0.007167000000000001,29.97
113,3.6566,-0.0071660000000000005,-0.007167000000000001,29.97
114,3.7072,-0.0071660000000000005,-0.007167000000000001,29.97
115,3.7572,-0.0071660000000000005,-0.007167000000000001,29.97
116,3.8078,-0.0071660000000000005,-0.007167000000000001,29.97
117,3.8578,-0.007167000000000001,-0.007167000000000001,29.97
118,3.9080,-0.007167000000000001,-0.007167000000000001,29.97
119,3.9584,-0.0071660000000000005,-0.007167000000000001,29.97
120,4.0086,-0.007167000000000001,-0.007167000000000001,29.97
121,4.0589,-0.007167000000000001,-0.007167000000000001,29.97
122,4.1093,-0.007167000000000001,-0.007167000000000001,29.97
123,4.1599,-0.007167000000000001,-0.007167000000000001,29.97
124,4.2097,-0.007168000000000001,-0.007167000000000001,29.97
125,4.2604,-0.007168000000000001,-0.007167000000000001,29.97
126,4.3104,-0.007167000000000001,-0.007167000000000001,29.97
127,4.3609,-0.007167000000000001,-0.007167000000000001,29.97
128,4.4109,-0.0071660000000000005,-0.007167000000000001,29.97
129,4.4611,-0.007165,-0.007167000000000001,29.97
130,4.5115,-0.007165,-0.007167000000000001,29.97
131,4.5617,-0.0071660000000000005,-0.0071660000000000005,29.97
132,4.6119,-0.0071660000000000005,-0.0071660000000000005,29.97
133,4.6624,-0.0071660000000000005,-0.0071660000000000005,29.97
134,4.7134,-0.0071660000000000005,-0.0071660000000000005,29.97
135,4.7631,-0.007165,-0.0071660000000000005,29.97
136,4.8143,-0.007164,-0.0071660000000000005,29.97
137,4.8635,-0.007164,-0.0071660000000000005,29.97
138,4.9139,-0.007164,-0.0071660000000000005,29.97
139,4.9639,-0.007164,-0.007165,29.97
140,5.0144,-0.007165,-0.007165,29.97
141,5.0645,-0.007165,-0.007165,29.97
142,5.1149,-0.007165,-0.007165,29.97
143,5.1652,-0.007164,-0.007165,29.97
144,5.2154,-0.007164,-0.007165,29.97
145,5.2657,-0.007165,-0.007165,29.97
146,5.3161,-0.007165,-0.007165,29.97
147,5.3662,-0.007165,-0.007165,29.97
148,5.4165,-0.007165,-0.007165,29.97
149,5.4666,-0.007165,-0.007165,29.97
150,5.5173,-0.0071660000000000005,-0.007165,29.97
151,5.5675,-0.0071660000000000005,-0.007165,29.97
152,5.6174,-0.007167000000000001,-0.007165,29.97
153,5.6679,-0.0071660000000000005,-0.0071660000000000005,29.97
154,5.7182,-0.0071660000000000005,-0.0071660000000000005,29.97
155,5.7684,-0.007165,-0.0071660000000000005,29.97
156,5.8192,-0.007165,-0.007165,29.97
157,5.8694,-0.007165,-0.007165,29.97
158,5.9192,-0.007165,-0.007165,29.97
159,5.9700,-0.0071660000000000005,-0.0071660000000000005,29.97
160,6.0198,-0.0071660000000000005,-0.0071660000000000005,29.97
161,6.0702,-0.007165,-0.007165,29.97
162,6.1205,-0.007165,-0.007165,29.97
163,6.1707,-0.0071660000000000005,-0.007165,29.97
164,6.2213,-0.007167000000000001,-0.0071660000000000005,29.97
165,6.2716,-0.007167000000000001,-0.0071660000000000005,29.97
166,6.3218,-0.007167000000000001,-0.0071660000000000005,29.98
167,6.3720,-0.007167000000000001,-0.0071660000000000005,29.98
168,6.4221,-0.0071660000000000005,-0.0071660000000000005,29.97
169,6.4727,-0.0071660000000000005,-0.0071660000000000005,29.97
170,6.5226,-0.0071660000000000005,-0.0071660000000000005,29.97
171,6.5732,-0.0071660000000000005,-0.0071660000000000005,29.97
172,6.6235,-0.0071660000000000005,-0.0071660000000000005,29.97
173,6.6735,-0.007165,-0.0071660000000000005,29.97
174,6.7237,-0.007165,-0.0071660000000000005,29.97
175,6.7744,-0.007164,-0.0071660000000000005,29.97
176,6.8244,-0.007163000000000001,-0.007165,29.97
177,6.8749,-0.007163000000000001,-0.007165,29.97
178,6.9248,-0.007163000000000001,-0.007165,29.97
179,6.9752,-0.007164,-0.007165,29.97
180,7.0254,-0.007164,-0.007165,29.97
181,7.0761,-0.007164,-0.007165,29.97
182,7.1259,-0.007162000000000001,-0.007165,29.97
183,7.1764,-0.007163000000000001,-0.007164,29.97
184,7.2264,-0.007163000000000001,-0.007164,29.97
185,7.2768,-0.007164,-0.007164,29.97
186,7.3270,-0.007164,-0.007164,29.97
187,7.3773,-0.007165,-0.007164,29.97
188,7.4275,-0.007164,-0.007164,29.97
189,7.4779,-0.007164,-0.007164,29.97
190,7.5285,-0.007163000000000001,-0.007164,29.97
191,7.5796,-0.007163000000000001,-0.007164,29.97
192,7.6296,-0.007164,-0.007164,29.97
193,7.6791,-0.007164,-0.007164,29.97
194,7.7294,-0.007164,-0.007164,29.97
195,7.7797,-0.007164,-0.007164,29.97
196,7.8301,-0.007164,-0.007164,29.97
197,7.8802,-0.007165,-0.007164,29.97
198,7.9306,-0.0071660000000000005,-0.007164,29.97
199,7.9807,-0.007167000000000001,-0.007164,29.97
200,8.0309,-0.007167000000000001,-0.007165,29.97
201,8.0813,-0.007168000000000001,-0.007165,29.97
202,8.1315,-0.007169000000000001,-0.007165,29.97
203,8.1820,-0.007169000000000001,-0.0071660000000000005,29.97
204,8.2323,-0.007169000000000001,-0.0071660000000000005,29.97
205,8.2823,-0.007167000000000001,-0.0071660000000000005,29.97
206,8.3329,-0.007167000000000001,-0.0071660000000000005,29.97
207,8.3830,-0.0071660000000000005,-0.0071660000000000005,29.97
208,8.4332,-0.0071660000000000005,-0.0071660000000000005,29.97
209,8.4837,-0.007167000000000001,-0.0071660000000000005,29.97
210,8.5340,-0.007167000000000001,-0.0071660000000000005,29.97
211,8.5843,-0.007167000000000001,-0.0071660000000000005,29.97
212,8.6347,-0.007167000000000001,-0.0071660000000000005,29.97
213,8.6850,-0.007167000000000001,-0.0071660000000000005,29.97
214,8.7352,-0.007167000000000001,-0.0071660000000000005,29.97
215,8.7855,-0.0071660000000000005,-0.0071660000000000005,29.97
216,8.8355,-0.007167000000000001,-0.0071660000000000005,29.97
217,8.8857,-0.007167000000000001,-0.0071660000000000005,29.97
218,8.9363,-0.007167000000000001,-0.0071660000000000005,29.97
219,8.9864,-0.0071660000000000005,-0.0071660000000000005,29.97
220,9.0367,-0.0071660000000000005,-0.0071660000000000005,29.97
221,9.0872,-0.007167000000000001,-0.0071660000000000005,29.97
222,9.1373,-0.007168000000000001,-0.007167000000000001,29.97
223,9.1877,-0.007168000000000001,-0.007167000000000001,29.97
224,9.2377,-0.007167000000000001,-0.007167000000000001,29.97
225,9.2883,-0.0071660000000000005,-0.007167000000000001,29.97
226,9.3386,-0.0071660000000000005,-0.007167000000000001,29.97
227,9.3884,-0.0071660000000000005,-0.007167000000000001,29.97
228,9.4396,-0.007167000000000001,-0.007167000000000001,29.97
229,9.4894,-0.0071660000000000005,-0.007167000000000001,29.97
230,9.5397,-0.007167000000000001,-0.007167000000000001,29.97
231,9.5896,-0.007168000000000001,-0.007167000000000001,29.97
232,9.6400,-0.007169000000000001,-0.007167000000000001,29.97
233,9.6903,-0.007169000000000001,-0.007167000000000001,29.97
234,9.7409,-0.007169000000000001,-0.007167000000000001,29.97
235,9.7908,-0.007169000000000001,-0.007167000000000001,29.97
236,9.8412,-0.007168000000000001,-0.007167000000000001,29.97
237,9.8916,-0.007169000000000001,-0.007168000000000001,29.97
238,9.9418,-0.00717,-0.007168000000000001,29.97
239,9.9922,-0.007169000000000001,-0.007168000000000001,29.97
240,10.0425,-0.007169000000000001,-0.007168000000000001,29.97
241,10.0928,-0.00717,-0.007168000000000001,29.97
242,10.1427,-0.00717,-0.007168000000000001,29.97
243,10.1929,-0.00717,-0.007169000000000001,29.97
244,10.2433,-0.007169000000000001,-0.007169000000000001,29.97
245,10.2940,-0.007169000000000001,-0.007169000000000001,29.97
246,10.3442,-0.007168000000000001,-0.007169000000000001,29.97
247,10.3944,-0.0071660000000000005,-0.007168000000000001,29.97
248,10.4443,-0.007165,-0.007168000000000001,29.97
249,10.4949,-0.007165,-0.007168000000000001,29.97
250,10.5451,-0.007165,-0.007167000000000001,29.97
251,10.5958,-0.0071660000000000005,-0.007167000000000001,29.97
252,10.6458,-0.007167000000000001,-0.007167000000000001,29.97
253,10.6962,-0.0071660000000000005,-0.007167000000000001,29.97
254,10.7462,-0.007164,-0.007167000000000001,29.98
255,10.7964,-0.007162000000000001,-0.0071660000000000005,29.98
256,10.8469,-0.007161000000000001,-0.0071660000000000005,29.97
257,10.8969,-0.007162000000000001,-0.0071660000000000005,29.97
258,10.9473,-0.007163000000000001,-0.007165,29.97
259,10.9975,-0.007164,-0.007165,29.97
260,11.0478,-0.007164,-0.007165,29.97
261,11.0982,-0.007165,-0.007165,29.97
262,11.1484,-0.007165,-0.007165,29.97
263,11.1987,-0.0071660000000000005,-0.007165,29.97
264,11.2490,-0.007165,-0.007165,29.97
265,11.2991,-0.007165,-0.007165,29.97
266,11.3495,-0.007165,-0.007165,29.97
267,11.3996,-0.007165,-0.007165,29.97
268,11.4499,-0.007164,-0.007165,29.97
269,11.5005,-0.007164,-0.007165,29.97
270,11.5504,-0.0071660000000000005,-0.007165,29.97
271,11.6009,-0.007165,-0.007165,29.98
272,11.6510,-0.007164,-0.007165,29.98
273,11.7015,-0.007162000000000001,-0.007165,29.97
274,11.7515,-0.007161000000000001,-0.007164,29.97
275,11.8021,-0.007162000000000001,-0.007164,29.97
276,11.8523,-0.007164,-0.007164,29.97
277,11.9028,-0.007165,-0.007164,29.97
278,11.9529,-0.007165,-0.007164,29.97
279,12.0031,-0.007164,-0.007164,29.97
280,12.0535,-0.007163000000000001,-0.007164,29.97
281,12.1040,-0.007163000000000001,-0.007164,29.97
282,12.1538,-0.007164,-0.007164,29.97
283,12.2045,-0.007165,-0.007164,29.97
284,12.2544,-0.007165,-0.007164,29.97
285,12.3047,-0.007164,-0.007164,29.97
286,12.3550,-0.007163000000000001,-0.007164,29.97
287,12.4053,-0.007163000000000001,-0.007164,29.97
288,12.4558,-0.007163000000000001,-0.007164,29.97
289,12.5057,-0.007164,-0.007164,29.97
290,12.5561,-0.007163000000000001,-0.007164,29.97
291,12.6063,-0.007163000000000001,-0.007164,29.97
292,12.6567,-0.007163000000000001,-0.007164,29.97
293,12.7073,-0.007163000000000001,-0.007164,29.97
294,12.7572,-0.007165,-0.007164,29.97
295,12.8075,-0.0071660000000000005,-0.007164,29.97
296,12.8581,-0.0071660000000000005,-0.007164,29.97
297,12.9080,-0.007167000000000001,-0.007164,29.97
298,12.9585,-0.0071660000000000005,-0.007165,29.97
299,13.0085,-0.007165,-0.007165,29.97
300,13.0588,-0.007163000000000001,-0.007164,29.97
301,13.1093,-0.007164,-0.007164,29.97
302,13.1595,-0.007164,-0.007164,29.97
303,13.2098,-0.007164,-0.007164,29.97
304,13.2601,-0.007165,-0.007164,29.97
305,13.3105,-0.0071660000000000005,-0.007164,29.97
306,13.3607,-0.007165,-0.007164,29.97
307,13.4112,-0.007164,-0.007164,29.97
308,13.4626,-0.007163000000000001,-0.007164,29.97
309,13.5117,-0.007163000000000001,-0.007164,29.97
310,13.5621,-0.007164,-0.007164,29.97
311,13.6121,-0.0071660000000000005,-0.007164,29.97
312,13.6623,-0.007168000000000001,-0.007165,29.97
313,13.7126,-0.007167000000000001,-0.007165,29.97
314,13.7628,-0.0071660000000000005,-0.007165,29.97
315,13.8133,-0.007165,-0.007165,29.97
316,13.8635,-0.0071660000000000005,-0.007165,29.97
317,13.9138,-0.007168000000000001,-0.007165,29.97
318,13.9641,-0.007169000000000001,-0.0071660000000000005,29.97
319,14.0144,-0.007167000000000001,-0.0071660000000000005,29.97
320,14.0646,-0.0071660000000000005,-0.0071660000000000005,29.97
321,14.1149,-0.0071660000000000005,-0.0071660000000000005,29.97
322,14.1650,-0.007168000000000001,-0.0071660000000000005,29.97
323,14.2155,-0.007169000000000001,-0.0071660000000000005,29.97
324,14.2659,-0.007168000000000001,-0.007167000000000001,29.97
325,14.3162,-0.0071660000000000005,-0.0071660000000000005,29.98
326,14.3665,-0.0071660000000000005,-0.0071660000000000005,29.98
327,14.4168,-0.0071660000000000005,-0.0071660000000000005,29.97
328,14.4671,-0.007165,-0.0071660000000000005,29.97
329,14.5174,-0.007165,-0.0071660000000000005,29.97
330,14.5677,-0.0071660000000000005,-0.0071660000000000005,29.97
331,14.6176,-0.0071660000000000005,-0.0071660000000000005,29.97
332,14.6678,-0.007165,-0.0071660000000000005,29.97
333,14.7185,-0.007164,-0.0071660000000000005,29.97
334,14.7683,-0.007165,-0.0071660000000000005,29.97
335,14.8186,-0.0071660000000000005,-0.0071660000000000005,29.97
336,14.8694,-0.0071660000000000005,-0.0071660000000000005,29.97
337,14.9192,-0.007165,-0.0071660000000000005,29.97
338,14.9695,-0.007165,-0.0071660000000000005,29.97
339,15.0200,-0.007165,-0.0071660000000000005,29.97
340,15.0702,-0.0071660000000000005,-0.0071660000000000005,29.97
341,15.1203,-0.007165,-0.0071660000000000005,29.97
342,15.1706,-0.007165,-0.007165,29.97
343,15.2213,-0.007165,-0.007165,29.97
344,15.2715,-0.007165,-0.007165,29.97
345,15.3215,-0.007165,-0.007165,29.97
346,15.3720,-0.007165,-0.007165,29.97
347,15.4225,-0.007165,-0.007165,29.97
348,15.4726,-0.0071660000000000005,-0.007165,29.97
349,15.5226,-0.0071660000000000005,-0.007165,29.97
350,15.5729,-0.007165,-0.007165,29.97
351,15.6232,-0.007165,-0.007165,29.97
352,15.6735,-0.007164,-0.007165,29.97
353,15.7236,-0.007164,-0.007165,29.97
354,15.7739,-0.007163000000000001,-0.007165,29.97
355,15.8245,-0.007163000000000001,-0.007165,29.97
356,15.8750,-0.007165,-0.007165,29.97
357,15.9248,-0.007165,-0.007165,29.97
358,15.9755,-0.007165,-0.007165,29.97
359,16.0255,-0.007165,-0.007165,29.97
360,16.0756,-0.007165,-0.007165,29.97
361,16.1259,-0.007165,-0.007165,29.97
362,16.1764,-0.007165,-0.007165,29.97
363,16.2270,-0.0071660000000000005,-0.007165,29.97
364,16.2772,-0.007167000000000001,-0.007165,29.97
365,16.3273,-0.007167000000000001,-0.007165,29.97
366,16.3774,-0.007167000000000001,-0.007165,29.97
367,16.4280,-0.007168000000000001,-0.0071660000000000005,29.97
368,16.4779,-0.007167000000000001,-0.0071660000000000005,29.97
369,16.5283,-0.0071660000000000005,-0.0071660000000000005,29.97
370,16.5787,-0.007165,-0.0071660000000000005,29.97
371,16.6287,-0.0071660000000000005,-0.0071660000000000005,29.97
372,16.6791,-0.007167000000000001,-0.0071660000000000005,29.97
373,16.7295,-0.007167000000000001,-0.0071660000000000005,29.97
374,16.7796,-0.0071660000000000005,-0.0071660000000000005,29.97
375,16.8299,-0.0071660000000000005,-0.0071660000000000005,29.97
376,16.8800,-0.0071660000000000005,-0.0071660000000000005,29.97
377,16.9304,-0.007167000000000001,-0.0071660000000000005,29.97
378,16.9808,-0.007167000000000001,-0.0071660000000000005,29.97
379,17.0310,-0.007168000000000001,-0.0071660000000000005,29.97
380,17.0814,-0.007169000000000001,-0.007167000000000001,29.97
381,17.1317,-0.007169000000000001,-0.007167000000000001,29.97
382,17.1817,-0.007168000000000001,-0.007167000000000001,29.97
383,17.2323,-0.007168000000000001,-0.007167000000000001,29.97
384,17.2824,-0.007169000000000001,-0.007167000000000001,29.97
385,17.3325,-0.007168000000000001,-0.007167000000000001,29.97
386,17.3828,-0.007167000000000001,-0.007167000000000001,29.97
387,17.4335,-0.007168000000000001,-0.007167000000000001,29.97
388,17.4835,-0.007168000000000001,-0.007167000000000001,29.97
389,17.5341,-0.007169000000000001,-0.007168000000000001,29.97
390,17.5844,-0.007169000000000001,-0.007168000000000001,29.97
391,17.6343,-0.007168000000000001,-0.007168000000000001,29.97
392,17.6845,-0.007167000000000001,-0.007168000000000001,29.97
393,17.7348,-0.0071660000000000005,-0.007168000000000001,29.97
394,17.7854,-0.0071660000000000005,-0.007167000000000001,29.97
395,17.8354,-0.007167000000000001,-0.007167000000000001,29.97
396,17.8858,-0.007168000000000001,-0.007167000000000001,29.97
397,17.9360,-0.007168000000000001,-0.007168000000000001,29.97
398,17.9862,-0.007169000000000001,-0.007168000000000001,29.97
399,18.0365,-0.00717,-0.007168000000000001,29.97
400,18.0868,-0.00717,-0.007168000000000001,29.97
401,18.1374,-0.007169000000000001,-0.007168000000000001,29.97
402,18.1877,-0.007169000000000001,-0.007168000000000001,29.97
403,18.2376,-0.007169000000000001,-0.007168000000000001,29.97
404,18.2881,-0.007169000000000001,-0.007168000000000001,29.97
405,18.3383,-0.007168000000000001,-0.007168000000000001,29.97
406,18.3885,-0.007167000000000001,-0.007168000000000001,29.97
407,18.4387,-0.0071660000000000005,-0.007168000000000001,29.97
408,18.4892,-0.0071660000000000005,-0.007168000000000001,29.97
409,18.5392,-0.0071660000000000005,-0.007168000000000001,29.97
410,18.5896,-0.0071660000000000005,-0.007168000000000001,29.97
411,18.6399,-0.0071660000000000005,-0.007167000000000001,29.97
412,18.6906,-0.007167000000000001,-0.007167000000000001,29.97
413,18.7404,-0.0071660000000000005,-0.007167000000000001,29.97
414,18.7908,-0.007167000000000001,-0.007167000000000001,29.97
415,18.8411,-0.007168000000000001,-0.007167000000000001,29.97
416,18.8916,-0.007167000000000001,-0.007167000000000001,29.97
417,18.9416,-0.007167000000000001,-0.007167000000000001,29.97
418,18.9922,-0.007168000000000001,-0.007167000000000001,29.97
419,19.0425,-0.007168000000000001,-0.007167000000000001,29.97
420,19.0923,-0.007169000000000001,-0.007168000000000001,29.97
421,19.1435,-0.007168000000000001,-0.007168000000000001,29.97
422,19.1934,-0.007168000000000001,-0.007168000000000001,29.97
423,19.2434,-0.007168000000000001,-0.007168000000000001,29.97
424,19.2939,-0.007168000000000001,-0.007168000000000001,29.97
425,19.3440,-0.007167000000000001,-0.007168000000000001,29.97
426,19.3941,-0.007168000000000001,-0.007168000000000001,29.97
427,19.4444,-0.007168000000000001,-0.007168000000000001,29.97
428,19.4946,-0.007168000000000001,-0.007168000000000001,29.97
429,19.5448,-0.007168000000000001,-0.007168000000000001,29.97
430,19.5952,-0.007168000000000001,-0.007168000000000001,29.97
431,19.6454,-0.007168000000000001,-0.007168000000000001,29.97
432,19.6959,-0.007168000000000001,-0.007168000000000001,29.97
433,19.7460,-0.007169000000000001,-0.007168000000000001,29.97
434,19.7963,-0.007169000000000001,-0.007168000000000001,29.97
435,19.8467,-0.007169000000000001,-0.007168000000000001,29.97
436,19.8968,-0.007168000000000001,-0.007168000000000001,29.97
437,19.9474,-0.007167000000000001,-0.007168000000000001,29.97
438,19.9976,-0.007167000000000001,-0.007168000000000001,29.97
439,20.0477,-0.007167000000000001,-0.007168000000000001,29.97
440,20.0981,-0.0071660000000000005,-0.007168000000000001,29.97
441,20.1484,-0.0071660000000000005,-0.007168000000000001,29.97
442,20.1985,-0.0071660000000000005,-0.007167000000000001,29.97
443,20.2489,-0.0071660000000000005,-0.007167000000000001,29.97
444,20.2993,-0.007167000000000001,-0.007167000000000001,29.97
445,20.3493,-0.007167000000000001,-0.007167000000000001,29.97
446,20.3996,-0.0071660000000000005,-0.007167000000000001,29.97
447,20.4498,-0.007165,-0.007167000000000001,29.97
448,20.5004,-0.007165,-0.007167000000000001,29.97
449,20.5504,-0.007165,-0.007167000000000001,29.97
450,20.6010,-0.007165,-0.0071660000000000005,29.97
451,20.6510,-0.007165,-0.0071660000000000005,29.97
452,20.7016,-0.007165,-0.0071660000000000005,29.97
453,20.7519,-0.007165,-0.0071660000000000005,29.97
454,20.8017,-0.007165,-0.0071660000000000005,29.97
455,20.8525,-0.007164,-0.0071660000000000005,29.97
456,20.9027,-0.007164,-0.0071660000000000005,29.97
457,20.9531,-0.007164,-0.0071660000000000005,29.97
458,21.0030,-0.007165,-0.0071660000000000005,29.97
459,21.0537,-0.007165,-0.007165,29.97
460,21.1039,-0.007165,-0.007165,29.97
461,21.1543,-0.007164,-0.007165,29.97
462,21.2040,-0.007164,-0.007165,29.97
463,21.2543,-0.0071660000000000005,-0.007165,29.97
464,21.3047,-0.0071660000000000005,-0.007165,29.97
465,21.3552,-0.0071660000000000005,-0.007165,29.97
466,21.4056,-0.007167000000000001,-0.007165,29.97
467,21.4556,-0.0071660000000000005,-0.0071660000000000005,29.97
468,21.5057,-0.007167000000000001,-0.0071660000000000005,29.97
469,21.5560,-0.007167000000000001,-0.0071660000000000005,29.97
470,21.6063,-0.007168000000000001,-0.0071660000000000005,29.97
471,21.6566,-0.00717,-0.0071660000000000005,29.97
472,21.7070,-0.00717,-0.007167000000000001,29.97
473,21.7573,-0.007169000000000001,-0.007167000000000001,29.97
474,21.8073,-0.007168000000000001,-0.007167000000000001,29.97
475,21.8580,-0.007167000000000001,-0.007167000000000001,29.97
476,21.9083,-0.007168000000000001,-0.007167000000000001,29.97
477,21.9587,-0.007167000000000001,-0.007167000000000001,29.97
478,22.0085,-0.007168000000000001,-0.007167000000000001,29.97
479,22.0595,-0.007168000000000001,-0.007167000000000001,29.97
480,22.1091,-0.007168000000000001,-0.007167000000000001,29.97
481,22.1597,-0.007167000000000001,-0.007167000000000001,29.97
482,22.2097,-0.007167000000000001,-0.007167000000000001,29.97
483,22.2604,-0.007167000000000001,-0.007167000000000001,29.97
484,22.3105,-0.007167000000000001,-0.007167000000000001,29.97
485,22.3606,-0.007167000000000001,-0.007167000000000001,29.97
486,22.4108,-0.007167000000000001,-0.007167000000000001,29.97
487,22.4612,-0.007167000000000001,-0.007167000000000001,29.97
488,22.5113,-0.007167000000000001,-0.007167000000000001,29.97
489,22.5616,-0.007167000000000001,-0.007167000000000001,29.97
490,22.6119,-0.007167000000000001,-0.007167000000000001,29.97
491,22.6622,-0.007167000000000001,-0.007167000000000001,29.97
492,22.7124,-0.007167000000000001,-0.007167000000000001,29.97
493,22.7628,-0.0071660000000000005,-0.007167000000000001,29.97
494,22.8129,-0.007165,-0.007167000000000001,29.97
495,22.8633,-0.007165,-0.007167000000000001,29.97
496,22.9136,-0.007165,-0.007167000000000001,29.97
497,22.9637,-0.007165,-0.0071660000000000005,29.97
498,23.0140,-0.007164,-0.0071660000000000005,29.97
499,23.0644,-0.007164,-0.0071660000000000005,29.97
500,23.1147,-0.007164,-0.0071660000000000005,29.97
501,23.1649,-0.007164,-0.0071660000000000005,29.97
502,23.2154,-0.007164,-0.007165,29.97
503,23.2658,-0.007163000000000001,-0.007165,29.97
504,23.3162,-0.007164,-0.007165,29.98
505,23.3661,-0.007164,-0.007165,29.98
506,23.4167,-0.007164,-0.007165,29.97
507,23.4670,-0.007164,-0.007165,29.97
508,23.5168,-0.007165,-0.007165,29.97
509,23.5676,-0.007165,-0.007165,29.97
510,23.6174,-0.0071660000000000005,-0.007165,29.97
511,23.6678,-0.0071660000000000005,-0.007165,29.97
512,23.7179,-0.007164,-0.007165,29.98
513,23.7684,-0.007163000000000001,-0.007165,29.98
514,23.8185,-0.007164,-0.007165,29.98
515,23.8689,-0.007165,-0.007165,29.98
516,23.9190,-0.0071660000000000005,-0.007165,29.97
517,23.9695,-0.007167000000000001,-0.007165,29.97
518,24.0196,-0.0071660000000000005,-0.007165,29.97
519,24.0699,-0.0071660000000000005,-0.007165,29.97
520,24.1203,-0.007165,-0.007165,29.98
521,24.1707,-0.007164,-0.007165,29.98
522,24.2208,-0.007163000000000001,-0.007165,29.97
523,24.2711,-0.007162000000000001,-0.007165,29.97
524,24.3217,-0.007163000000000001,-0.007164,29.97
525,24.3720,-0.007164,-0.007164,29.97
526,24.4219,-0.007165,-0.007164,29.97
527,24.4725,-0.007165,-0.007165,29.97
528,24.5224,-0.0071660000000000005,-0.007165,29.97
529,24.5727,-0.0071660000000000005,-0.007165,29.97
530,24.6234,-0.007164,-0.007165,29.97
531,24.6737,-0.007163000000000001,-0.007165,29.97
532,24.7240,-0.007163000000000001,-0.007164,29.98
533,24.7742,-0.007163000000000001,-0.007164,29.98
534,24.8243,-0.007164,-0.007164,29.97
535,24.8745,-0.007165,-0.007164,29.97
536,24.9254,-0.007165,-0.007165,29.97
537,24.9752,-0.007165,-0.007165,29.97
538,25.0258,-0.007165,-0.007165,29.97
539,25.0761,-0.007165,-0.007165,29.97
540,25.1262,-0.007164,-0.007165,29.97
541,25.1764,-0.007164,-0.007165,29.97
542,25.2266,-0.007165,-0.007165,29.97
543,25.2768,-0.007165,-0.007165,29.97
544,25.3271,-0.007164,-0.007165,29.97
545,25.3773,-0.007164,-0.007165,29.97
546,25.4278,-0.007164,-0.007164,29.98
547,25.4778,-0.0071660000000000005,-0.007165,29.98
548,25.5283,-0.007167000000000001,-0.007165,29.97
549,25.5785,-0.007167000000000001,-0.007165,29.97
550,25.6289,-0.0071660000000000005,-0.007165,29.97
551,25.6790,-0.007165,-0.007165,29.97
552,25.7295,-0.007165,-0.007165,29.97
553,25.7797,-0.007165,-0.007165,29.97
554,25.8298,-0.007165,-0.007165,29.97
555,25.8800,-0.0071660000000000005,-0.007165,29.98
556,25.9303,-0.007168000000000001,-0.007165,29.98
557,25.9809,-0.007169000000000001,-0.0071660000000000005,29.97
558,26.0309,-0.007168000000000001,-0.0071660000000000005,29.97
559,26.0815,-0.007167000000000001,-0.0071660000000000005,29.98
560,26.1315,-0.007168000000000001,-0.0071660000000000005,29.98
561,26.1817,-0.007169000000000001,-0.0071660000000000005,29.97
562,26.2322,-0.007169000000000001,-0.007167000000000001,29.97
563,26.2823,-0.007167000000000001,-0.007167000000000001,29.97
564,26.3329,-0.0071660000000000005,-0.007167000000000001,29.97
565,26.3830,-0.0071660000000000005,-0.007167000000000001,29.97
566,26.4331,-0.0071660000000000005,-0.007167000000000001,29.97
567,26.4838,-0.0071660000000000005,-0.0071660000000000005,29.97
568,26.5341,-0.0071660000000000005,-0.0071660000000000005,29.97
569,26.5840,-0.007165,-0.0071660000000000005,29.97
570,26.6345,-0.007165,-0.0071660000000000005,29.97
571,26.6849,-0.0071660000000000005,-0.0071660000000000005,29.97
572,26.7349,-0.007167000000000001,-0.0071660000000000005,29.97
573,26.7850,-0.007167000000000001,-0.0071660000000000005,29.97
574,26.8360,-0.007167000000000001,-0.0071660000000000005,29.97
575,26.8856,-0.007168000000000001,-0.0071660000000000005,29.97
576,26.9362,-0.007168000000000001,-0.007167000000000001,29.97
577,26.9867,-0.007167000000000001,-0.007167000000000001,29.97
578,27.0365,-0.007167000000000001,-0.007167000000000001,29.97
579,27.0871,-0.007168000000000001,-0.007167000000000001,29.98
580,27.1374,-0.007168000000000001,-0.007167000000000001,29.98
581,27.1877,-0.007167000000000001,-0.007167000000000001,29.97
582,27.2375,-0.007167000000000001,-0.007167000000000001,29.97
583,27.2883,-0.007168000000000001,-0.007167000000000001,29.97
584,27.3385,-0.007168000000000001,-0.007167000000000001,29.97
585,27.3888,-0.007169000000000001,-0.007167000000000001,29.97
586,27.4387,-0.007168000000000001,-0.007167000000000001,29.97
587,27.4893,-0.007168000000000001,-0.007167000000000001,29.97
588,27.5397,-0.007168000000000001,-0.007167000000000001,29.97
589,27.5895,-0.007169000000000001,-0.007168000000000001,29.98
590,27.6404,-0.007169000000000001,-0.007168000000000001,29.98
591,27.6901,-0.007169000000000001,-0.007168000000000001,29.97
592,27.7404,-0.007169000000000001,-0.007168000000000001,29.97
593,27.7912,-0.007169000000000001,-0.007168000000000001,29.98
594,27.8416,-0.007168000000000001,-0.007168000000000001,29.98
595,27.8915,-0.007167000000000001,-0.007168000000000001,29.97
596,27.9419,-0.007165,-0.007168000000000001,29.97
597,27.9919,-0.0071660000000000005,-0.007168000000000001,29.97
598,28.0421,-0.0071660000000000005,-0.007167000000000001,29.97
599,28.0923,-0.0071660000000000005,-0.007167000000000001,29.97
600,28.1426,-0.0071660000000000005,-0.007167000000000001,29.97
601,28.1929,-0.007165,-0.007167000000000001,29.98
602,28.2432,-0.0071660000000000005,-0.007167000000000001,29.98
603,28.2934,-0.007167000000000001,-0.007167000000000001,29.98
604,28.3440,-0.007168000000000001,-0.007167000000000001,29.98
605,28.3940,-0.0071660000000000005,-0.007167000000000001,29.98
606,28.4444,-0.007165,-0.007167000000000001,29.98
607,28.4947,-0.0071660000000000005,-0.007167000000000001,29.97
608,28.5447,-0.007168000000000001,-0.007167000000000001,29.97
609,28.5951,-0.007168000000000001,-0.007167000000000001,29.97
610,28.6455,-0.007167000000000001,-0.007167000000000001,29.97
611,28.6958,-0.007167000000000001,-0.007167000000000001,29.97
612,28.7460,-0.007167000000000001,-0.007167000000000001,29.97
613,28.7965,-0.007167000000000001,-0.007167000000000001,29.97
614,28.8467,-0.007168000000000001,-0.007167000000000001,29.97
615,28.8969,-0.007168000000000001,-0.007167000000000001,29.97
616,28.9470,-0.007169000000000001,-0.007167000000000001,29.97
617,28.9973,-0.007169000000000001,-0.007167000000000001,29.97
618,29.0478,-0.007167000000000001,-0.007167000000000001,29.97
619,29.0978,-0.0071660000000000005,-0.007167000000000001,29.97
620,29.1481,-0.007165,-0.007167000000000001,29.97
621,29.1985,-0.0071660000000000005,-0.007167000000000001,29.97
622,29.2487,-0.0071660000000000005,-0.007167000000000001,29.97
623,29.2991,-0.0071660000000000005,-0.007167000000000001,29.97
624,29.3496,-0.007165,-0.007167000000000001,29.97
625,29.3997,-0.0071660000000000005,-0.007167000000000001,29.97
626,29.4498,-0.007167000000000001,-0.007167000000000001,29.97
627,29.5002,-0.007167000000000001,-0.007167000000000001,29.97
628,29.5505,-0.007168000000000001,-0.007167000000000001,29.97
629,29.6007,-0.007167000000000001,-0.007167000000000001,29.97
630,29.6514,-0.007168000000000001,-0.007167000000000001,29.97
631,29.7015,-0.007167000000000001,-0.007167000000000001,29.97
632,29.7515,-0.0071660000000000005,-0.007167000000000001,29.97
633,29.8017,-0.007167000000000001,-0.007167000000000001,29.97
634,29.8525,-0.0071660000000000005,-0.007167000000000001,29.97
635,29.9028,-0.007165,-0.007167000000000001,29.97
636,29.9527,-0.0071660000000000005,-0.0071660000000000005,29.97
637,30.0033,-0.0071660000000000005,-0.0071660000000000005,29.97
638,30.0532,-0.0071660000000000005,-0.0071660000000000005,29.97
639,30.1038,-0.0071660000000000005,-0.0071660000000000005,29.97
640,30.1541,-0.0071660000000000005,-0.0071660000000000005,29.97
641,30.2047,-0.0071660000000000005,-0.0071660000000000005,29.97
642,30.2543,-0.0071660000000000005,-0.0071660000000000005,29.97
643,30.3050,-0.007167000000000001,-0.0071660000000000005,29.97
644,30.3549,-0.007167000000000001,-0.0071660000000000005,29.97
645,30.4052,-0.007168000000000001,-0.007167000000000001,29.97
646,30.4554,-0.007168000000000001,-0.007167000000000001,29.97
647,30.5060,-0.007167000000000001,-0.007167000000000001,29.98
648,30.5560,-0.007167000000000001,-0.007167000000000001,29.98
649,30.6065,-0.0071660000000000005,-0.007167000000000001,29.97
650,30.6570,-0.0071660000000000005,-0.007167000000000001,29.97
651,30.7076,-0.007164,-0.0071660000000000005,29.97
652,30.7574,-0.007163000000000001,-0.0071660000000000005,29.97
653,30.8077,-0.007163000000000001,-0.0071660000000000005,29.98
654,30.8581,-0.007163000000000001,-0.0071660000000000005,29.98
655,30.9081,-0.007163000000000001,-0.007165,29.97
656,30.9584,-0.007163000000000001,-0.007165,29.97
657,31.0086,-0.007163000000000001,-0.007165,29.97
658,31.0589,-0.007163000000000001,-0.007165,29.97
659,31.1092,-0.007164,-0.007165,29.97
660,31.1594,-0.007164,-0.007165,29.97
661,31.2097,-0.007164,-0.007164,29.97
662,31.2600,-0.007164,-0.007164,29.97
663,31.3102,-0.007164,-0.007164,29.97
664,31.3606,-0.007164,-0.007164,29.97
665,31.4107,-0.007165,-0.007164,29.97
666,31.4611,-0.007165,-0.007164,29.97
667,31.5116,-0.007164,-0.007164,29.97
668,31.5616,-0.007164,-0.007164,29.97
669,31.6121,-0.007164,-0.007164,29.98
670,31.6622,-0.007164,-0.007164,29.98
671,31.7124,-0.007164,-0.007164,29.97
672,31.7627,-0.007164,-0.007164,29.97
673,31.8129,-0.007165,-0.007164,29.97
674,31.8634,-0.0071660000000000005,-0.007165,29.97
675,31.9135,-0.0071660000000000005,-0.007165,29.97
676,31.9639,-0.0071660000000000005,-0.007165,29.97
677,32.0144,-0.0071660000000000005,-0.007165,29.97
678,32.0645,-0.007167000000000001,-0.007165,29.97
679,32.1147,-0.007169000000000001,-0.0071660000000000005,29.97
680,32.1651,-0.00717,-0.0071660000000000005,29.97
681,32.2152,-0.00717,-0.0071660000000000005,29.97
682,32.2655,-0.007169000000000001,-0.007167000000000001,29.97
683,32.3159,-0.007168000000000001,-0.007167000000000001,29.97
684,32.3659,-0.007168000000000001,-0.007167000000000001,29.97
685,32.4163,-0.007168000000000001,-0.007167000000000001,29.97
686,32.4666,-0.007168000000000001,-0.007167000000000001,29.97
687,32.5168,-0.007168000000000001,-0.007167000000000001,29.97
688,32.5673,-0.007169000000000001,-0.007167000000000001,29.97
689,32.6177,-0.007168000000000001,-0.007167000000000001,29.97
690,32.6677,-0.007168000000000001,-0.007167000000000001,29.98
691,32.7185,-0.007168000000000001,-0.007168000000000001,29.98
692,32.7685,-0.007167000000000001,-0.007168000000000001,29.97
693,32.8185,-0.007169000000000001,-0.007168000000000001,29.97
694,32.8689,-0.007171,-0.007168000000000001,29.97
695,32.9192,-0.007171,-0.007168000000000001,29.97
696,32.9699,-0.007171,-0.007169000000000001,29.97
697,33.0197,-0.00717,-0.007169000000000001,29.97
698,33.0699,-0.00717,-0.007169000000000001,29.97
699,33.1203,-0.007169000000000001,-0.007169000000000001,29.97
700,33.1705,-0.007169000000000001,-0.007169000000000001,29.97
701,33.2208,-0.007168000000000001,-0.007169000000000001,29.97
702,33.2711,-0.007169000000000001,-0.007169000000000001,29.97
703,33.3214,-0.007169000000000001,-0.007169000000000001,29.97
704,33.3721,-0.007169000000000001,-0.007169000000000001,29.97
705,33.4223,-0.007168000000000001,-0.007169000000000001,29.97
706,33.4723,-0.007168000000000001,-0.007169000000000001,29.97
707,33.5226,-0.007167000000000001,-0.007168000000000001,29.97
708,33.5727,-0.007168000000000001,-0.007168000000000001,29.97
709,33.6232,-0.007169000000000001,-0.007169000000000001,29.97
710,33.6737,-0.007169000000000001,-0.007169000000000001,29.97
711,33.7245,-0.007169000000000001,-0.007169000000000001,29.97
712,33.7745,-0.007168000000000001,-0.007169000000000001,29.98
713,33.8243,-0.007168000000000001,-0.007169000000000001,29.98
714,33.8747,-0.007167000000000001,-0.007168000000000001,29.97
715,33.9247,-0.0071660000000000005,-0.007168000000000001,29.97
716,33.9750,-0.0071660000000000005,-0.007168000000000001,29.97
717,34.0253,-0.0071660000000000005,-0.007168000000000001,29.97
718,34.0755,-0.007167000000000001,-0.007168000000000001,29.98
719,34.1260,-0.007167000000000001,-0.007168000000000001,29.98
720,34.1763,-0.007168000000000001,-0.007168000000000001,29.97
721,34.2266,-0.007168000000000001,-0.007168000000000001,29.97
722,34.2766,-0.0071660000000000005,-0.007167000000000001,29.97
723,34.3269,-0.007165,-0.007167000000000001,29.97
724,34.3774,-0.007165,-0.007167000000000001,29.97
725,34.4275,-0.0071660000000000005,-0.007167000000000001,29.97
726,34.4778,-0.0071660000000000005,-0.007167000000000001,29.98
727,34.5282,-0.0071660000000000005,-0.007167000000000001,29.98
728,34.5787,-0.007167000000000001,-0.007167000000000001,29.98
729,34.6291,-0.007167000000000001,-0.007167000000000001,29.98
730,34.6794,-0.007168000000000001,-0.007167000000000001,29.97
731,34.7292,-0.007167000000000001,-0.007167000000000001,29.97
732,34.7795,-0.0071660000000000005,-0.007167000000000001,29.97
733,34.8303,-0.0071660000000000005,-0.007167000000000001,29.97
734,34.8801,-0.0071660000000000005,-0.007167000000000001,29.97
735,34.9305,-0.007165,-0.0071660000000000005,29.97
736,34.9806,-0.007164,-0.0071660000000000005,29.97
737,35.0312,-0.007164,-0.0071660000000000005,29.97
738,35.0815,-0.007165,-0.0071660000000000005,29.97
739,35.1316,-0.0071660000000000005,-0.0071660000000000005,29.97
740,35.1817,-0.007167000000000001,-0.0071660000000000005,29.98
741,35.2323,-0.0071660000000000005,-0.0071660000000000005,29.98
742,35.2823,-0.007165,-0.0071660000000000005,29.97
743,35.3326,-0.007165,-0.0071660000000000005,29.97
744,35.3832,-0.0071660000000000005,-0.0071660000000000005,29.97
745,35.4336,-0.007165,-0.0071660000000000005,29.97
746,35.4838,-0.007165,-0.0071660000000000005,29.97
747,35.5338,-0.007165,-0.0071660000000000005,29.97
748,35.5843,-0.0071660000000000005,-0.0071660000000000005,29.97
749,35.6349,-0.007167000000000001,-0.0071660000000000005,29.97
750,35.6845,-0.007167000000000001,-0.0071660000000000005,29.97
751,35.7352,-0.007165,-0.0071660000000000005,29.97
752,35.7853,-0.007163000000000001,-0.0071660000000000005,29.98
753,35.8357,-0.007163000000000001,-0.007165,29.98
754,35.8860,-0.007165,-0.007165,29.98
755,35.9363,-0.0071660000000000005,-0.007165,29.98
756,35.9866,-0.007167000000000001,-0.0071660000000000005,29.98
757,36.0368,-0.007167000000000001,-0.0071660000000000005,29.98
758,36.0873,-0.0071660000000000005,-0.0071660000000000005,29.97
759,36.1372,-0.0071660000000000005,-0.0071660000000000005,29.97
760,36.1874,-0.0071660000000000005,-0.0071660000000000005,29.97
761,36.2377,-0.007167000000000001,-0.0071660000000000005,29.97
762,36.2879,-0.0071660000000000005,-0.0071660000000000005,29.98
763,36.3386,-0.0071660000000000005,-0.0071660000000000005,29.98
764,36.3888,-0.007167000000000001,-0.0071660000000000005,29.97
765,36.4394,-0.0071660000000000005,-0.0071660000000000005,29.97
766,36.4897,-0.007167000000000001,-0.0071660000000000005,29.97
767,36.5396,-0.0071660000000000005,-0.0071660000000000005,29.97
768,36.5897,-0.007165,-0.0071660000000000005,29.97
769,36.6399,-0.007165,-0.0071660000000000005,29.97
770,36.6902,-0.007165,-0.0071660000000000005,29.98
771,36.7405,-0.0071660000000000005,-0.0071660000000000005,29.98
772,36.7908,-0.007167000000000001,-0.0071660000000000005,29.97
773,36.8410,-0.0071660000000000005,-0.0071660000000000005,29.97
774,36.8914,-0.0071660000000000005,-0.0071660000000000005,29.98
775,36.9415,-0.007165,-0.0071660000000000005,29.98
776,36.9919,-0.007165,-0.0071660000000000005,29.98
777,37.0423,-0.0071660000000000005,-0.0071660000000000005,29.98
778,37.0925,-0.007167000000000001,-0.0071660000000000005,29.97
779,37.1428,-0.0071660000000000005,-0.0071660000000000005,29.97
780,37.1932,-0.007165,-0.0071660000000000005,29.97
781,37.2434,-0.007163000000000001,-0.0071660000000000005,29.97
782,37.2934,-0.007162000000000001,-0.007165,29.97
783,37.3440,-0.007162000000000001,-0.007165,29.97
784,37.3942,-0.007163000000000001,-0.007165,29.97
785,37.4445,-0.007164,-0.007165,29.97
786,37.4947,-0.007163000000000001,-0.007165,29.97
787,37.5451,-0.007164,-0.007164,29.97
788,37.5954,-0.007164,-0.007164,29.97
789,37.6456,-0.007164,-0.007164,29.97
790,37.6959,-0.007165,-0.007164,29.97
791,37.7460,-0.0071660000000000005,-0.007165,29.97
792,37.7963,-0.0071660000000000005,-0.007165,29.97
793,37.8469,-0.0071660000000000005,-0.007165,29.97
794,37.8970,-0.0071660000000000005,-0.007165,29.97
795,37.9475,-0.007165,-0.007165,29.97
796,37.9977,-0.007165,-0.007165,29.97
797,38.0481,-0.007165,-0.007165,29.97
798,38.0984,-0.0071660000000000005,-0.007165,29.97
799,38.1486,-0.007167000000000001,-0.007165,29.97
800,38.1987,-0.007167000000000001,-0.007165,29.97
801,38.2488,-0.007167000000000001,-0.0071660000000000005,29.97
802,38.2992,-0.007167000000000001,-0.0071660000000000005,29.98
803,38.3493,-0.0071660000000000005,-0.0071660000000000005,29.98
804,38.3996,-0.0071660000000000005,-0.0071660000000000005,29.97
805,38.4503,-0.007165,-0.0071660000000000005,29.97
806,38.5004,-0.007165,-0.0071660000000000005,29.97
807,38.5506,-0.0071660000000000005,-0.0071660000000000005,29.97
808,38.6013,-0.0071660000000000005,-0.0071660000000000005,29.97
809,38.6510,-0.007165,-0.0071660000000000005,29.97
810,38.7018,-0.007164,-0.0071660000000000005,29.97
811,38.7517,-0.007165,-0.007165,29.97
812,38.8023,-0.0071660000000000005,-0.007165,29.97
813,38.8522,-0.0071660000000000005,-0.007165,29.97
814,38.9025,-0.007165,-0.007165,29.97
815,38.9531,-0.007164,-0.007165,29.97
816,39.0034,-0.007164,-0.007165,29.97
817,39.0535,-0.007164,-0.007165,29.97
818,39.1036,-0.007163000000000001,-0.007165,29.98
819,39.1539,-0.007163000000000001,-0.007165,29.98
820,39.2045,-0.007162000000000001,-0.007165,29.97
821,39.2549,-0.007162000000000001,-0.007164,29.97
822,39.3047,-0.007162000000000001,-0.007164,29.97
823,39.3549,-0.007163000000000001,-0.007164,29.97
824,39.4056,-0.007162000000000001,-0.007164,29.97
825,39.4560,-0.007162000000000001,-0.007164,29.97
826,39.5066,-0.007163000000000001,-0.007164,29.97
827,39.5563,-0.007163000000000001,-0.007164,29.97
828,39.6066,-0.007163000000000001,-0.007163000000000001,29.98
829,39.6568,-0.007163000000000001,-0.007163000000000001,29.98
830,39.7070,-0.007164,-0.007163000000000001,29.97
831,39.7572,-0.007165,-0.007164,29.97
832,39.8076,-0.007164,-0.007164,29.97
833,39.8579,-0.007164,-0.007164,29.98
834,39.9080,-0.007164,-0.007164,29.98
835,39.9585,-0.007165,-0.007164,29.97
836,40.0088,-0.007165,-0.007164,29.97
837,40.0591,-0.007164,-0.007164,29.98
838,40.1093,-0.007163000000000001,-0.007164,29.98
839,40.1598,-0.007162000000000001,-0.007164,29.97
840,40.2097,-0.007162000000000001,-0.007163000000000001,29.97
841,40.2600,-0.007162000000000001,-0.007163000000000001,29.98
842,40.3104,-0.007163000000000001,-0.007163000000000001,29.98
843,40.3609,-0.007165,-0.007163000000000001,29.97
844,40.4113,-0.007165,-0.007164,29.97
845,40.4615,-0.007165,-0.007164,29.97
846,40.5117,-0.0071660000000000005,-0.007164,29.97
847,40.5618,-0.0071660000000000005,-0.007164,29.98
848,40.6124,-0.007164,-0.007164,29.98
849,40.6626,-0.007165,-0.007164,29.97
850,40.7129,-0.007165,-0.007164,29.97
851,40.7629,-0.007164,-0.007164,29.98
852,40.8132,-0.007165,-0.007164,29.98
853,40.8635,-0.0071660000000000005,-0.007165,29.97
854,40.9137,-0.0071660000000000005,-0.007165,29.97
855,40.9639,-0.007165,-0.007165,29.97
856,41.0142,-0.0071660000000000005,-0.007165,29.97
857,41.0646,-0.007167000000000001,-0.007165,29.97
858,41.1149,-0.0071660000000000005,-0.007165,29.97
859,41.1652,-0.007165,-0.007165,29.97
860,41.2157,-0.007164,-0.007165,29.97
861,41.2656,-0.007163000000000001,-0.007165,29.98
862,41.3160,-0.007164,-0.007165,29.98
863,41.3663,-0.007165,-0.007165,29.97
864,41.4169,-0.007165,-0.007165,29.97
865,41.4668,-0.0071660000000000005,-0.007165,29.97
866,41.5169,-0.007167000000000001,-0.007165,29.97
867,41.5673,-0.007168000000000001,-0.007165,29.98
868,41.6176,-0.007167000000000001,-0.007165,29.98
869,41.6680,-0.007167000000000001,-0.0071660000000000005,29.97
870,41.7183,-0.007167000000000001,-0.0071660000000000005,29.97
871,41.7684,-0.007167000000000001,-0.0071660000000000005,29.98
872,41.8187,-0.0071660000000000005,-0.0071660000000000005,29.98
873,41.8694,-0.007165,-0.0071660000000000005,29.97
874,41.9198,-0.0071660000000000005,-0.0071660000000000005,29.97
875,41.9696,-0.007167000000000001,-0.0071660000000000005,29.98
876,42.0199,-0.007168000000000001,-0.0071660000000000005,29.98
877,42.0703,-0.007168000000000001,-0.0071660000000000005,29.98
878,42.1205,-0.007168000000000001,-0.0071660000000000005,29.98
879,42.1707,-0.007169000000000001,-0.007167000000000001,29.97
880,42.2211,-0.007169000000000001,-0.007167000000000001,29.97
881,42.2722,-0.007169000000000001,-0.007167000000000001,29.98
882,42.3216,-0.007168000000000001,-0.007167000000000001,29.98
883,42.3718,-0.007168000000000001,-0.007167000000000001,29.98
884,42.4225,-0.007168000000000001,-0.007167000000000001,29.98
885,42.4726,-0.007168000000000001,-0.007167000000000001,29.97
886,42.5227,-0.007168000000000001,-0.007168000000000001,29.97
887,42.5732,-0.007168000000000001,-0.007168000000000001,29.97
888,42.6234,-0.007167000000000001,-0.007168000000000001,29.97
889,42.6734,-0.0071660000000000005,-0.007167000000000001,29.97
890,42.7238,-0.007165,-0.007167000000000001,29.97
891,42.7742,-0.0071660000000000005,-0.007167000000000001,29.97
892,42.8244,-0.007167000000000001,-0.007167000000000001,29.97
893,42.8747,-0.007167000000000001,-0.007167000000000001,29.98
894,42.9250,-0.007168000000000001,-0.007167000000000001,29.98
895,42.9752,-0.007168000000000001,-0.007167000000000001,29.98
896,43.0257,-0.007167000000000001,-0.007167000000000001,29.98
897,43.0760,-0.0071660000000000005,-0.007167000000000001,29.98
898,43.1260,-0.007165,-0.007167000000000001,29.98
899,43.1766,-0.007165,-0.007167000000000001,29.97
900,43.2269,-0.007165,-0.0071660000000000005,29.97
901,43.2772,-0.007165,-0.0071660000000000005,29.98
902,43.3271,-0.007165,-0.0071660000000000005,29.98
903,43.3776,-0.007165,-0.0071660000000000005,29.98
904,43.4276,-0.007165,-0.0071660000000000005,29.98
905,43.4779,-0.007165,-0.0071660000000000005,29.97
906,43.5282,-0.0071660000000000005,-0.0071660000000000005,29.97
907,43.5787,-0.0071660000000000005,-0.0071660000000000005,29.98
908,43.6289,-0.0071660000000000005,-0.0071660000000000005,29.98
909,43.6791,-0.0071660000000000005,-0.0071660000000000005,29.98
910,43.7296,-0.007167000000000001,-0.0071660000000000005,29.98
911,43.7802,-0.0071660000000000005,-0.0071660000000000005,29.98
912,43.8300,-0.0071660000000000005,-0.0071660000000000005,29.98
913,43.8802,-0.007165,-0.0071660000000000005,29.98
914,43.9305,-0.007164,-0.0071660000000000005,29.98
915,43.9811,-0.007164,-0.0071660000000000005,29.97
916,44.0315,-0.007164,-0.0071660000000000005,29.97
917,44.0814,-0.007165,-0.007165,29.97
918,44.1317,-0.0071660000000000005,-0.007165,29.97
919,44.1820,-0.007165,-0.007165,29.98
920,44.2325,-0.0071660000000000005,-0.0071660000000000005,29.98
921,44.2828,-0.0071660000000000005,-0.0071660000000000005,29.98
922,44.3327,-0.007167000000000001,-0.0071660000000000005,29.98
923,44.3834,-0.007168000000000001,-0.0071660000000000005,29.97
924,44.4337,-0.007169000000000001,-0.0071660000000000005,29.97
925,44.4839,-0.007168000000000001,-0.0071660000000000005,29.98
926,44.5342,-0.0071660000000000005,-0.0071660000000000005,29.98
927,44.5845,-0.0071660000000000005,-0.0071660000000000005,29.97
928,44.6349,-0.007167000000000001,-0.0071660000000000005,29.97
929,44.6846,-0.007167000000000001,-0.0071660000000000005,29.97
930,44.7354,-0.007167000000000001,-0.007167000000000001,29.97
931,44.7856,-0.0071660000000000005,-0.007167000000000001,29.98
932,44.8355,-0.0071660000000000005,-0.0071660000000000005,29.98
933,44.8857,-0.007165,-0.0071660000000000005,29.97
934,44.9360,-0.007164,-0.0071660000000000005,29.97
935,44.9863,-0.007163000000000001,-0.0071660000000000005,29.97
936,45.0366,-0.007162000000000001,-0.007165,29.97
937,45.0869,-0.007162000000000001,-0.007165,29.97
938,45.1375,-0.007163000000000001,-0.007165,29.97
939,45.1875,-0.007165,-0.007165,29.97
940,45.2382,-0.0071660000000000005,-0.007165,29.97
941,45.2883,-0.0071660000000000005,-0.007165,29.98
942,45.3385,-0.007165,-0.007165,29.98
943,45.3887,-0.007164,-0.007165,29.97
944,45.4390,-0.007164,-0.007165,29.97
945,45.4892,-0.007165,-0.007165,29.97
946,45.5394,-0.007165,-0.007165,29.97
947,45.5897,-0.007165,-0.007165,29.97
948,45.6401,-0.007165,-0.007165,29.97
949,45.6904,-0.007165,-0.007165,29.97
950,45.7405,-0.007164,-0.007165,29.97
951,45.7908,-0.007164,-0.007165,29.97
952,45.8413,-0.007164,-0.007165,29.97
953,45.8916,-0.007162000000000001,-0.007165,29.97
954,45.9419,-0.007162000000000001,-0.007164,29.97
955,45.9921,-0.007163000000000001,-0.007164,29.98
956,46.0423,-0.007163000000000001,-0.007164,29.98
957,46.0927,-0.007163000000000001,-0.007164,29.97
958,46.1427,-0.007163000000000001,-0.007164,29.97
959,46.1932,-0.007163000000000001,-0.007164,29.98
960,46.2435,-0.007164,-0.007164,29.98
961,46.2937,-0.007165,-0.007164,29.97
962,46.3440,-0.007165,-0.007164,29.97
963,46.3943,-0.007165,-0.007164,29.97
964,46.4446,-0.007165,-0.007164,29.97
965,46.4950,-0.0071660000000000005,-0.007164,29.97
966,46.5453,-0.007167000000000001,-0.007165,29.97
967,46.5956,-0.007167000000000001,-0.007165,29.97
968,46.6460,-0.0071660000000000005,-0.007165,29.97
969,46.6962,-0.0071660000000000005,-0.007165,29.97
970,46.7465,-0.007165,-0.007165,29.97
971,46.7968,-0.007165,-0.007165,29.97
972,46.8467,-0.0071660000000000005,-0.007165,29.97
973,46.8969,-0.0071660000000000005,-0.007165,29.97
974,46.9477,-0.0071660000000000005,-0.007165,29.97
975,46.9975,-0.007167000000000001,-0.007165,29.97
976,47.0483,-0.0071660000000000005,-0.0071660000000000005,29.97
977,47.0985,-0.0071660000000000005,-0.0071660000000000005,29.97
978,47.1483,-0.007167000000000001,-0.0071660000000000005,29.98
979,47.1987,-0.007167000000000001,-0.0071660000000000005,29.98
980,47.2489,-0.007167000000000001,-0.0071660000000000005,29.97
981,47.2996,-0.007168000000000001,-0.0071660000000000005,29.97
982,47.3495,-0.007167000000000001,-0.0071660000000000005,29.97
983,47.4002,-0.007167000000000001,-0.0071660000000000005,29.97
984,47.4505,-0.007168000000000001,-0.0071660000000000005,29.97
985,47.5003,-0.007168000000000001,-0.007167000000000001,29.97
986,47.5507,-0.007167000000000001,-0.007167000000000001,29.97
987,47.6010,-0.0071660000000000005,-0.007167000000000001,29.97
988,47.6512,-0.0071660000000000005,-0.007167000000000001,29.97
989,47.7018,-0.007167000000000001,-0.007167000000000001,29.97
990,47.7521,-0.007167000000000001,-0.007167000000000001,29.97
991,47.8024,-0.0071660000000000005,-0.007167000000000001,29.97
992,47.8527,-0.0071660000000000005,-0.007167000000000001,29.98
993,47.9029,-0.007167000000000001,-0.007167000000000001,29.98
994,47.9535,-0.007167000000000001,-0.007167000000000001,29.97
995,48.0038,-0.0071660000000000005,-0.007167000000000001,29.97
996,48.0537,-0.0071660000000000005,-0.007167000000000001,29.97
997,48.1040,-0.0071660000000000005,-0.0071660000000000005,29.97
998,48.1542,-0.0071660000000000005,-0.0071660000000000005,29.97
999,48.2046,-0.007165,-0.0071660000000000005,29.97
1000,48.2545,-0.007165,-0.0071660000000000005,29.98
1001,48.3048,-0.007164,-0.0071660000000000005,29.98
1002,48.3552,-0.007165,-0.0071660000000000005,29.97
1003,48.4059,-0.0071660000000000005,-0.0071660000000000005,29.97
1004,48.4558,-0.007165,-0.0071660000000000005,29.97
1005,48.5061,-0.007165,-0.0071660000000000005,29.97
1006,48.5562,-0.007165,-0.0071660000000000005,29.97
1007,48.6065,-0.007164,-0.007165,29.97
1008,48.6567,-0.007164,-0.007165,29.97
1009,48.7072,-0.007164,-0.007165,29.97
1010,48.7577,-0.0071660000000000005,-0.007165,29.97
1011,48.8076,-0.0071660000000000005,-0.007165,29.97
1012,48.8580,-0.0071660000000000005,-0.007165,29.97
1013,48.9081,-0.0071660000000000005,-0.007165,29.97
1014,48.9584,-0.0071660000000000005,-0.0071660000000000005,29.97
1015,49.0090,-0.0071660000000000005,-0.0071660000000000005,29.97
1016,49.0593,-0.0071660000000000005,-0.0071660000000000005,29.97
1017,49.1097,-0.0071660000000000005,-0.0071660000000000005,29.97
1018,49.1595,-0.0071660000000000005,-0.0071660000000000005,29.97
1019,49.2099,-0.007165,-0.0071660000000000005,29.97
1020,49.2600,-0.007163000000000001,-0.007165,29.97
1021,49.3104,-0.007164,-0.007165,29.97
1022,49.3606,-0.007165,-0.007165,29.97
1023,49.4109,-0.007165,-0.007165,29.97
1024,49.4615,-0.007163000000000001,-0.007165,29.98
1025,49.5117,-0.007163000000000001,-0.007165,29.98
1026,49.5622,-0.007162000000000001,-0.007165,29.97
1027,49.6124,-0.007161000000000001,-0.007164,29.97
1028,49.6627,-0.007161000000000001,-0.007164,29.97
1029,49.7130,-0.007163000000000001,-0.007164,29.97
1030,49.7633,-0.007164,-0.007164,29.97
1031,49.8132,-0.007163000000000001,-0.007164,29.97
1032,49.8638,-0.007163000000000001,-0.007164,29.97
1033,49.9141,-0.007163000000000001,-0.007164,29.97
1034,49.9641,-0.007163000000000001,-0.007164,29.97
1035,50.0148,-0.007164,-0.007164,29.97
1036,50.0649,-0.007165,-0.007164,29.97
1037,50.1148,-0.007164,-0.007164,29.97
1038,50.1652,-0.007162000000000001,-0.007164,29.98
1039,50.2154,-0.007162000000000001,-0.007163000000000001,29.98
1040,50.2656,-0.007162000000000001,-0.007163000000000001,29.97
1041,50.3160,-0.007163000000000001,-0.007163000000000001,29.97
1042,50.3664,-0.007163000000000001,-0.007163000000000001,29.97
1043,50.4166,-0.007163000000000001,-0.007163000000000001,29.97
1044,50.4669,-0.007165,-0.007163000000000001,29.97
1045,50.5171,-0.0071660000000000005,-0.007164,29.97
1046,50.5677,-0.007167000000000001,-0.007164,29.97
1047,50.6177,-0.0071660000000000005,-0.007164,29.97
1048,50.6683,-0.0071660000000000005,-0.007164,29.98
1049,50.7186,-0.007167000000000001,-0.007165,29.98
1050,50.7684,-0.007167000000000001,-0.007165,29.97
1051,50.8191,-0.007168000000000001,-0.007165,29.97
1052,50.8696,-0.007167000000000001,-0.007165,29.97
1053,50.9196,-0.0071660000000000005,-0.007165,29.97
1054,50.9699,-0.007165,-0.007165,29.97
1055,51.0205,-0.007165,-0.007165,29.97
1056,51.0707,-0.007165,-0.007165,29.97
1057,51.1204,-0.007165,-0.007165,29.97
1058,51.1708,-0.007165,-0.007165,29.97
1059,51.2210,-0.007165,-0.007165,29.97
1060,51.2714,-0.007165,-0.007165,29.97
1061,51.3217,-0.007165,-0.007165,29.97
1062,51.3719,-0.007165,-0.007165,29.97
1063,51.4223,-0.007165,-0.007165,29.97
1064,51.4726,-0.007164,-0.007165,29.97
1065,51.5228,-0.007165,-0.007165,29.97
1066,51.5730,-0.0071660000000000005,-0.007165,29.97
1067,51.6232,-0.0071660000000000005,-0.007165,29.97
1068,51.6734,-0.007165,-0.007165,29.97
1069,51.7238,-0.0071660000000000005,-0.007165,29.97
1070,51.7744,-0.0071660000000000005,-0.007165,29.97
1071,51.8243,-0.0071660000000000005,-0.007165,29.97
1072,51.8748,-0.007165,-0.007165,29.98
1073,51.9249,-0.007165,-0.007165,29.98
1074,51.9752,-0.007164,-0.007165,29.97
1075,52.0255,-0.007164,-0.007165,29.97
1076,52.0763,-0.007164,-0.007165,29.97
1077,52.1260,-0.0071660000000000005,-0.007165,29.97
1078,52.1767,-0.0071660000000000005,-0.007165,29.97
1079,52.2266,-0.0071660000000000005,-0.007165,29.97
1080,52.2768,-0.0071660000000000005,-0.007165,29.97
1081,52.3276,-0.0071660000000000005,-0.007165,29.97
1082,52.3777,-0.007165,-0.007165,29.97
1083,52.4281,-0.007165,-0.007165,29.97
1084,52.4781,-0.007165,-0.007165,29.97
1085,52.5283,-0.007165,-0.007165,29.97
1086,52.5789,-0.007163000000000001,-0.007165,29.98
1087,52.6289,-0.007164,-0.007165,29.98
1088,52.6792,-0.007165,-0.007165,29.97
1089,52.7293,-0.007167000000000001,-0.007165,29.97
1090,52.7798,-0.007167000000000001,-0.007165,29.97
1091,52.8301,-0.0071660000000000005,-0.007165,29.97
1092,52.8803,-0.0071660000000000005,-0.007165,29.97
1093,52.9307,-0.0071660000000000005,-0.007165,29.97
1094,52.9813,-0.007167000000000001,-0.0071660000000000005,29.97
1095,53.0314,-0.0071660000000000005,-0.0071660000000000005,29.97
1096,53.0817,-0.0071660000000000005,-0.0071660000000000005,29.97
1097,53.1316,-0.007165,-0.0071660000000000005,29.97
1098,53.1818,-0.007164,-0.0071660000000000005,29.97
1099,53.2326,-0.007164,-0.007165,29.97
1100,53.2824,-0.0071660000000000005,-0.007165,29.97
1101,53.3328,-0.0071660000000000005,-0.0071660000000000005,29.97
1102,53.3832,-0.007167000000000001,-0.0071660000000000005,29.97
1103,53.4334,-0.007168000000000001,-0.0071660000000000005,29.97
1104,53.4836,-0.0071660000000000005,-0.0071660000000000005,29.97
1105,53.5340,-0.007164,-0.0071660000000000005,29.97
1106,53.5842,-0.007164,-0.0071660000000000005,29.97
1107,53.6349,-0.007165,-0.007165,29.97
1108,53.6858,-0.007165,-0.007165,29.97
1109,53.7349,-0.007167000000000001,-0.0071660000000000005,29.97
1110,53.7853,-0.007167000000000001,-0.0071660000000000005,29.97
1111,53.8356,-0.007167000000000001,-0.0071660000000000005,29.97
1112,53.8858,-0.007168000000000001,-0.0071660000000000005,29.97
1113,53.9366,-0.007167000000000001,-0.0071660000000000005,29.97
1114,53.9866,-0.0071660000000000005,-0.0071660000000000005,29.97
1115,54.0366,-0.0071660000000000005,-0.0071660000000000005,29.97
1116,54.0871,-0.007167000000000001,-0.0071660000000000005,29.97
1117,54.1373,-0.007167000000000001,-0.0071660000000000005,29.97
1118,54.1877,-0.0071660000000000005,-0.0071660000000000005,29.97
1119,54.2380,-0.007165,-0.0071660000000000005,29.97
1120,54.2881,-0.007164,-0.0071660000000000005,29.97
1121,54.3386,-0.007165,-0.0071660000000000005,29.97
1122,54.3887,-0.0071660000000000005,-0.0071660000000000005,29.97
1123,54.4391,-0.007167000000000001,-0.0071660000000000005,29.98
1124,54.4893,-0.0071660000000000005,-0.0071660000000000005,29.98
1125,54.5396,-0.0071660000000000005,-0.0071660000000000005,29.97
1126,54.5900,-0.0071660000000000005,-0.0071660000000000005,29.97
1127,54.6402,-0.007165,-0.0071660000000000005,29.97
1128,54.6903,-0.007165,-0.0071660000000000005,29.97
1129,54.7406,-0.007165,-0.0071660000000000005,29.97
1130,54.7908,-0.007164,-0.007165,29.97
1131,54.8413,-0.007164,-0.007165,29.97
1132,54.8915,-0.007164,-0.007165,29.97
1133,54.9419,-0.007164,-0.007165,29.97
1134,54.9922,-0.007164,-0.007165,29.97
1135,55.0425,-0.007164,-0.007165,29.98
1136,55.0929,-0.007163000000000001,-0.007165,29.98
1137,55.1431,-0.007164,-0.007165,29.97
1138,55.1934,-0.007164,-0.007165,29.97
1139,55.2437,-0.007164,-0.007165,29.97
1140,55.2940,-0.007163000000000001,-0.007164,29.97
1141,55.3439,-0.007163000000000001,-0.007164,29.97
1142,55.3943,-0.007164,-0.007164,29.97
1143,55.4445,-0.0071660000000000005,-0.007164,29.97
1144,55.4949,-0.0071660000000000005,-0.007165,29.97
1145,55.5451,-0.0071660000000000005,-0.007165,29.97
1146,55.5954,-0.0071660000000000005,-0.007165,29.97
1147,55.6456,-0.0071660000000000005,-0.007165,29.97
1148,55.6960,-0.0071660000000000005,-0.007165,29.97
1149,55.7462,-0.0071660000000000005,-0.007165,29.97
1150,55.7964,-0.0071660000000000005,-0.007165,29.97
1151,55.8468,-0.0071660000000000005,-0.007165,29.97
1152,55.8974,-0.007165,-0.007165,29.97
1153,55.9474,-0.007165,-0.007165,29.97
1154,55.9976,-0.0071660000000000005,-0.007165,29.97
1155,56.0480,-0.007167000000000001,-0.007165,29.97
1156,56.0986,-0.007167000000000001,-0.0071660000000000005,29.97
1157,56.1485,-0.007167000000000001,-0.0071660000000000005,29.97
1158,56.1988,-0.0071660000000000005,-0.0071660000000000005,29.97
1159,56.2491,-0.007167000000000001,-0.0071660000000000005,29.97
1160,56.2995,-0.0071660000000000005,-0.0071660000000000005,29.97
1161,56.3496,-0.007165,-0.0071660000000000005,29.97
1162,56.3999,-0.007165,-0.0071660000000000005,29.97
1163,56.4501,-0.0071660000000000005,-0.0071660000000000005,29.97
1164,56.5004,-0.0071660000000000005,-0.0071660000000000005,29.97
1165,56.5506,-0.007165,-0.0071660000000000005,29.97
1166,56.6014,-0.0071660000000000005,-0.0071660000000000005,29.97
1167,56.6513,-0.007165,-0.0071660000000000005,29.98
1168,56.7020,-0.007164,-0.007165,29.98
1169,56.7518,-0.007165,-0.007165,29.97
1170,56.8023,-0.007165,-0.007165,29.97
1171,56.8524,-0.007164,-0.007165,29.97
1172,56.9027,-0.007164,-0.007165,29.97
1173,56.9530,-0.007163000000000001,-0.007165,29.97
1174,57.0034,-0.007163000000000001,-0.007165,29.97
1175,57.0534,-0.007164,-0.007165,29.97
1176,57.1037,-0.007164,-0.007165,29.97
1177,57.1539,-0.0071660000000000005,-0.007165,29.97
1178,57.2045,-0.007167000000000001,-0.007165,29.97
1179,57.2546,-0.0071660000000000005,-0.007165,29.98
1180,57.3050,-0.0071660000000000005,-0.007165,29.98
1181,57.3553,-0.0071660000000000005,-0.007165,29.97
1182,57.4055,-0.007165,-0.007165,29.97
1183,57.4558,-0.007165,-0.007165,29.97
1184,57.5059,-0.007164,-0.007165,29.97
1185,57.5563,-0.007163000000000001,-0.007165,29.98
1186,57.6066,-0.007163000000000001,-0.007165,29.98
1187,57.6568,-0.007163000000000001,-0.007165,29.97
1188,57.7071,-0.007163000000000001,-0.007164,29.97
1189,57.7575,-0.007162000000000001,-0.007164,29.97
1190,57.8080,-0.007162000000000001,-0.007164,29.97
1191,57.8579,-0.007163000000000001,-0.007164,29.97
1192,57.9082,-0.007163000000000001,-0.007164,29.97
1193,57.9585,-0.007164,-0.007164,29.97
1194,58.0087,-0.007164,-0.007164,29.97
1195,58.0589,-0.007165,-0.007164,29.97
1196,58.1095,-0.0071660000000000005,-0.007164,29.97
1197,58.1598,-0.007167000000000001,-0.007164,29.97
1198,58.2104,-0.007167000000000001,-0.007165,29.97
1199,58.2603,-0.007168000000000001,-0.007165,29.97
1200,58.3104,-0.007168000000000001,-0.007165,29.97
1201,58.3607,-0.007167000000000001,-0.007165,29.97
1202,58.4111,-0.007167000000000001,-0.0071660000000000005,29.97
1203,58.4616,-0.007167000000000001,-0.0071660000000000005,29.98
1204,58.5115,-0.007167000000000001,-0.0071660000000000005,29.98
1205,58.5621,-0.007167000000000001,-0.0071660000000000005,29.98
1206,58.6125,-0.007167000000000001,-0.0071660000000000005,29.98
1207,58.6628,-0.0071660000000000005,-0.0071660000000000005,29.97
1208,58.7131,-0.007167000000000001,-0.0071660000000000005,29.97
1209,58.7629,-0.007168000000000001,-0.0071660000000000005,29.97
1210,58.8136,-0.007167000000000001,-0.0071660000000000005,29.97
1211,58.8635,-0.0071660000000000005,-0.0071660000000000005,29.97
1212,58.9138,-0.0071660000000000005,-0.0071660000000000005,29.97
1213,58.9640,-0.0071660000000000005,-0.0071660000000000005,29.97
1214,59.0145,-0.0071660000000000005,-0.0071660000000000005,29.97
1215,59.0649,-0.007165,-0.0071660000000000005,29.97
1216,59.1149,-0.007165,-0.0071660000000000005,29.97
1217,59.1652,-0.007164,-0.0071660000000000005,29.97
1218,59.2159,-0.007164,-0.0071660000000000005,29.97
1219,59.2657,-0.007165,-0.0071660000000000005,29.97
1220,59.3160,-0.007167000000000001,-0.0071660000000000005,29.97
1221,59.3663,-0.007167000000000001,-0.0071660000000000005,29.97
1222,59.4167,-0.007167000000000001,-0.0071660000000000005,29.97
1223,59.4670,-0.007167000000000001,-0.0071660000000000005,29.97
1224,59.5180,-0.007167000000000001,-0.0071660000000000005,29.97
1225,59.5677,-0.007167000000000001,-0.0071660000000000005,29.97
1226,59.6183,-0.007168000000000001,-0.0071660000000000005,29.97
1227,59.6684,-0.007169000000000001,-0.007167000000000001,29.97
1228,59.7186,-0.007169000000000001,-0.007167000000000001,29.97
1229,59.7687,-0.007168000000000001,-0.007167000000000001,29.97
1230,59.8188,-0.007167000000000001,-0.007167000000000001,29.97
1231,59.8691,-0.007167000000000001,-0.007167000000000001,29.97
1232,59.9193,-0.007167000000000001,-0.007167000000000001,29.97
1233,59.9698,-0.007165,-0.007167000000000001,29.97
1234,60.0200,-0.007164,-0.0071660000000000005,29.97
Average,,-0.007166,-0.007166,29.97
