Timestamp,Sample,Ciclo,Fase,TIVA Voltage (V),KEITHLEY Voltage (V),TIVA Temp (C),Alicat Presion (kPA),Alicat Setpoint (kPA),Setpoint Enviado (kPA)
15:49:12,1,1,subida,-809356.000000,25.049891,-0.007534,0.0,0.0,0.0
15:49:13,10,1,subida,-809472.000000,25.050074,-0.007535,0.0,0.0,0.0
15:49:13,17,1,subida,-809530.000000,25.047510,-0.007537,0.0,-0.0,0.0
15:49:14,28,1,subida,-809638.000000,25.047327,-0.007537,-0.001,0.0,0.0
15:49:14,37,1,subida,-809662.000000,25.048243,-0.007533,0.0,-0.0,0.0
15:49:14,47,1,subida,-809591.000000,25.049128,-0.007532,0.0,-0.0,0.0
15:49:15,57,1,subida,-809199.000000,25.048609,-0.007533,-0.0,0.0,0.0
15:49:15,66,1,subida,-809066.000000,25.048883,-0.007531,0.0,-0.001,0.0
15:49:16,76,1,subida,-809011.000000,25.048731,-0.007531,-0.0,0.0,0.0
15:49:16,86,1,subida,-808969.000000,25.048029,-0.007529,0.0,-0.0,0.0
15:49:16,94,1,subida,-808957.000000,25.048365,-0.007530,0.0,-0.0,0.0
15:49:17,103,1,subida,-809039.000000,25.050043,-0.007530,0.0,0.0,0.0
15:49:17,110,1,subida,-809110.000000,25.048120,-0.007531,0.0,-0.001,0.0
15:49:17,118,1,subida,-809359.000000,25.046473,-0.007532,0.0,0.0,0.0
15:49:18,126,1,subida,-809332.000000,25.047602,-0.007533,0.0,-0.0,0.0
15:49:18,134,1,subida,-809286.000000,25.049555,-0.007532,0.0,0.0,0.0
15:49:19,141,1,subida,-809154.000000,25.048182,-0.007531,0.0,0.0,0.0
15:49:19,149,1,subida,-808896.000000,25.048792,-0.007529,0.0,-0.001,0.0
15:49:19,156,1,subida,-809096.000000,25.048365,-0.007530,0.0,0.0,0.0
15:49:20,163,1,subida,-809173.000000,25.047754,-0.007532,0.0,-0.0,0.0
15:49:20,171,1,subida,-809431.000000,25.049128,-0.007533,0.0,0.0,0.0
15:49:21,178,1,subida,-809223.000000,25.049952,-0.007532,0.0,-0.0,0.0
15:49:21,186,1,subida,-809263.000000,25.048883,-0.007531,0.0,-0.0,0.0
15:49:21,193,1,subida,-809426.000000,25.046137,-0.007534,-0.001,0.0,0.0
15:49:22,209,1,subida,-809497.000000,25.047144,-0.007536,-0.0,0.0,0.0
15:49:23,217,1,subida,-809408.000000,25.045740,-0.007534,0.0,-0.0,0.0
15:49:23,224,1,subida,-809461.000000,25.047480,-0.007535,0.0,-0.0,0.0
15:49:23,231,1,subida,-809327.000000,25.045404,-0.007533,-0.0,0.0,0.0
15:49:24,239,1,subida,-809388.000000,25.047144,-0.007533,0.0,-0.001,0.0
15:49:24,246,1,subida,-809224.000000,25.047510,-0.007531,0.0,0.0,0.0
15:49:25,254,1,subida,-809192.000000,25.047480,-0.007532,0.0,-0.0,0.0
15:49:25,261,1,subida,-809092.000000,25.046167,-0.007531,-0.001,0.0,0.0
15:49:25,269,1,subida,-808981.000000,25.047663,-0.007530,-0.0,0.0,0.0
15:49:26,276,1,subida,-809022.000000,25.045923,-0.007530,0.0,-0.001,0.0
15:49:26,284,1,subida,-808882.000000,25.049311,-0.007528,-0.0,0.0,0.0
15:49:26,291,1,subida,-808946.000000,25.047937,-0.007530,0.0,-0.001,0.0
15:49:27,299,1,subida,-809011.000000,25.048059,-0.007529,-0.001,0.0,0.0
15:49:27,306,1,subida,-809034.000000,25.047510,-0.007530,0.0,-0.0,0.0
15:49:28,314,1,subida,-809054.000000,25.046381,-0.007531,0.0,-0.0,0.0
15:49:28,321,1,subida,-808961.000000,25.047235,-0.007528,-0.0,0.0,0.0
15:49:28,329,1,subida,-809231.000000,25.044764,-0.007532,0.0,-0.0,0.0
15:49:29,336,1,subida,-809033.000000,25.046289,-0.007529,-0.0,0.0,0.0
15:49:29,344,1,subida,-809012.000000,25.045618,-0.007530,0.0,-0.0,0.0
15:49:30,351,1,subida,-808899.000000,25.048426,-0.007528,0.0,0.0,0.0
15:49:30,358,1,subida,-809042.000000,25.046503,-0.007531,0.0,0.0,0.0
15:49:30,366,1,subida,-808951.000000,25.045099,-0.007528,0.0,0.0,0.0
15:49:31,373,1,subida,-808821.000000,25.046564,-0.007527,-0.0,0.0,0.0
15:49:31,381,1,subida,-808710.000000,25.045038,-0.007527,0.0,-0.0,0.0
15:49:31,388,1,subida,-808751.000000,25.046534,-0.007528,-0.001,0.0,0.0
15:49:32,396,1,subida,-808576.000000,25.045404,-0.007525,-0.0,0.0,0.0
15:49:32,404,1,subida,-808563.000000,25.048243,-0.007526,0.0,-0.001,0.0
15:49:32,408,1,subida,-353701.000000,25.048944,-0.003297,1.0,0.997,1.0
15:50:13,417,1,subida,-353327.000000,25.051172,-0.003300,0.998,1.0,1.0
15:50:14,426,1,subida,-353442.000000,25.051081,-0.003299,1.0,0.997,1.0
15:50:14,435,1,subida,-353622.000000,25.050379,-0.003301,0.997,1.0,1.0
15:50:14,444,1,subida,-353463.000000,25.049402,-0.003297,1.0,0.998,1.0
15:50:15,454,1,subida,-353228.000000,25.049891,-0.003299,0.999,1.0,1.0
15:50:15,460,1,subida,-353138.000000,25.052088,-0.003302,1.0,0.999,1.0
15:50:15,469,1,subida,-352998.000000,25.051783,-0.003295,1.0,1.0,1.0
15:50:16,478,1,subida,-352644.000000,25.049646,-0.003291,1.001,1.0,1.0
15:50:16,487,1,subida,-352620.000000,25.052759,-0.003286,1.0,1.002,1.0
15:50:17,497,1,subida,-352665.000000,25.053980,-0.003282,1.003,1.0,1.0
15:50:17,507,1,subida,-352752.000000,25.053186,-0.003280,1.0,1.003,1.0
15:50:17,514,1,subida,-352844.000000,25.050745,-0.003280,1.003,1.0,1.0
15:50:18,524,1,subida,-353103.000000,25.051874,-0.003284,1.002,1.0,1.0
15:50:18,533,1,subida,-353113.000000,25.053095,-0.003284,1.0,1.001,1.0
15:50:19,542,1,subida,-353801.000000,25.053217,-0.003286,1.001,1.0,1.0
15:50:19,551,1,subida,-354061.000000,25.051600,-0.003289,1.0,0.999,1.0
15:50:19,560,1,subida,-354449.000000,25.049921,-0.003295,0.998,1.0,1.0
15:50:20,570,1,subida,-354415.000000,25.053675,-0.003300,1.0,0.997,1.0
15:50:20,579,1,subida,-354603.000000,25.051203,-0.003302,1.0,0.996,1.0
15:50:20,589,1,subida,-354493.000000,25.051233,-0.003304,0.997,1.0,1.0
15:50:21,598,1,subida,-354508.000000,25.051111,-0.003304,1.0,0.997,1.0
15:50:21,608,1,subida,-354322.000000,25.052759,-0.003301,0.998,1.0,1.0
15:50:22,616,1,subida,-353671.000000,25.051508,-0.003298,1.0,0.999,1.0
15:50:22,625,1,subida,-353072.000000,25.050592,-0.003294,1.0,1.0,1.0
15:50:22,634,1,subida,-352501.000000,25.049402,-0.003289,1.001,1.0,1.0
15:50:23,643,1,subida,-352610.000000,25.051630,-0.003287,1.0,1.001,1.0
15:50:23,653,1,subida,-352446.000000,25.049952,-0.003293,1.0,1.0,1.0
15:50:24,661,1,subida,-352882.000000,25.049189,-0.003294,1.0,0.999,1.0
15:50:24,670,1,subida,-353020.000000,25.049982,-0.003301,0.998,1.0,1.0
15:50:24,680,1,subida,-353654.000000,25.048304,-0.003302,0.996,1.0,1.0
15:50:25,688,1,subida,-354308.000000,25.049280,-0.003301,1.0,0.997,1.0
15:50:25,698,1,subida,-354821.000000,25.049616,-0.003293,1.0,1.0,1.0
15:50:25,706,1,subida,-354984.000000,25.049952,-0.003285,1.0,1.003,1.0
15:50:26,716,1,subida,-354877.000000,25.050165,-0.003278,1.004,1.0,1.0
15:50:26,724,1,subida,-354565.000000,25.050409,-0.003276,1.0,1.005,1.0
15:50:27,733,1,subida,-353904.000000,25.048792,-0.003276,1.0,1.005,1.0
15:50:27,742,1,subida,-353355.000000,25.048395,-0.003276,1.004,1.0,1.0
15:50:27,751,1,subida,-353446.000000,25.047846,-0.003278,1.0,1.003,1.0
15:50:28,759,1,subida,-353629.000000,25.049768,-0.003275,1.003,1.0,1.0
15:50:28,767,1,subida,-354142.000000,25.050196,-0.003273,1.0,1.004,1.0
15:50:29,776,1,subida,-354579.000000,25.049524,-0.003273,1.0,1.005,1.0
15:50:29,785,1,subida,-354523.000000,25.049250,-0.003271,1.005,1.0,1.0
15:50:29,794,1,subida,-353884.000000,25.048090,-0.003274,1.0,1.003,1.0
15:50:30,803,1,subida,-352700.000000,25.050257,-0.003277,1.003,1.0,1.0
15:50:30,812,1,subida,-351705.000000,25.048426,-0.003279,1.0,1.002,1.0
15:50:30,822,1,subida,-351895.000000,25.047876,-0.003280,1.002,1.0,1.0
15:50:31,831,1,subida,-351914.000000,25.048212,-0.003281,1.002,1.0,1.0
15:50:31,840,1,subida,-351898.000000,25.049250,-0.003282,1.0,1.002,1.0
15:50:32,849,1,subida,-351695.000000,25.050013,-0.003280,1.003,1.0,1.0
15:50:32,858,1,subida,-351658.000000,25.046625,-0.003278,1.0,1.004,1.0
15:50:32,867,1,subida,-351400.000000,25.048761,-0.003273,1.005,1.0,1.0
15:50:33,877,1,subida,101555.000000,25.054346,0.000945,2.0,2.0,2.0
15:51:29,884,1,subida,101867.000000,25.053522,0.000947,2.0,1.997,2.0
15:51:30,891,1,subida,101803.000000,25.055201,0.000947,2.0,1.998,2.0
15:51:30,898,1,subida,102001.000000,25.054804,0.000949,1.998,2.0,2.0
15:51:30,907,1,subida,102078.000000,25.053003,0.000949,2.0,1.998,2.0
15:51:31,914,1,subida,102301.000000,25.053400,0.000952,1.999,2.0,2.0
15:51:31,922,1,subida,102092.000000,25.054926,0.000947,2.0,1.998,2.0
15:51:32,929,1,subida,102256.000000,25.053186,0.000952,1.998,2.0,2.0
15:51:32,936,1,subida,102177.000000,25.052027,0.000952,1.998,2.0,2.0
15:51:32,944,1,subida,102601.000000,25.052362,0.000955,2.0,1.999,2.0
15:51:33,952,1,subida,102614.000000,25.053522,0.000954,1.999,2.0,2.0
15:51:33,959,1,subida,102557.000000,25.054468,0.000954,2.0,1.998,2.0
15:51:34,968,1,subida,102541.000000,25.053339,0.000953,1.998,2.0,2.0
15:51:34,975,1,subida,102270.000000,25.053766,0.000951,2.0,1.997,2.0
15:51:34,982,1,subida,102212.000000,25.052942,0.000950,2.0,1.997,2.0
15:51:35,990,1,subida,102233.000000,25.054987,0.000951,1.997,2.0,2.0
15:51:35,997,1,subida,102120.000000,25.055140,0.000950,2.0,1.997,2.0
15:51:35,1005,1,subida,102222.000000,25.055658,0.000951,1.997,2.0,2.0
15:51:36,1012,1,subida,102295.000000,25.054193,0.000953,2.0,1.997,2.0
15:51:36,1019,1,subida,102300.000000,25.056086,0.000951,2.0,1.997,2.0
15:51:37,1026,1,subida,102509.000000,25.054834,0.000954,1.998,2.0,2.0
15:51:37,1034,1,subida,102561.000000,25.056482,0.000953,2.0,1.998,2.0
15:51:37,1041,1,subida,102504.000000,25.054071,0.000953,1.998,2.0,2.0
15:51:38,1049,1,subida,102394.000000,25.057276,0.000952,2.0,1.997,2.0
15:51:38,1056,1,subida,102057.000000,25.056574,0.000948,1.996,2.0,2.0
15:51:38,1063,1,subida,101996.000000,25.055964,0.000948,1.996,2.0,2.0
15:51:39,1071,1,subida,101725.000000,25.056787,0.000946,2.0,1.996,2.0
15:51:39,1078,1,subida,101628.000000,25.056787,0.000944,1.995,2.0,2.0
15:51:40,1085,1,subida,101428.000000,25.056971,0.000944,2.0,1.995,2.0
15:51:40,1093,1,subida,101334.000000,25.057032,0.000943,1.995,2.0,2.0
15:51:40,1100,1,subida,101312.000000,25.056879,0.000942,2.0,1.996,2.0
15:51:41,1107,1,subida,101311.000000,25.056482,0.000942,2.0,1.995,2.0
15:51:41,1115,1,subida,101218.000000,25.056635,0.000941,1.994,2.0,2.0
15:51:42,1122,1,subida,101258.000000,25.057428,0.000942,2.0,1.994,2.0
15:51:42,1130,1,subida,100865.000000,25.056543,0.000937,1.994,2.0,2.0
15:51:42,1138,1,subida,100545.000000,25.056177,0.000935,2.0,1.993,2.0
15:51:43,1145,1,subida,100209.000000,25.057520,0.000931,2.0,1.992,2.0
15:51:43,1153,1,subida,99967.000000,25.055597,0.000930,1.991,2.0,2.0
15:51:43,1160,1,subida,100108.000000,25.056482,0.000931,2.0,1.99,2.0
15:51:44,1167,1,subida,99943.000000,25.056055,0.000929,1.99,2.0,2.0
15:51:44,1174,1,subida,99777.000000,25.053522,0.000928,2.0,1.99,2.0
15:51:45,1182,1,subida,99757.000000,25.055109,0.000928,1.991,2.0,2.0
15:51:45,1189,1,subida,99888.000000,25.054651,0.000929,1.991,2.0,2.0
15:51:45,1196,1,subida,99780.000000,25.057398,0.000927,2.0,1.992,2.0
15:51:46,1204,1,subida,100305.000000,25.052637,0.000934,1.992,2.0,2.0
15:51:46,1211,1,subida,99819.000000,25.053888,0.000930,2.0,1.993,2.0
15:51:47,1219,1,subida,100302.000000,25.055231,0.000932,1.993,2.0,2.0
15:51:47,1226,1,subida,100340.000000,25.055384,0.000934,2.0,1.993,2.0
15:51:47,1233,1,subida,100325.000000,25.055964,0.000932,2.0,1.993,2.0
15:51:48,1241,1,subida,100699.000000,25.055689,0.000937,1.994,2.0,2.0
15:51:48,1248,1,subida,101146.000000,25.054895,0.000942,2.0,1.994,2.0
15:51:48,1256,1,subida,102707.000000,25.054956,0.000957,2.001,2.0,2.0
15:51:49,1263,1,subida,104024.000000,25.054438,0.000969,2.0,2.004,2.0
15:51:49,1264,1,subida,562296.000000,25.046900,0.005233,3.0,3.004,3.0
15:53:10,1272,1,subida,561809.000000,25.047754,0.005227,3.004,3.0,3.0
15:53:10,1282,1,subida,561399.000000,25.049006,0.005223,3.0,2.996,3.0
15:53:10,1290,1,subida,561139.000000,25.048090,0.005222,3.0,2.995,3.0
15:53:11,1297,1,subida,560854.000000,25.050165,0.005220,2.994,3.0,3.0
15:53:11,1305,1,subida,561217.000000,25.047846,0.005222,3.0,2.995,3.0
15:53:11,1312,1,subida,562009.000000,25.047235,0.005232,2.999,3.0,3.0
15:53:12,1321,1,subida,562939.000000,25.047907,0.005241,3.0,3.002,3.0
15:53:12,1328,1,subida,563422.000000,25.046625,0.005244,3.002,3.0,3.0
15:53:13,1335,1,subida,563716.000000,25.046839,0.005246,3.0,3.002,3.0
15:53:13,1343,1,subida,563513.000000,25.047480,0.005243,3.001,3.0,3.0
15:53:13,1350,1,subida,562915.000000,25.045740,0.005239,3.0,2.999,3.0
15:53:14,1357,1,subida,562320.000000,25.046015,0.005233,3.0,2.997,3.0
15:53:14,1365,1,subida,562358.000000,25.047541,0.005233,2.997,3.0,3.0
15:53:15,1372,1,subida,562987.000000,25.047571,0.005240,3.0,3.0,3.0
15:53:15,1379,1,subida,563534.000000,25.047815,0.005244,3.002,3.0,3.0
15:53:15,1387,1,subida,563255.000000,25.046686,0.005242,3.0,3.002,3.0
15:53:16,1394,1,subida,563927.000000,25.048639,0.005247,3.001,3.0,3.0
15:53:16,1401,1,subida,563540.000000,25.045649,0.005243,3.0,3.0,3.0
15:53:16,1409,1,subida,563269.000000,25.047266,0.005242,3.0,3.0,3.0
15:53:17,1416,1,subida,563198.000000,25.051447,0.005240,3.0,3.0,3.0
15:53:17,1424,1,subida,563170.000000,25.048029,0.005240,3.0,3.0,3.0
15:53:18,1431,1,subida,563150.000000,25.049250,0.005240,3.0,3.0,3.0
15:53:18,1438,1,subida,563317.000000,25.044428,0.005242,3.0,3.0,3.0
15:53:18,1446,1,subida,563542.000000,25.047632,0.005244,3.0,3.001,3.0
15:53:19,1453,1,subida,563796.000000,25.049250,0.005247,3.001,3.0,3.0
15:53:19,1461,1,subida,563960.000000,25.046717,0.005248,3.0,3.002,3.0
15:53:20,1468,1,subida,564140.000000,25.047235,0.005249,3.002,3.0,3.0
15:53:20,1475,1,subida,564580.000000,25.045221,0.005253,3.0,3.003,3.0
15:53:20,1483,1,subida,564603.000000,25.049524,0.005255,3.0,3.003,3.0
15:53:21,1490,1,subida,564513.000000,25.043970,0.005253,3.003,3.0,3.0
15:53:21,1497,1,subida,564730.000000,25.043818,0.005255,3.0,3.003,3.0
15:53:21,1505,1,subida,564646.000000,25.047022,0.005255,3.004,3.0,3.0
15:53:22,1512,1,subida,565142.000000,25.047541,0.005259,3.0,3.004,3.0
15:53:22,1520,1,subida,565184.000000,25.046534,0.005259,3.004,3.0,3.0
15:53:23,1528,1,subida,565106.000000,25.045588,0.005258,3.003,3.0,3.0
15:53:23,1535,1,subida,564793.000000,25.048059,0.005256,3.0,3.003,3.0
15:53:25,1577,1,subida,564888.000000,25.044550,0.005259,3.0,3.002,3.0
15:53:25,1585,1,subida,564873.000000,25.047174,0.005257,3.002,3.0,3.0
15:53:26,1594,1,subida,564852.000000,25.046167,0.005256,3.0,3.001,3.0
15:53:26,1603,1,subida,564801.000000,25.046228,0.005255,3.0,3.0,3.0
15:53:26,1612,1,subida,564528.000000,25.047388,0.005255,3.0,3.0,3.0
15:53:27,1621,1,subida,564505.000000,25.047358,0.005256,3.0,3.001,3.0
15:53:27,1629,1,subida,564715.000000,25.047754,0.005252,3.001,3.0,3.0
15:53:28,1637,1,subida,564588.000000,25.045588,0.005253,3.0,3.001,3.0
15:53:28,1646,1,subida,564868.000000,25.045801,0.005258,3.001,3.0,3.0
15:53:28,1655,1,subida,564728.000000,25.046198,0.005255,3.0,3.001,3.0
15:53:29,1662,1,subida,565152.000000,25.044367,0.005260,3.001,3.0,3.0
15:53:29,1670,1,subida,1021950.000000,25.034815,0.009511,4.002,4.0,4.0
15:54:45,1677,1,subida,1021692.000000,25.034204,0.009508,4.0,3.999,4.0
15:54:46,1684,1,subida,1021514.000000,25.033716,0.009508,4.0,3.999,4.0
15:54:46,1691,1,subida,1021202.000000,25.033777,0.009503,3.999,4.0,4.0
15:54:46,1699,1,subida,1020910.000000,25.033289,0.009501,4.0,3.999,4.0
15:54:47,1706,1,subida,1020629.000000,25.034449,0.009498,3.998,4.0,4.0
15:54:47,1713,1,subida,1020603.000000,25.033289,0.009498,4.0,3.998,4.0
15:54:48,1721,1,subida,1020782.000000,25.034937,0.009500,3.998,4.0,4.0
15:54:48,1728,1,subida,1020586.000000,25.036249,0.009499,3.997,4.0,4.0
15:54:48,1736,1,subida,1020488.000000,25.033533,0.009496,4.0,3.998,4.0
15:54:49,1743,1,subida,1021258.000000,25.036066,0.009504,4.0,4.0,4.0
15:54:49,1750,1,subida,1021480.000000,25.036371,0.009506,4.0,4.002,4.0
15:54:49,1758,1,subida,1021989.000000,25.036585,0.009511,4.002,4.0,4.0
15:54:50,1765,1,subida,1022289.000000,25.035486,0.009514,4.0,4.002,4.0
15:54:50,1772,1,subida,1022769.000000,25.034845,0.009518,4.0,4.003,4.0
15:54:51,1780,1,subida,1022879.000000,25.034388,0.009520,4.003,4.0,4.0
15:54:51,1787,1,subida,1022638.000000,25.036615,0.009517,4.0,4.002,4.0
15:54:51,1794,1,subida,1022774.000000,25.034571,0.009518,4.002,4.0,4.0
15:54:52,1802,1,subida,1022490.000000,25.034082,0.009514,4.0,4.002,4.0
15:54:52,1809,1,subida,1022133.000000,25.035456,0.009510,4.0,4.001,4.0
15:54:52,1816,1,subida,1021321.000000,25.036280,0.009504,4.0,4.0,4.0
15:54:53,1824,1,subida,1020866.000000,25.034845,0.009501,4.0,3.997,4.0
15:54:53,1831,1,subida,1020371.000000,25.034388,0.009495,3.996,4.0,4.0
15:54:54,1839,1,subida,1020221.000000,25.036066,0.009495,4.0,3.996,4.0
15:54:54,1846,1,subida,1020673.000000,25.036188,0.009497,3.999,4.0,4.0
15:54:54,1853,1,subida,1020548.000000,25.036615,0.009497,3.999,4.0,4.0
15:54:55,1861,1,subida,1020422.000000,25.033258,0.009496,4.0,3.997,4.0
15:54:55,1868,1,subida,1020900.000000,25.036890,0.009501,3.999,4.0,4.0
15:54:56,1876,1,subida,1021285.000000,25.035669,0.009505,4.0,4.001,4.0
15:54:56,1891,1,subida,1022181.000000,25.036524,0.009514,4.0,4.003,4.0
15:54:57,1898,1,subida,1022766.000000,25.035395,0.009518,4.0,4.004,4.0
15:54:57,1906,1,subida,1023666.000000,25.037134,0.009527,4.005,4.0,4.0
15:54:57,1913,1,subida,1023413.000000,25.034357,0.009524,4.0,4.004,4.0
15:54:58,1920,1,subida,1022881.000000,25.035852,0.009520,4.002,4.0,4.0
15:54:58,1928,1,subida,1022377.000000,25.037195,0.009513,4.0,4.001,4.0
15:54:59,1935,1,subida,1022095.000000,25.039118,0.009512,4.0,3.999,4.0
15:54:59,1942,1,subida,1022154.000000,25.033533,0.009513,3.999,4.0,4.0
15:54:59,1950,1,subida,1021794.000000,25.034266,0.009510,4.0,4.0,4.0
15:55:00,1957,1,subida,1021658.000000,25.037104,0.009508,4.001,4.0,4.0
15:55:00,1965,1,subida,1021781.000000,25.038446,0.009510,4.0,4.001,4.0
15:55:01,1972,1,subida,1021872.000000,25.036341,0.009510,4.002,4.0,4.0
15:55:01,1979,1,subida,1021557.000000,25.037561,0.009508,4.001,4.0,4.0
15:55:01,1987,1,subida,1021379.000000,25.038355,0.009505,4.0,4.001,4.0
15:55:02,1994,1,subida,1021368.000000,25.036737,0.009505,4.0,4.0,4.0
15:55:02,2001,1,subida,1021194.000000,25.037165,0.009503,4.0,3.999,4.0
15:55:02,2009,1,subida,1020754.000000,25.038111,0.009501,3.998,4.0,4.0
15:55:03,2016,1,subida,1020667.000000,25.037073,0.009499,4.0,3.998,4.0
15:55:03,2023,1,subida,1020406.000000,25.037683,0.009496,4.0,3.998,4.0
15:55:04,2031,1,subida,1020088.000000,25.035791,0.009492,3.998,4.0,4.0
15:55:04,2038,1,subida,1020015.000000,25.036737,0.009493,4.0,3.997,4.0
15:55:05,2055,1,subida,1020520.000000,25.037439,0.009497,4.0,3.999,4.0
15:55:05,2056,1,subida,1473145.000000,25.037470,0.013727,5.0,5.0,5.0
15:55:46,2065,1,subida,1473464.000000,25.038935,0.013732,4.999,5.0,5.0
15:55:46,2074,1,subida,1473143.000000,25.034876,0.013731,5.0,5.001,5.0
15:55:47,2091,1,subida,1473825.000000,25.034052,0.013729,5.0,5.0,5.0
15:55:47,2100,1,subida,1473467.000000,25.031122,0.013728,5.001,5.0,5.0
15:55:47,2108,1,subida,1473800.000000,25.035273,0.013720,5.0,5.0,5.0
15:55:48,2116,1,subida,1474011.000000,25.035273,0.013720,4.999,5.0,5.0
15:55:48,2125,1,subida,1474260.000000,25.037531,0.013721,4.999,5.0,5.0
15:55:49,2134,1,subida,1474839.000000,25.034296,0.013718,5.0,4.998,5.0
15:55:49,2142,1,subida,1475031.000000,25.033899,0.013720,4.997,5.0,5.0
15:55:49,2151,1,subida,1475103.000000,25.037287,0.013717,5.0,4.997,5.0
15:55:50,2159,1,subida,1474997.000000,25.037683,0.013716,4.997,5.0,5.0
15:55:50,2167,1,subida,1475303.000000,25.036005,0.013713,5.0,4.996,5.0
15:55:51,2176,1,subida,1475201.000000,25.036036,0.013714,5.0,4.997,5.0
15:55:51,2185,1,subida,1475040.000000,25.035822,0.013718,4.998,5.0,5.0
15:55:51,2194,1,subida,1474951.000000,25.036646,0.013720,5.0,5.0,5.0
15:55:52,2202,1,subida,1474933.000000,25.037470,0.013725,5.0,5.0,5.0
15:55:52,2211,1,subida,1475351.000000,25.032557,0.013728,5.0,5.001,5.0
15:55:53,2220,1,subida,1475523.000000,25.031794,0.013729,5.0,5.001,5.0
15:55:53,2229,1,subida,1475038.000000,25.035181,0.013727,5.0,5.0,5.0
15:55:53,2239,1,subida,1474946.000000,25.033472,0.013728,5.0,5.0,5.0
15:55:54,2249,1,subida,1474366.000000,25.033808,0.013728,5.0,5.0,5.0
15:55:54,2258,1,subida,1474412.000000,25.033564,0.013727,5.0,5.0,5.0
15:55:54,2267,1,subida,1474127.000000,25.033686,0.013732,5.0,5.0,5.0
15:55:55,2277,1,subida,1474173.000000,25.033106,0.013728,5.0,5.0,5.0
15:55:55,2286,1,subida,1473961.000000,25.031366,0.013730,5.0,5.001,5.0
15:55:56,2296,1,subida,1473504.000000,25.035151,0.013729,5.001,5.0,5.0
15:55:56,2305,1,subida,1473428.000000,25.032221,0.013731,5.0,5.0,5.0
15:55:56,2314,1,subida,1474038.000000,25.033411,0.013730,5.0,5.0,5.0
15:55:57,2323,1,subida,1474381.000000,25.034754,0.013729,5.0,5.0,5.0
15:55:57,2331,1,subida,1474758.000000,25.033533,0.013726,5.0,5.0,5.0
15:55:58,2340,1,subida,1475155.000000,25.033625,0.013725,5.0,5.0,5.0
15:55:58,2348,1,subida,1475274.000000,25.030970,0.013722,5.0,5.0,5.0
15:55:58,2357,1,subida,1475319.000000,25.032373,0.013727,4.999,5.0,5.0
15:55:59,2366,1,subida,1475134.000000,25.034876,0.013728,5.0,5.0,5.0
15:55:59,2376,1,subida,1475097.000000,25.034723,0.013727,5.0,5.0,5.0
15:56:00,2386,1,subida,1475348.000000,25.035089,0.013726,4.999,5.0,5.0
15:56:00,2394,1,subida,1475318.000000,25.031397,0.013724,5.0,4.999,5.0
15:56:00,2403,1,subida,1475197.000000,25.033319,0.013723,4.999,5.0,5.0
15:56:01,2413,1,subida,1475275.000000,25.034693,0.013722,5.0,4.998,5.0
15:56:01,2423,1,subida,1475312.000000,25.031275,0.013725,4.998,5.0,5.0
15:56:01,2433,1,subida,1475030.000000,25.035242,0.013726,4.999,5.0,5.0
15:56:02,2442,1,subida,1474852.000000,25.035669,0.013726,5.0,4.999,5.0
15:56:02,2451,1,subida,1474522.000000,25.031702,0.013725,4.999,5.0,5.0
15:56:03,2460,1,subida,1475187.000000,25.035395,0.013726,5.0,4.999,5.0
15:56:03,2470,1,subida,1475221.000000,25.037470,0.013727,5.0,5.0,5.0
15:56:03,2479,1,subida,1474954.000000,25.035852,0.013728,5.0,5.0,5.0
15:56:04,2489,1,subida,1474874.000000,25.035547,0.013728,5.0,5.001,5.0
15:56:04,2497,1,subida,1474639.000000,25.036097,0.013730,5.001,5.0,5.0
15:56:04,2506,1,subida,1474370.000000,25.035578,0.013729,5.0,5.0,5.0
15:56:05,2517,1,subida,1474724.000000,25.033838,0.013732,5.001,5.0,5.0
15:56:05,2521,1,subida,1931520.000000,25.047632,0.017974,6.0,6.001,6.0
15:57:06,2529,1,subida,1931461.000000,25.048639,0.017975,6.0,6.0,6.0
15:57:06,2537,1,subida,1931776.000000,25.047602,0.017978,6.0,6.001,6.0
15:57:07,2552,1,subida,1931762.000000,25.047846,0.017978,6.0,6.001,6.0
15:57:08,2567,1,subida,1931548.000000,25.047907,0.017975,6.0,6.001,6.0
15:57:08,2575,1,subida,1931435.000000,25.047419,0.017976,6.0,6.0,6.0
15:57:08,2583,1,subida,1931258.000000,25.045313,0.017973,6.0,6.0,6.0
15:57:09,2590,1,subida,1930997.000000,25.046534,0.017970,6.0,5.999,6.0
15:57:09,2597,1,subida,1931112.000000,25.047297,0.017971,5.999,6.0,6.0
15:57:10,2605,1,subida,1930716.000000,25.048029,0.017968,6.0,5.999,6.0
15:57:10,2611,1,subida,1930204.000000,25.046717,0.017964,5.999,6.0,6.0
15:57:10,2619,1,subida,1930530.000000,25.049616,0.017966,6.0,5.999,6.0
15:57:11,2627,1,subida,1930590.000000,25.048151,0.017966,6.0,5.999,6.0
15:57:11,2634,1,subida,1930915.000000,25.046412,0.017970,6.0,6.0,6.0
15:57:11,2640,1,subida,1930875.000000,25.046442,0.017968,6.0,6.001,6.0
15:57:12,2648,1,subida,1930706.000000,25.046045,0.017967,6.001,6.0,6.0
15:57:12,2656,1,subida,1930801.000000,25.046839,0.017968,6.0,6.001,6.0
15:57:13,2663,1,subida,1930825.000000,25.045862,0.017969,6.0,6.001,6.0
15:57:13,2672,1,subida,1931204.000000,25.048304,0.017973,6.001,6.0,6.0
15:57:13,2679,1,subida,1931115.000000,25.048975,0.017972,6.0,6.0,6.0
15:57:14,2695,1,subida,1930460.000000,25.048304,0.017965,6.0,5.999,6.0
15:57:15,2702,1,subida,1930617.000000,25.048365,0.017968,5.999,6.0,6.0
15:57:15,2710,1,subida,1930366.000000,25.046320,0.017964,6.0,6.0,6.0
15:57:15,2717,1,subida,1930518.000000,25.047297,0.017965,6.0,6.0,6.0
15:57:16,2724,1,subida,1930550.000000,25.047785,0.017965,6.0,6.0,6.0
15:57:16,2732,1,subida,1930821.000000,25.046045,0.017969,6.0,6.001,6.0
15:57:16,2739,1,subida,1931443.000000,25.046717,0.017975,6.002,6.0,6.0
15:57:17,2746,1,subida,1931424.000000,25.047022,0.017974,6.0,6.002,6.0
15:57:17,2755,1,subida,1931634.000000,25.045038,0.017977,6.0,6.002,6.0
15:57:18,2762,1,subida,1931787.000000,25.044764,0.017978,6.002,6.0,6.0
15:57:18,2769,1,subida,1931695.000000,25.048517,0.017976,6.0,6.001,6.0
15:57:18,2777,1,subida,1931336.000000,25.046442,0.017973,6.001,6.0,6.0
15:57:19,2784,1,subida,1931333.000000,25.045771,0.017972,6.0,6.001,6.0
15:57:19,2791,1,subida,1931549.000000,25.046137,0.017975,6.0,6.001,6.0
15:57:20,2799,1,subida,1931739.000000,25.045374,0.017977,6.002,6.0,6.0
15:57:20,2806,1,subida,1931572.000000,25.045710,0.017975,6.0,6.002,6.0
15:57:20,2813,1,subida,1931097.000000,25.045465,0.017971,6.002,6.0,6.0
15:57:21,2821,1,subida,1931020.000000,25.045313,0.017971,6.0,6.001,6.0
15:57:21,2828,1,subida,1931009.000000,25.047113,0.017971,6.0,6.0,6.0
15:57:21,2836,1,subida,1930808.000000,25.044855,0.017968,6.0,6.0,6.0
15:57:22,2843,1,subida,1930824.000000,25.046045,0.017969,6.0,5.999,6.0
15:57:22,2850,1,subida,1930586.000000,25.047602,0.017967,6.0,6.0,6.0
15:57:23,2858,1,subida,1930487.000000,25.043055,0.017966,6.0,6.0,6.0
15:57:23,2865,1,subida,1929998.000000,25.042078,0.017961,5.999,6.0,6.0
15:57:23,2872,1,subida,1929742.000000,25.043329,0.017959,6.0,5.998,6.0
15:57:24,2880,1,subida,1929505.000000,25.042597,0.017956,6.0,5.998,6.0
15:57:24,2888,1,subida,1929574.000000,25.043787,0.017957,5.997,6.0,6.0
15:57:24,2895,1,subida,1929394.000000,25.041803,0.017957,6.0,5.997,6.0
15:57:25,2903,1,subida,1929379.000000,25.045954,0.017955,5.997,6.0,6.0
15:57:25,2910,1,subida,1929156.000000,25.044031,0.017953,6.0,5.997,6.0
15:57:25,2911,1,subida,2322638.000000,25.040003,0.021627,6.86,6.862,6.86
15:58:06,2920,1,subida,2322620.000000,25.038813,0.021626,6.86,6.86,6.86
15:58:06,2928,1,subida,2322820.000000,25.041071,0.021629,6.86,6.864,6.86
15:58:07,2937,1,subida,2322367.000000,25.040491,0.021631,6.86,6.864,6.86
15:58:07,2947,1,subida,2321505.000000,25.041895,0.021635,6.864,6.86,6.86
15:58:07,2954,1,subida,2321386.000000,25.041254,0.021635,6.86,6.864,6.86
15:58:08,2963,1,subida,2321468.000000,25.042109,0.021632,6.864,6.86,6.86
15:58:08,2972,1,subida,2321950.000000,25.039881,0.021632,6.86,6.863,6.86
15:58:09,2982,1,subida,2322397.000000,25.041651,0.021626,6.862,6.86,6.86
15:58:09,2992,1,subida,2322861.000000,25.040125,0.021623,6.861,6.86,6.86
15:58:09,3001,1,subida,2323544.000000,25.039637,0.021619,6.86,6.86,6.86
15:58:10,3010,1,subida,2323528.000000,25.039331,0.021614,6.858,6.86,6.86
15:58:10,3019,1,subida,2323628.000000,25.041010,0.021611,6.86,6.857,6.86
15:58:11,3027,1,subida,2323650.000000,25.039362,0.021608,6.856,6.86,6.86
15:58:11,3036,1,subida,2323660.000000,25.039789,0.021608,6.86,6.857,6.86
15:58:11,3045,1,subida,2323361.000000,25.038263,0.021604,6.86,6.856,6.86
15:58:12,3053,1,subida,2323438.000000,25.039728,0.021596,6.855,6.86,6.86
15:58:12,3062,1,subida,2323379.000000,25.039698,0.021595,6.86,6.854,6.86
15:58:13,3071,1,subida,2323694.000000,25.039301,0.021594,6.854,6.86,6.86
15:58:13,3080,1,subida,2324139.000000,25.040125,0.021598,6.86,6.855,6.86
15:58:13,3088,1,subida,2324395.000000,25.042170,0.021602,6.86,6.856,6.86
15:58:14,3098,1,subida,2324636.000000,25.042780,0.021602,6.856,6.86,6.86
15:58:14,3107,1,subida,2324638.000000,25.041162,0.021601,6.86,6.856,6.86
15:58:15,3114,1,subida,2324389.000000,25.042566,0.021603,6.855,6.86,6.86
15:58:15,3123,1,subida,2324190.000000,25.043268,0.021609,6.86,6.859,6.86
15:58:15,3133,1,subida,2323372.000000,25.043238,0.021618,6.862,6.86,6.86
15:58:16,3142,1,subida,2322780.000000,25.042841,0.021623,6.862,6.86,6.86
15:58:16,3152,1,subida,2322360.000000,25.042383,0.021629,6.86,6.862,6.86
15:58:16,3161,1,subida,2321847.000000,25.043238,0.021629,6.862,6.86,6.86
15:58:17,3169,1,subida,2321765.000000,25.042810,0.021629,6.86,6.863,6.86
15:58:17,3179,1,subida,2321253.000000,25.042109,0.021625,6.861,6.86,6.86
15:58:18,3188,1,subida,2320640.000000,25.041925,0.021625,6.86,6.86,6.86
15:58:18,3197,1,subida,2320380.000000,25.042536,0.021620,6.86,6.859,6.86
15:58:18,3207,1,subida,2320499.000000,25.040674,0.021619,6.859,6.86,6.86
15:58:19,3216,1,subida,2321016.000000,25.043207,0.021620,6.86,6.859,6.86
15:58:19,3225,1,subida,2321222.000000,25.039820,0.021620,6.859,6.86,6.86
15:58:20,3234,1,subida,2321154.000000,25.043543,0.021618,6.86,6.86,6.86
15:58:20,3242,1,subida,2321197.000000,25.041101,0.021622,6.86,6.86,6.86
15:58:20,3251,1,subida,2322291.000000,25.041651,0.021622,6.86,6.86,6.86
15:58:21,3261,1,subida,2323239.000000,25.041895,0.021623,6.86,6.86,6.86
15:58:21,3271,1,subida,2323775.000000,25.042597,0.021624,6.86,6.86,6.86
15:58:22,3280,1,subida,2323807.000000,25.042749,0.021626,6.86,6.86,6.86
15:58:22,3288,1,subida,2323946.000000,25.041895,0.021624,6.86,6.86,6.86
15:58:22,3296,1,subida,2323556.000000,25.041376,0.021624,6.859,6.86,6.86
15:58:23,3305,1,subida,2323100.000000,25.042902,0.021622,6.86,6.859,6.86
15:58:23,3324,1,subida,2323114.000000,25.042475,0.021620,6.86,6.858,6.86
15:58:24,3333,1,subida,2323178.000000,25.041010,0.021617,6.857,6.86,6.86
15:58:24,3341,1,subida,2323033.000000,25.043390,0.021616,6.86,6.857,6.86
15:58:25,3350,1,subida,2323282.000000,25.041834,0.021620,6.86,6.86,6.86
15:58:25,3360,1,subida,2323478.000000,25.043421,0.021625,6.861,6.86,6.86
15:58:25,3369,1,subida,2323366.000000,25.041162,0.021628,6.86,6.862,6.86
15:58:25,3370,1,subida,1935733.000000,25.048334,0.018016,6.0,6.0,6.0
15:59:16,3377,1,bajada,1935564.000000,25.047968,0.018013,6.0,6.001,6.0
15:59:17,3385,1,bajada,1935644.000000,25.047327,0.018013,6.0,6.001,6.0
15:59:17,3392,1,bajada,1935569.000000,25.048700,0.018013,6.001,6.0,6.0
15:59:18,3400,1,bajada,1935705.000000,25.047541,0.018014,6.0,6.001,6.0
15:59:18,3407,1,bajada,1935508.000000,25.045465,0.018013,6.001,6.0,6.0
15:59:18,3415,1,bajada,1935474.000000,25.045618,0.018011,6.0,6.001,6.0
15:59:19,3422,1,bajada,1935283.000000,25.048883,0.018011,6.0,6.0,6.0
15:59:19,3429,1,bajada,1934787.000000,25.047327,0.018006,5.999,6.0,6.0
15:59:19,3437,1,bajada,1934314.000000,25.047358,0.018001,6.0,5.998,6.0
15:59:20,3444,1,bajada,1933932.000000,25.050135,0.017998,5.996,6.0,6.0
15:59:20,3451,1,bajada,1934071.000000,25.047205,0.017998,6.0,5.996,6.0
15:59:21,3459,1,bajada,1933750.000000,25.048639,0.017995,5.996,6.0,6.0
15:59:21,3466,1,bajada,1933368.000000,25.046350,0.017992,6.0,5.996,6.0
15:59:21,3473,1,bajada,1933563.000000,25.049128,0.017994,6.0,5.996,6.0
15:59:22,3482,1,bajada,1933678.000000,25.049677,0.017996,5.996,6.0,6.0
15:59:22,3491,1,bajada,1933589.000000,25.047358,0.017994,6.0,5.996,6.0
15:59:23,3500,1,bajada,1933413.000000,25.047449,0.017992,5.996,6.0,6.0
15:59:23,3508,1,bajada,1933598.000000,25.048944,0.017995,6.0,5.996,6.0
15:59:23,3516,1,bajada,1933593.000000,25.047693,0.017995,6.0,5.996,6.0
15:59:24,3525,1,bajada,1933672.000000,25.047052,0.017997,5.997,6.0,6.0
15:59:24,3533,1,bajada,1933679.000000,25.047510,0.017995,6.0,5.996,6.0
15:59:24,3540,1,bajada,1933189.000000,25.045496,0.017992,5.995,6.0,6.0
15:59:25,3548,1,bajada,1933986.000000,25.046167,0.017999,6.0,5.998,6.0
15:59:25,3556,1,bajada,1935013.000000,25.047907,0.018010,6.002,6.0,6.0
15:59:26,3563,1,bajada,1935829.000000,25.048639,0.018017,6.003,6.0,6.0
15:59:26,3579,1,bajada,1936649.000000,25.046473,0.018025,6.003,6.0,6.0
15:59:27,3587,1,bajada,1936597.000000,25.046045,0.018024,6.0,6.003,6.0
15:59:27,3594,1,bajada,1936707.000000,25.045984,0.018025,6.002,6.0,6.0
15:59:27,3601,1,bajada,1936567.000000,25.049799,0.018022,6.0,6.002,6.0
15:59:28,3609,1,bajada,1936832.000000,25.047876,0.018025,6.0,6.002,6.0
15:59:28,3616,1,bajada,1936326.000000,25.050806,0.018021,6.002,6.0,6.0
15:59:29,3623,1,bajada,1936229.000000,25.048609,0.018020,6.0,6.002,6.0
15:59:29,3631,1,bajada,1936302.000000,25.050165,0.018020,6.001,6.0,6.0
15:59:29,3638,1,bajada,1936013.000000,25.049738,0.018018,6.0,6.001,6.0
15:59:30,3645,1,bajada,1935734.000000,25.046869,0.018016,6.0,6.0,6.0
15:59:30,3653,1,bajada,1935641.000000,25.049189,0.018014,5.999,6.0,6.0
15:59:31,3660,1,bajada,1935674.000000,25.049158,0.018014,6.0,5.999,6.0
15:59:31,3667,1,bajada,1935121.000000,25.049921,0.018009,5.998,6.0,6.0
15:59:31,3675,1,bajada,1934895.000000,25.047205,0.018007,6.0,5.998,6.0
15:59:32,3682,1,bajada,1934733.000000,25.047968,0.018006,5.998,6.0,6.0
15:59:32,3690,1,bajada,1934525.000000,25.046564,0.018004,5.998,6.0,6.0
15:59:32,3697,1,bajada,1934463.000000,25.045740,0.018003,6.0,5.997,6.0
15:59:33,3704,1,bajada,1934656.000000,25.050562,0.018005,5.997,6.0,6.0
15:59:33,3712,1,bajada,1934698.000000,25.048822,0.018006,6.0,5.996,6.0
15:59:34,3719,1,bajada,1934409.000000,25.048487,0.018003,5.996,6.0,6.0
15:59:34,3726,1,bajada,1934503.000000,25.047327,0.018004,6.0,5.999,6.0
15:59:34,3734,1,bajada,1934692.000000,25.047419,0.018008,6.0,6.002,6.0
15:59:35,3741,1,bajada,1935423.000000,25.045801,0.018012,6.002,6.0,6.0
15:59:35,3748,1,bajada,1935644.000000,25.047388,0.018016,6.0,6.002,6.0
15:59:36,3756,1,bajada,1935901.000000,25.047419,0.018017,6.002,6.0,6.0
15:59:36,3763,1,bajada,1936103.000000,25.048487,0.018019,6.0,6.001,6.0
15:59:36,3764,1,bajada,1478899.000000,25.043390,0.013764,4.998,5.0,5.0
16:00:07,3771,1,bajada,1478885.000000,25.044550,0.013763,4.988,5.0,5.0
16:00:07,3778,1,bajada,1478691.000000,25.044794,0.013763,5.0,4.989,5.0
16:00:07,3785,1,bajada,1478525.000000,25.045588,0.013756,5.0,4.989,5.0
16:00:08,3793,1,bajada,1478232.000000,25.044245,0.013757,4.988,5.0,5.0
16:00:08,3800,1,bajada,1478732.000000,25.044977,0.013762,5.0,4.988,5.0
16:00:09,3808,1,bajada,1478265.000000,25.044733,0.013757,4.988,5.0,5.0
16:00:09,3815,1,bajada,1478470.000000,25.045191,0.013760,5.0,4.987,5.0
16:00:09,3822,1,bajada,1478112.000000,25.045343,0.013756,4.986,5.0,5.0
16:00:10,3830,1,bajada,1477671.000000,25.045404,0.013751,4.986,5.0,5.0
16:00:10,3837,1,bajada,1477431.000000,25.045801,0.013749,5.0,4.985,5.0
16:00:11,3844,1,bajada,1477878.000000,25.045771,0.013753,4.986,5.0,5.0
16:00:11,3852,1,bajada,1477692.000000,25.046747,0.013750,5.0,4.985,5.0
16:00:11,3859,1,bajada,1477399.000000,25.045740,0.013750,4.984,5.0,5.0
16:00:12,3866,1,bajada,1477289.000000,25.045099,0.013746,5.0,4.983,5.0
16:00:12,3874,1,bajada,1479058.000000,25.044764,0.013766,5.0,4.991,5.0
16:00:12,3881,1,bajada,1481271.000000,25.045588,0.013787,5.003,5.0,5.0
16:00:13,3888,1,bajada,1482846.000000,25.046289,0.013800,5.0,5.003,5.0
16:00:13,3896,1,bajada,1483668.000000,25.043665,0.013808,5.003,5.0,5.0
16:00:14,3903,1,bajada,1483873.000000,25.044947,0.013809,5.0,5.002,5.0
16:00:14,3912,1,bajada,1483989.000000,25.045649,0.013810,5.0,5.001,5.0
16:00:14,3919,1,bajada,1483811.000000,25.046289,0.013808,5.0,5.0,5.0
16:00:15,3926,1,bajada,1483802.000000,25.044703,0.013810,5.0,5.0,5.0
16:00:15,3934,1,bajada,1483655.000000,25.043390,0.013807,4.999,5.0,5.0
16:00:16,3941,1,bajada,1483395.000000,25.045252,0.013805,5.0,4.999,5.0
16:00:16,3948,1,bajada,1483453.000000,25.045008,0.013805,4.998,5.0,5.0
16:00:17,3964,1,bajada,1482620.000000,25.046717,0.013796,5.0,4.997,5.0
16:00:17,3971,1,bajada,1482626.000000,25.043451,0.013799,4.997,5.0,5.0
16:00:17,3979,1,bajada,1482585.000000,25.045893,0.013798,5.0,4.998,5.0
16:00:18,3986,1,bajada,1482328.000000,25.044214,0.013796,4.999,5.0,5.0
16:00:18,3993,1,bajada,1482871.000000,25.043177,0.013801,5.0,5.0,5.0
16:00:19,4002,1,bajada,1483213.000000,25.046045,0.013803,5.0,5.001,5.0
16:00:19,4009,1,bajada,1483693.000000,25.042780,0.013808,5.001,5.0,5.0
16:00:19,4016,1,bajada,1483418.000000,25.043146,0.013805,5.0,5.0,5.0
16:00:20,4024,1,bajada,1483521.000000,25.044550,0.013806,5.0,5.0,5.0
16:00:20,4031,1,bajada,1483659.000000,25.045740,0.013808,5.0,5.001,5.0
16:00:20,4038,1,bajada,1483641.000000,25.042475,0.013807,5.0,5.001,5.0
16:00:21,4046,1,bajada,1483658.000000,25.045343,0.013808,5.0,5.0,5.0
16:00:21,4053,1,bajada,1483743.000000,25.045649,0.013808,5.0,5.0,5.0
16:00:22,4060,1,bajada,1483311.000000,25.045343,0.013804,4.999,5.0,5.0
16:00:22,4068,1,bajada,1483348.000000,25.044916,0.013805,5.0,4.999,5.0
16:00:22,4075,1,bajada,1483762.000000,25.045710,0.013810,5.0,5.0,5.0
16:00:23,4082,1,bajada,1484007.000000,25.047052,0.013812,5.0,5.0,5.0
16:00:23,4090,1,bajada,1484286.000000,25.047297,0.013813,5.0,5.001,5.0
16:00:24,4097,1,bajada,1484499.000000,25.045527,0.013816,5.001,5.0,5.0
16:00:24,4105,1,bajada,1484437.000000,25.046717,0.013815,5.0,5.0,5.0
16:00:24,4112,1,bajada,1484128.000000,25.045557,0.013811,4.999,5.0,5.0
16:00:25,4120,1,bajada,1483883.000000,25.047632,0.013810,5.0,5.0,5.0
16:00:25,4127,1,bajada,1484045.000000,25.046564,0.013811,5.0,4.999,5.0
16:00:26,4134,1,bajada,1483808.000000,25.048029,0.013809,4.999,5.0,5.0
16:00:26,4141,1,bajada,1483948.000000,25.047388,0.013810,5.0,4.999,5.0
16:00:26,4149,1,bajada,1483863.000000,25.045374,0.013809,5.0,5.0,5.0
16:00:26,4150,1,bajada,1032820.000000,25.041285,0.009611,4.0,4.001,4.0
16:01:17,4157,1,bajada,1033027.000000,25.042383,0.009614,4.001,4.0,4.0
16:01:18,4164,1,bajada,1032970.000000,25.039698,0.009613,4.001,4.0,4.0
16:01:19,4180,1,bajada,1032990.000000,25.039972,0.009617,4.001,4.0,4.0
16:01:19,4189,1,bajada,1033410.000000,25.041498,0.009617,4.0,4.002,4.0
16:01:19,4196,1,bajada,1033701.000000,25.041224,0.009620,4.002,4.0,4.0
16:01:20,4203,1,bajada,1033154.000000,25.039026,0.009615,4.0,4.003,4.0
16:01:20,4212,1,bajada,1033742.000000,25.043024,0.009619,4.0,4.003,4.0
16:01:21,4219,1,bajada,1033943.000000,25.040796,0.009622,4.003,4.0,4.0
16:01:21,4227,1,bajada,1034277.000000,25.040125,0.009625,4.0,4.005,4.0
16:01:21,4234,1,bajada,1034732.000000,25.041254,0.009629,4.005,4.0,4.0
16:01:22,4242,1,bajada,1034989.000000,25.038660,0.009632,4.0,4.005,4.0
16:01:22,4249,1,bajada,1034775.000000,25.038324,0.009629,4.0,4.005,4.0
16:01:22,4257,1,bajada,1034971.000000,25.037104,0.009630,4.005,4.0,4.0
16:01:23,4264,1,bajada,1034996.000000,25.040522,0.009631,4.0,4.005,4.0
16:01:23,4273,1,bajada,1034925.000000,25.036676,0.009632,4.005,4.0,4.0
16:01:24,4280,1,bajada,1034838.000000,25.037500,0.009631,4.0,4.004,4.0
16:01:24,4288,1,bajada,1034516.000000,25.038355,0.009627,4.004,4.0,4.0
16:01:24,4295,1,bajada,1034308.000000,25.038446,0.009624,4.003,4.0,4.0
16:01:25,4303,1,bajada,1034108.000000,25.041681,0.009623,4.0,4.003,4.0
16:01:25,4310,1,bajada,1033830.000000,25.039759,0.009620,4.002,4.0,4.0
16:01:26,4318,1,bajada,1033978.000000,25.039057,0.009621,4.0,4.003,4.0
16:01:26,4325,1,bajada,1034126.000000,25.037470,0.009623,4.004,4.0,4.0
16:01:26,4332,1,bajada,1034330.000000,25.039728,0.009625,4.0,4.004,4.0
16:01:27,4340,1,bajada,1034447.000000,25.038782,0.009626,4.0,4.004,4.0
16:01:27,4347,1,bajada,1034313.000000,25.038202,0.009625,4.003,4.0,4.0
16:01:28,4355,1,bajada,1034286.000000,25.037867,0.009625,4.0,4.003,4.0
16:01:28,4362,1,bajada,1034134.000000,25.037836,0.009623,4.003,4.0,4.0
16:01:28,4370,1,bajada,1034053.000000,25.037348,0.009624,4.0,4.002,4.0
16:01:29,4377,1,bajada,1033707.000000,25.037348,0.009619,4.0,4.001,4.0
16:01:29,4385,1,bajada,1033124.000000,25.037836,0.009613,4.0,4.0,4.0
16:01:29,4392,1,bajada,1032905.000000,25.036921,0.009611,4.0,3.999,4.0
16:01:30,4400,1,bajada,1032738.000000,25.037012,0.009611,3.999,4.0,4.0
16:01:30,4407,1,bajada,1032234.000000,25.037012,0.009608,4.0,3.998,4.0
16:01:31,4415,1,bajada,1031973.000000,25.035761,0.009604,3.998,4.0,4.0
16:01:31,4422,1,bajada,1031855.000000,25.037592,0.009603,3.996,4.0,4.0
16:01:31,4430,1,bajada,1031667.000000,25.038141,0.009601,4.0,3.997,4.0
16:01:32,4437,1,bajada,1031652.000000,25.036890,0.009600,3.996,4.0,4.0
16:01:32,4445,1,bajada,1031205.000000,25.037134,0.009596,4.0,3.996,4.0
16:01:33,4452,1,bajada,1031038.000000,25.037348,0.009596,3.996,4.0,4.0
16:01:33,4459,1,bajada,1030925.000000,25.036707,0.009594,4.0,3.995,4.0
16:01:33,4467,1,bajada,1030957.000000,25.039118,0.009595,4.0,3.996,4.0
16:01:34,4474,1,bajada,1030880.000000,25.037592,0.009594,3.995,4.0,4.0
16:01:34,4482,1,bajada,1030938.000000,25.035425,0.009595,4.0,3.994,4.0
16:01:35,4489,1,bajada,1030857.000000,25.037378,0.009593,3.995,4.0,4.0
16:01:35,4497,1,bajada,1030718.000000,25.035456,0.009593,4.0,3.994,4.0
16:01:35,4504,1,bajada,1030639.000000,25.035425,0.009591,4.0,3.994,4.0
16:01:36,4512,1,bajada,1030489.000000,25.037714,0.009590,3.994,4.0,4.0
16:01:36,4520,1,bajada,1030240.000000,25.036493,0.009588,4.0,3.993,4.0
16:01:37,4528,1,bajada,1029905.000000,25.036432,0.009584,3.993,4.0,4.0
16:01:37,4535,1,bajada,1029571.000000,25.037775,0.009581,4.0,3.992,4.0
16:01:37,4538,1,bajada,578208.000000,25.031092,0.005380,2.998,3.0,3.0
16:02:28,4545,1,bajada,577936.000000,25.033899,0.005377,3.0,3.0,3.0
16:02:28,4552,1,bajada,577471.000000,25.033655,0.005373,3.0,2.999,3.0
16:02:29,4560,1,bajada,577473.000000,25.033136,0.005374,2.999,3.0,3.0
16:02:29,4567,1,bajada,577740.000000,25.032160,0.005375,3.0,3.0,3.0
16:02:29,4575,1,bajada,577687.000000,25.032770,0.005376,3.0,3.0,3.0
16:02:30,4583,1,bajada,577744.000000,25.032831,0.005376,3.0,3.0,3.0
16:02:30,4585,1,bajada,577882.000000,25.032984,0.005376,3.0,3.0,3.0
16:02:31,4589,1,bajada,577813.000000,25.033319,0.005379,3.0,3.0,3.0
16:02:31,4599,1,bajada,578191.000000,25.032251,0.005378,3.0,3.0,3.0
16:02:31,4607,1,bajada,577758.000000,25.033319,0.005375,3.0,3.0,3.0
16:02:32,4616,1,bajada,577603.000000,25.032099,0.005376,3.0,3.0,3.0
16:02:32,4624,1,bajada,577114.000000,25.032404,0.005369,3.0,3.0,3.0
16:02:33,4632,1,bajada,577088.000000,25.033533,0.005371,3.0,2.999,3.0
16:02:33,4642,1,bajada,576848.000000,25.033533,0.005369,3.0,2.999,3.0
16:02:33,4650,1,bajada,576750.000000,25.031122,0.005367,2.998,3.0,3.0
16:02:34,4657,1,bajada,576717.000000,25.033930,0.005367,3.0,2.998,3.0
16:02:34,4664,1,bajada,576116.000000,25.031153,0.005360,2.997,3.0,3.0
16:02:34,4672,1,bajada,575988.000000,25.032831,0.005360,3.0,2.997,3.0
16:02:35,4679,1,bajada,575618.000000,25.033258,0.005357,3.0,2.996,3.0
16:02:35,4687,1,bajada,575749.000000,25.033075,0.005357,2.996,3.0,3.0
16:02:36,4694,1,bajada,575960.000000,25.032221,0.005360,3.0,2.997,3.0
16:02:36,4701,1,bajada,576047.000000,25.029810,0.005361,2.997,3.0,3.0
16:02:36,4709,1,bajada,576110.000000,25.031855,0.005361,3.0,2.998,3.0
16:02:37,4716,1,bajada,575976.000000,25.032160,0.005359,2.998,3.0,3.0
16:02:37,4723,1,bajada,576263.000000,25.029474,0.005364,2.998,3.0,3.0
16:02:38,4731,1,bajada,576261.000000,25.032770,0.005363,3.0,2.998,3.0
16:02:38,4738,1,bajada,576300.000000,25.031214,0.005364,2.998,3.0,3.0
16:02:38,4745,1,bajada,576102.000000,25.031824,0.005361,3.0,2.998,3.0
16:02:39,4753,1,bajada,576422.000000,25.033045,0.005364,2.998,3.0,3.0
16:02:39,4760,1,bajada,576404.000000,25.031702,0.005364,3.0,2.997,3.0
16:02:39,4767,1,bajada,576048.000000,25.031733,0.005361,3.0,2.997,3.0
16:02:40,4776,1,bajada,576069.000000,25.033289,0.005359,2.997,3.0,3.0
16:02:40,4783,1,bajada,575889.000000,25.032099,0.005360,3.0,2.996,3.0
16:02:41,4790,1,bajada,575822.000000,25.033014,0.005359,2.995,3.0,3.0
16:02:41,4798,1,bajada,575908.000000,25.033869,0.005359,3.0,2.995,3.0
16:02:41,4805,1,bajada,576790.000000,25.031641,0.005368,3.0,3.001,3.0
16:02:42,4812,1,bajada,577730.000000,25.032404,0.005377,3.003,3.0,3.0
16:02:42,4820,1,bajada,578071.000000,25.032465,0.005378,3.0,3.003,3.0
16:02:42,4827,1,bajada,577937.000000,25.034418,0.005378,3.003,3.0,3.0
16:02:43,4834,1,bajada,578467.000000,25.034266,0.005383,3.0,3.002,3.0
16:02:43,4842,1,bajada,578699.000000,25.033045,0.005385,3.003,3.0,3.0
16:02:44,4849,1,bajada,578495.000000,25.034143,0.005384,3.002,3.0,3.0
16:02:44,4857,1,bajada,578565.000000,25.035395,0.005382,3.0,3.002,3.0
16:02:44,4864,1,bajada,578303.000000,25.034998,0.005382,3.001,3.0,3.0
16:02:45,4871,1,bajada,578165.000000,25.036737,0.005379,3.0,3.0,3.0
16:02:45,4879,1,bajada,577854.000000,25.035852,0.005378,3.0,3.0,3.0
16:02:46,4886,1,bajada,577583.000000,25.033411,0.005373,3.0,3.0,3.0
16:02:46,4901,1,bajada,577910.000000,25.035120,0.005379,3.0,3.0,3.0
16:02:47,4909,1,bajada,577714.000000,25.034235,0.005374,3.0,3.0,3.0
16:02:47,4917,1,bajada,577437.000000,25.034388,0.005375,2.999,3.0,3.0
16:02:47,4925,1,bajada,577485.000000,25.036676,0.005374,3.0,2.999,3.0
16:02:48,4926,1,bajada,121884.000000,25.040522,0.001133,2.0,2.0,2.0
16:03:19,4933,1,bajada,122316.000000,25.041132,0.001137,2.0,1.999,2.0
16:03:19,4940,1,bajada,121904.000000,25.040705,0.001133,1.999,2.0,2.0
16:03:19,4947,1,bajada,122263.000000,25.041559,0.001137,2.0,1.999,2.0
16:03:20,4955,1,bajada,122035.000000,25.038691,0.001133,2.0,1.999,2.0
16:03:20,4962,1,bajada,122177.000000,25.039789,0.001136,1.999,2.0,2.0
16:03:21,4970,1,bajada,122154.000000,25.040491,0.001134,2.0,1.999,2.0
16:03:21,4977,1,bajada,122117.000000,25.041559,0.001135,2.0,2.0,2.0
16:03:21,4984,1,bajada,122064.000000,25.040094,0.001135,2.0,1.999,2.0
16:03:22,4992,1,bajada,122102.000000,25.040247,0.001136,1.999,2.0,2.0
16:03:22,4999,1,bajada,122187.000000,25.038996,0.001137,1.999,2.0,2.0
16:03:22,5006,1,bajada,122118.000000,25.040339,0.001135,2.0,1.999,2.0
16:03:23,5014,1,bajada,122535.000000,25.041376,0.001137,2.0,2.0,2.0
16:03:23,5022,1,bajada,122415.000000,25.040216,0.001138,2.0,2.0,2.0
16:03:24,5027,1,bajada,122021.000000,25.041101,0.001134,2.0,2.0,2.0
16:03:24,5029,1,bajada,122045.000000,25.038385,0.001134,2.0,1.999,2.0
16:03:24,5038,1,bajada,122041.000000,25.041773,0.001137,2.0,1.998,2.0
16:03:25,5047,1,bajada,121917.000000,25.039209,0.001130,1.998,2.0,2.0
16:03:25,5056,1,bajada,121762.000000,25.040003,0.001130,2.0,1.998,2.0
16:03:25,5064,1,bajada,121338.000000,25.041040,0.001128,1.997,2.0,2.0
16:03:26,5073,1,bajada,121259.000000,25.040155,0.001127,2.0,1.997,2.0
16:03:26,5081,1,bajada,120965.000000,25.039301,0.001126,2.0,1.998,2.0
16:03:27,5088,1,bajada,120811.000000,25.038904,0.001123,1.997,2.0,2.0
16:03:27,5096,1,bajada,120845.000000,25.040522,0.001124,2.0,1.997,2.0
16:03:27,5103,1,bajada,120784.000000,25.041010,0.001121,1.996,2.0,2.0
16:03:28,5119,1,bajada,120469.000000,25.040033,0.001120,1.996,2.0,2.0
16:03:29,5126,1,bajada,120636.000000,25.039240,0.001121,1.996,2.0,2.0
16:03:29,5133,1,bajada,120366.000000,25.042139,0.001119,2.0,1.995,2.0
16:03:29,5141,1,bajada,120491.000000,25.040979,0.001120,1.995,2.0,2.0
16:03:30,5148,1,bajada,120256.000000,25.040186,0.001119,2.0,1.995,2.0
16:03:30,5155,1,bajada,120535.000000,25.040674,0.001120,1.995,2.0,2.0
16:03:31,5163,1,bajada,120275.000000,25.040277,0.001118,2.0,1.995,2.0
16:03:31,5171,1,bajada,120419.000000,25.041468,0.001120,2.0,1.996,2.0
16:03:31,5178,1,bajada,120436.000000,25.040644,0.001120,1.996,2.0,2.0
16:03:32,5186,1,bajada,120758.000000,25.041956,0.001123,2.0,1.996,2.0
16:03:32,5193,1,bajada,120681.000000,25.038294,0.001123,1.996,2.0,2.0
16:03:32,5200,1,bajada,120796.000000,25.040796,0.001124,2.0,1.997,2.0
16:03:33,5216,1,bajada,120833.000000,25.041681,0.001122,1.996,2.0,2.0
16:03:34,5224,1,bajada,120583.000000,25.039972,0.001122,2.0,1.996,2.0
16:03:34,5229,1,bajada,120213.000000,25.039972,0.001120,1.995,2.0,2.0
16:03:34,5238,1,bajada,120278.000000,25.040827,0.001118,2.0,1.996,2.0
16:03:35,5246,1,bajada,120283.000000,25.042078,0.001118,1.996,2.0,2.0
16:03:35,5253,1,bajada,120422.000000,25.041559,0.001119,1.996,2.0,2.0
16:03:35,5260,1,bajada,120392.000000,25.039515,0.001120,2.0,1.996,2.0
16:03:36,5267,1,bajada,120780.000000,25.040369,0.001124,1.996,2.0,2.0
16:03:36,5274,1,bajada,120496.000000,25.040705,0.001119,2.0,1.996,2.0
16:03:37,5282,1,bajada,120553.000000,25.041895,0.001123,1.996,2.0,2.0
16:03:37,5290,1,bajada,120593.000000,25.043024,0.001121,2.0,1.997,2.0
16:03:37,5297,1,bajada,120735.000000,25.042536,0.001122,2.0,1.997,2.0
16:03:38,5305,1,bajada,120923.000000,25.040583,0.001124,1.997,2.0,2.0
16:03:38,5312,1,bajada,121020.000000,25.042597,0.001125,2.0,1.998,2.0
16:03:38,5313,1,bajada,-330793.000000,25.048029,-0.003079,1.0,0.998,1.0
16:04:29,5320,1,bajada,-330709.000000,25.047998,-0.003079,1.0,1.006,1.0
16:04:30,5327,1,bajada,-330681.000000,25.048059,-0.003078,1.0,1.006,1.0
16:04:30,5335,1,bajada,-330480.000000,25.046778,-0.003078,1.006,1.0,1.0
16:04:30,5342,1,bajada,-330732.000000,25.047388,-0.003079,1.0,1.004,1.0
16:04:31,5350,1,bajada,-331169.000000,25.048975,-0.003083,1.004,1.0,1.0
16:04:31,5357,1,bajada,-331279.000000,25.047968,-0.003084,1.0,1.003,1.0
16:04:32,5364,1,bajada,-331466.000000,25.049555,-0.003087,1.002,1.0,1.0
16:04:32,5372,1,bajada,-331991.000000,25.048395,-0.003090,1.002,1.0,1.0
16:04:32,5379,1,bajada,-332116.000000,25.049067,-0.003092,1.0,1.001,1.0
16:04:33,5387,1,bajada,-332203.000000,25.050776,-0.003092,1.001,1.0,1.0
16:04:33,5395,1,bajada,-332130.000000,25.048670,-0.003091,1.0,1.001,1.0
16:04:34,5402,1,bajada,-331955.000000,25.048975,-0.003090,1.002,1.0,1.0
16:04:34,5409,1,bajada,-331594.000000,25.048975,-0.003086,1.0,1.004,1.0
16:04:34,5417,1,bajada,-331150.000000,25.047907,-0.003082,1.0,1.004,1.0
16:04:35,5433,1,bajada,-331111.000000,25.050043,-0.003083,1.0,1.005,1.0
16:04:36,5440,1,bajada,-330895.000000,25.050196,-0.003081,1.005,1.0,1.0
16:04:36,5448,1,bajada,-330803.000000,25.052240,-0.003079,1.0,1.005,1.0
16:04:36,5455,1,bajada,-330410.000000,25.049067,-0.003075,1.0,1.006,1.0
16:04:37,5463,1,bajada,-329990.000000,25.049891,-0.003071,1.008,1.0,1.0
16:04:37,5471,1,bajada,-329519.000000,25.049982,-0.003069,1.0,1.008,1.0
16:04:38,5479,1,bajada,-329558.000000,25.049494,-0.003067,1.008,1.0,1.0
16:04:38,5486,1,bajada,-329895.000000,25.051172,-0.003069,1.0,1.007,1.0
16:04:38,5493,1,bajada,-329971.000000,25.050745,-0.003071,1.007,1.0,1.0
16:04:39,5501,1,bajada,-330444.000000,25.051264,-0.003077,1.007,1.0,1.0
16:04:39,5508,1,bajada,-330605.000000,25.050959,-0.003078,1.0,1.006,1.0
16:04:39,5517,1,bajada,-330313.000000,25.050989,-0.003073,1.006,1.0,1.0
16:04:40,5524,1,bajada,-330268.000000,25.049921,-0.003075,1.0,1.007,1.0
16:04:40,5532,1,bajada,-330420.000000,25.048822,-0.003076,1.006,1.0,1.0
16:04:41,5539,1,bajada,-330462.000000,25.049494,-0.003076,1.0,1.006,1.0
16:04:41,5555,1,bajada,-330407.000000,25.050501,-0.003075,1.006,1.0,1.0
16:04:42,5563,1,bajada,-330334.000000,25.050989,-0.003076,1.0,1.006,1.0
16:04:42,5570,1,bajada,-330429.000000,25.050409,-0.003074,1.005,1.0,1.0
16:04:43,5577,1,bajada,-330743.000000,25.050104,-0.003080,1.0,1.005,1.0
16:04:43,5585,1,bajada,-331040.000000,25.051142,-0.003083,1.0,1.004,1.0
16:04:43,5593,1,bajada,-331290.000000,25.049799,-0.003085,1.003,1.0,1.0
16:04:44,5600,1,bajada,-331751.000000,25.050989,-0.003088,1.0,1.002,1.0
16:04:44,5607,1,bajada,-331918.000000,25.050470,-0.003088,1.001,1.0,1.0
16:04:45,5616,1,bajada,-331942.000000,25.049158,-0.003089,1.0,1.002,1.0
16:04:45,5624,1,bajada,-331754.000000,25.048548,-0.003086,1.002,1.0,1.0
16:04:45,5632,1,bajada,-331777.000000,25.050837,-0.003088,1.003,1.0,1.0
16:04:46,5639,1,bajada,-331566.000000,25.049433,-0.003085,1.0,1.003,1.0
16:04:46,5647,1,bajada,-331578.000000,25.050226,-0.003085,1.004,1.0,1.0
16:04:46,5654,1,bajada,-331129.000000,25.050501,-0.003083,1.0,1.005,1.0
16:04:47,5661,1,bajada,-330960.000000,25.051691,-0.003081,1.005,1.0,1.0
16:04:47,5669,1,bajada,-330759.000000,25.051538,-0.003078,1.0,1.005,1.0
16:04:48,5677,1,bajada,-330839.000000,25.051600,-0.003079,1.0,1.004,1.0
16:04:48,5685,1,bajada,-330886.000000,25.050226,-0.003080,1.004,1.0,1.0
16:04:48,5692,1,bajada,-331150.000000,25.051233,-0.003083,1.0,1.003,1.0
16:04:49,5700,1,bajada,-331436.000000,25.049463,-0.003084,1.002,1.0,1.0
16:04:49,5703,1,bajada,-787248.000000,25.047968,-0.007327,0.0,0.001,0.0
16:05:40,5710,1,bajada,-787210.000000,25.048639,-0.007328,0.0,0.0,0.0
16:05:40,5717,1,bajada,-787074.000000,25.047693,-0.007326,0.0,-0.0,0.0
16:05:41,5724,1,bajada,-786943.000000,25.049097,-0.007325,-0.0,0.0,0.0
16:05:41,5732,1,bajada,-787141.000000,25.046350,-0.007327,0.0,-0.0,0.0
16:05:42,5739,1,bajada,-787192.000000,25.047266,-0.007328,0.0,0.0,0.0
16:05:42,5746,1,bajada,-787202.000000,25.047754,-0.007327,0.0,0.0,0.0
16:05:42,5754,1,bajada,-787243.000000,25.048029,-0.007327,0.0,0.0,0.0
16:05:43,5762,1,bajada,-787224.000000,25.047113,-0.007327,0.0,0.0,0.0
16:05:43,5769,1,bajada,-787236.000000,25.044580,-0.007327,0.0,0.0,0.0
16:05:44,5777,1,bajada,-787231.000000,25.045984,-0.007327,0.0,0.0,0.0
16:05:44,5784,1,bajada,-787221.000000,25.046503,-0.007327,0.0,0.0,0.0
16:05:44,5791,1,bajada,-787250.000000,25.047266,-0.007328,0.0,0.0,0.0
16:05:45,5799,1,bajada,-787238.000000,25.045465,-0.007327,0.0,0.0,0.0
16:05:45,5807,1,bajada,-787313.000000,25.046961,-0.007329,0.0,-0.0,0.0
16:05:45,5815,1,bajada,-787515.000000,25.046045,-0.007330,-0.0,0.0,0.0
16:05:46,5822,1,bajada,-787752.000000,25.046167,-0.007332,-0.0,0.0,0.0
16:05:46,5829,1,bajada,-787686.000000,25.045588,-0.007331,0.0,0.0,0.0
16:05:47,5836,1,bajada,-787475.000000,25.049341,-0.007330,-0.0,0.0,0.0
16:05:47,5844,1,bajada,-787594.000000,25.046747,-0.007330,0.0,-0.0,0.0
16:05:47,5851,1,bajada,-787465.000000,25.047327,-0.007330,0.0,0.0,0.0
16:05:48,5859,1,bajada,-787369.000000,25.049402,-0.007331,0.0,0.0,0.0
16:05:48,5866,1,bajada,-787279.000000,25.047266,-0.007326,0.0,0.0,0.0
16:05:49,5873,1,bajada,-787098.000000,25.047022,-0.007326,0.0,0.0,0.0
16:05:49,5880,1,bajada,-787172.000000,25.048334,-0.007328,0.0,0.0,0.0
16:05:49,5888,1,bajada,-787254.000000,25.048304,-0.007326,0.0,0.0,0.0
16:05:50,5895,1,bajada,-787371.000000,25.049402,-0.007328,0.0,-0.0,0.0
16:05:50,5903,1,bajada,-787030.000000,25.049494,-0.007327,0.0,-0.0,0.0
16:05:50,5911,1,bajada,-787379.000000,25.045221,-0.007330,0.0,0.0,0.0
16:05:51,5919,1,bajada,-787743.000000,25.047297,-0.007332,0.0,-0.0,0.0
16:05:51,5927,1,bajada,-787634.000000,25.046747,-0.007330,0.0,0.0,0.0
16:05:52,5935,1,bajada,-787640.000000,25.047144,-0.007331,0.0,0.0,0.0
16:05:52,5942,1,bajada,-787381.000000,25.048273,-0.007329,0.0,0.0,0.0
16:05:52,5949,1,bajada,-787068.000000,25.048517,-0.007325,-0.0,0.0,0.0
16:05:53,5957,1,bajada,-787001.000000,25.045679,-0.007325,0.0,0.001,0.0
16:05:54,5981,1,bajada,-787021.000000,25.048975,-0.007325,0.0,0.0,0.0
16:05:54,5988,1,bajada,-787088.000000,25.047968,-0.007326,0.0,0.001,0.0
16:05:55,5995,1,bajada,-787093.000000,25.047724,-0.007326,0.0,0.0,0.0
16:05:55,6003,1,bajada,-787232.000000,25.049921,-0.007326,0.0,0.0,0.0
16:05:55,6010,1,bajada,-786918.000000,25.050684,-0.007324,0.0,0.0,0.0
16:05:56,6018,1,bajada,-786992.000000,25.051081,-0.007326,-0.0,0.0,0.0
16:05:56,6025,1,bajada,-786906.000000,25.050165,-0.007324,0.0,0.0,0.0
16:05:57,6032,1,bajada,-786812.000000,25.049097,-0.007324,0.0,0.0,0.0
16:05:57,6039,1,bajada,-786947.000000,25.050959,-0.007325,0.0,0.0,0.0
16:05:57,6047,1,bajada,-786991.000000,25.050928,-0.007326,0.0,0.0,0.0
16:05:58,6054,1,bajada,-786768.000000,25.051600,-0.007324,0.0,0.0,0.0
16:05:58,6061,1,bajada,-786917.000000,25.049067,-0.007324,0.0,0.0,0.0
16:05:58,6069,1,bajada,-787181.000000,25.048822,-0.007326,0.0,0.0,0.0
16:05:59,6084,1,bajada,-786885.000000,25.049219,-0.007324,0.0,0.0,0.0
16:06:00,6092,1,bajada,-787279.000000,25.047480,-0.007329,0.0,0.0,0.0
